{
  "cancer": "brca",
  "track": "2B_numeric_smiles",
  "model": "GAT",
  "eval_mode": "cv",
  "core_mean": {
    "spearman": 0.7663719458614683,
    "pearson": 0.8379167433067859,
    "kendall_tau": 0.5839800141353128,
    "rmse": 1.4346059657165364,
    "mae": 1.0547070272756291,
    "r2": 0.7011956141007936
  },
  "overfit": {
    "train_spearman": 0.798934280872345,
    "test_spearman": 0.7663719654083252,
    "spearman_gap": 0.03256239369511604,
    "train_rmse": 1.3421169519424438,
    "test_rmse": 1.4346059560775757,
    "rmse_gap": -0.09248888492584229,
    "fold_mean": 0.7663719654083252,
    "fold_std": 0.007802876178175211,
    "fold_min": 0.7553568482398987,
    "fold_max": 0.7724522352218628
  },
  "ranking_mean": {
    "precision_at_5": 1.0,
    "precision_at_10": 1.0,
    "precision_at_30": 1.0,
    "ndcg_at_5": 0.7248932367296055,
    "ndcg_at_10": 0.7907703305491628,
    "ndcg_at_30": 0.8804049158328532,
    "hit_rate_at_10": 1.0,
    "hit_rate_at_30": 1.0
  },
  "split_leakage_mean": {
    "train_rows": 5153.333333333333,
    "test_rows": 2576.6666666666665,
    "train_unique_drugs": 291.6666666666667,
    "test_unique_drugs": 288.3333333333333,
    "train_unique_scaffolds": 216.66666666666666,
    "test_unique_scaffolds": 213.33333333333334,
    "train_test_drug_overlap_count": 285.0,
    "train_test_drug_overlap_rate": 0.9884894243785997,
    "train_test_scaffold_overlap_count": 210.0,
    "train_test_scaffold_overlap_rate": 0.9844661262290259
  },
  "label_drift_mean": {
    "train_label_mean": 3.126741568247477,
    "test_label_mean": 3.126737912495931,
    "train_label_std": 2.625060240427653,
    "test_label_std": 2.6244657834370932,
    "label_mean_diff": 3.6557515462239585e-06,
    "label_ks_statistic": 0.02649029456841759,
    "label_ks_pvalue": 0.2171403552506631
  },
  "imputation_summary": {
    "nan_imputation_applied": true,
    "nan_imputation_value": 0.0,
    "nan_before_count": 12276,
    "nan_after_count": 0,
    "inf_before_count": 0,
    "inf_after_count": 0,
    "imputation_scope": "model_input_only",
    "original_input_modified": false
  },
  "folds": [
    {
      "split_id": "cv_fold1",
      "train": {
        "spearman": 0.7981261970126446,
        "pearson": 0.859971034949527,
        "kendall_tau": 0.616657876957512,
        "rmse": 1.3373830196461522,
        "mae": 0.9720354369198277,
        "r2": 0.7395473096725875
      },
      "test": {
        "spearman": 0.7713067639432636,
        "pearson": 0.8354045488053223,
        "kendall_tau": 0.5872444406570658,
        "rmse": 1.4510352065003564,
        "mae": 1.0649949486665207,
        "r2": 0.6965503671369069
      },
      "ranking": {
        "precision_at_5": 1.0,
        "precision_at_10": 1.0,
        "precision_at_30": 1.0,
        "ndcg_at_5": 0.7889742270641602,
        "ndcg_at_10": 0.7819817965009329,
        "ndcg_at_30": 0.8610712705813549,
        "hit_rate_at_10": 1.0,
        "hit_rate_at_30": 1.0
      },
      "split": {
        "train_rows": 5153,
        "test_rows": 2577,
        "train_unique_drugs": 294,
        "test_unique_drugs": 286,
        "train_unique_scaffolds": 219,
        "test_unique_scaffolds": 211,
        "train_test_drug_overlap_count": 285,
        "train_test_drug_overlap_rate": 0.9965034965034965,
        "train_test_scaffold_overlap_count": 210,
        "train_test_scaffold_overlap_rate": 0.995260663507109,
        "drug_overlap_rule_ok": true,
        "scaffold_overlap_rule_ok": true
      },
      "drift": {
        "train_label_mean": 3.1484804153442383,
        "test_label_mean": 3.0832760334014893,
        "train_label_std": 2.6205434799194336,
        "test_label_std": 2.6341145038604736,
        "label_mean_diff": 0.06520438194274902,
        "label_ks_statistic": 0.028447699841580278,
        "label_ks_pvalue": 0.12048829067256756
      }
    },
    {
      "split_id": "cv_fold2",
      "train": {
        "spearman": 0.7957658598384911,
        "pearson": 0.8592154158194487,
        "kendall_tau": 0.6144812782384931,
        "rmse": 1.353026601914956,
        "mae": 0.9838802620866648,
        "r2": 0.738247814028518
      },
      "test": {
        "spearman": 0.7724522069008602,
        "pearson": 0.8390906091582286,
        "kendall_tau": 0.5896752059395324,
        "rmse": 1.4076255803717264,
        "mae": 1.0394675776628834,
        "r2": 0.7033024069469669
      },
      "ranking": {
        "precision_at_5": 1.0,
        "precision_at_10": 1.0,
        "precision_at_30": 1.0,
        "ndcg_at_5": 0.7914317752767938,
        "ndcg_at_10": 0.8647185258436217,
        "ndcg_at_30": 0.9260603192580296,
        "hit_rate_at_10": 1.0,
        "hit_rate_at_30": 1.0
      },
      "split": {
        "train_rows": 5153,
        "test_rows": 2577,
        "train_unique_drugs": 289,
        "test_unique_drugs": 291,
        "train_unique_scaffolds": 214,
        "test_unique_scaffolds": 216,
        "train_test_drug_overlap_count": 285,
        "train_test_drug_overlap_rate": 0.979381443298969,
        "train_test_scaffold_overlap_count": 210,
        "train_test_scaffold_overlap_rate": 0.9722222222222222,
        "drug_overlap_rule_ok": true,
        "scaffold_overlap_rule_ok": true
      },
      "drift": {
        "train_label_mean": 3.086256504058838,
        "test_label_mean": 3.2076992988586426,
        "train_label_std": 2.6446073055267334,
        "test_label_std": 2.584223747253418,
        "label_mean_diff": -0.12144279479980469,
        "label_ks_statistic": 0.030380560513780828,
        "label_ks_pvalue": 0.08145073769473357
      }
    },
    {
      "split_id": "cv_fold3",
      "train": {
        "spearman": 0.8029109495730845,
        "pearson": 0.8590771160221622,
        "kendall_tau": 0.6217572713889528,
        "rmse": 1.3359415294801011,
        "mae": 0.9688620835337274,
        "r2": 0.7380104808701093
      },
      "test": {
        "spearman": 0.7553568667402815,
        "pearson": 0.8392550719568067,
        "kendall_tau": 0.5750203958093398,
        "rmse": 1.4451571102775265,
        "mae": 1.0596585554974831,
        "r2": 0.7037340682185069
      },
      "ranking": {
        "precision_at_5": 1.0,
        "precision_at_10": 1.0,
        "precision_at_30": 1.0,
        "ndcg_at_5": 0.5942737078478622,
        "ndcg_at_10": 0.7256106693029335,
        "ndcg_at_30": 0.8540831576591751,
        "hit_rate_at_10": 1.0,
        "hit_rate_at_30": 1.0
      },
      "split": {
        "train_rows": 5154,
        "test_rows": 2576,
        "train_unique_drugs": 292,
        "test_unique_drugs": 288,
        "train_unique_scaffolds": 217,
        "test_unique_scaffolds": 213,
        "train_test_drug_overlap_count": 285,
        "train_test_drug_overlap_rate": 0.9895833333333334,
        "train_test_scaffold_overlap_count": 210,
        "train_test_scaffold_overlap_rate": 0.9859154929577465,
        "drug_overlap_rule_ok": true,
        "scaffold_overlap_rule_ok": true
      },
      "drift": {
        "train_label_mean": 3.1454877853393555,
        "test_label_mean": 3.089238405227661,
        "train_label_std": 2.610029935836792,
        "test_label_std": 2.6550590991973877,
        "label_mean_diff": 0.056249380111694336,
        "label_ks_statistic": 0.02064262334989166,
        "label_ks_pvalue": 0.44948203738468817
      }
    }
  ]
}