{
  "cancer": "brca",
  "track": "2A_numeric",
  "model": "CrossAttention",
  "eval_mode": "groupcv",
  "core_mean": {
    "spearman": 0.26147262721988845,
    "pearson": 0.2370185653368632,
    "kendall_tau": 0.17993195472007031,
    "rmse": 2.558067415489324,
    "mae": 1.9413416385650635,
    "r2": 0.04677740732828776
  },
  "overfit": {
    "train_spearman": 0.2637626826763153,
    "test_spearman": 0.2614726126194,
    "spearman_gap": 0.002290060045197606,
    "train_rmse": 2.5515756607055664,
    "test_rmse": 2.558067560195923,
    "rmse_gap": -0.006491740699857473,
    "fold_mean": 0.2614726126194,
    "fold_std": 0.020470870658755302,
    "fold_min": 0.24280118942260742,
    "fold_max": 0.28996866941452026
  },
  "ranking_mean": {
    "precision_at_5": 0.5333333333333333,
    "precision_at_10": 0.43333333333333335,
    "precision_at_30": 0.45555555555555555,
    "ndcg_at_5": 0.021203526613850415,
    "ndcg_at_10": 0.03125513796334089,
    "ndcg_at_30": 0.05583080544119492,
    "hit_rate_at_10": 1.0,
    "hit_rate_at_30": 1.0
  },
  "split_leakage_mean": {
    "train_rows": 5153.333333333333,
    "test_rows": 2576.6666666666665,
    "train_unique_drugs": 196.66666666666666,
    "test_unique_drugs": 98.33333333333333,
    "train_unique_scaffolds": 151.66666666666666,
    "test_unique_scaffolds": 79.33333333333333,
    "train_test_drug_overlap_count": 0.0,
    "train_test_drug_overlap_rate": 0.0,
    "train_test_scaffold_overlap_count": 11.0,
    "train_test_scaffold_overlap_rate": 0.13833615608336078
  },
  "label_drift_mean": {
    "train_label_mean": 3.1267468134562173,
    "test_label_mean": 3.126758575439453,
    "train_label_std": 2.623774607976278,
    "test_label_std": 2.61930243174235,
    "label_mean_diff": -1.1761983235677084e-05,
    "label_ks_statistic": 0.057240233151776086,
    "label_ks_pvalue": 0.0004423519704285981
  },
  "imputation_summary": {
    "nan_imputation_applied": false,
    "nan_imputation_value": 0.0,
    "nan_before_count": 0,
    "nan_after_count": 0,
    "inf_before_count": 0,
    "inf_after_count": 0,
    "imputation_scope": "model_input_only",
    "original_input_modified": false
  },
  "folds": [
    {
      "split_id": "groupcv_fold1",
      "train": {
        "spearman": 0.27325233149662975,
        "pearson": 0.2481527328491211,
        "kendall_tau": 0.18842327766555975,
        "rmse": 2.465279759748017,
        "mae": 1.8428488969802856,
        "r2": 0.061492204666137695
      },
      "test": {
        "spearman": 0.24280118575187543,
        "pearson": 0.21817192435264587,
        "kendall_tau": 0.1665084415314741,
        "rmse": 2.7159749919431055,
        "mae": 2.015169382095337,
        "r2": 0.04208266735076904
      },
      "ranking": {
        "precision_at_5": 0.6,
        "precision_at_10": 0.4,
        "precision_at_30": 0.5,
        "ndcg_at_5": 0.014194981708515117,
        "ndcg_at_10": 0.013871911560620565,
        "ndcg_at_30": 0.019273599926041492,
        "hit_rate_at_10": 1.0,
        "hit_rate_at_30": 1.0
      },
      "split": {
        "train_rows": 5153,
        "test_rows": 2577,
        "train_unique_drugs": 197,
        "test_unique_drugs": 98,
        "train_unique_scaffolds": 155,
        "test_unique_scaffolds": 79,
        "train_test_drug_overlap_count": 0,
        "train_test_drug_overlap_rate": 0.0,
        "train_test_scaffold_overlap_count": 14,
        "train_test_scaffold_overlap_rate": 0.17721518987341772,
        "drug_overlap_rule_ok": true,
        "scaffold_overlap_rule_ok": true
      },
      "drift": {
        "train_label_mean": 3.189368486404419,
        "test_label_mean": 3.001516103744507,
        "train_label_std": 2.54476261138916,
        "test_label_std": 2.7749922275543213,
        "label_mean_diff": 0.1878523826599121,
        "label_ks_statistic": 0.04672609910129923,
        "label_ks_pvalue": 0.001045070763142173
      }
    },
    {
      "split_id": "groupcv_fold2",
      "train": {
        "spearman": 0.2469800429130783,
        "pearson": 0.22421549260616302,
        "kendall_tau": 0.16950540579321718,
        "rmse": 2.6559502825220127,
        "mae": 2.048631429672241,
        "r2": 0.046336829662323
      },
      "test": {
        "spearman": 0.2899686572748823,
        "pearson": 0.2671281695365906,
        "kendall_tau": 0.20003037265333273,
        "rmse": 2.345021729358457,
        "mae": 1.7411935329437256,
        "r2": 0.0651620626449585
      },
      "ranking": {
        "precision_at_5": 0.6,
        "precision_at_10": 0.5,
        "precision_at_30": 0.5,
        "ndcg_at_5": 0.03974985754696383,
        "ndcg_at_10": 0.06518643141177342,
        "ndcg_at_30": 0.12301154661894907,
        "hit_rate_at_10": 1.0,
        "hit_rate_at_30": 1.0
      },
      "split": {
        "train_rows": 5153,
        "test_rows": 2577,
        "train_unique_drugs": 196,
        "test_unique_drugs": 99,
        "train_unique_scaffolds": 152,
        "test_unique_scaffolds": 76,
        "train_test_drug_overlap_count": 0,
        "train_test_drug_overlap_rate": 0.0,
        "train_test_scaffold_overlap_count": 8,
        "train_test_scaffold_overlap_rate": 0.10526315789473684,
        "drug_overlap_rule_ok": true,
        "scaffold_overlap_rule_ok": true
      },
      "drift": {
        "train_label_mean": 3.124788284301758,
        "test_label_mean": 3.1306509971618652,
        "train_label_std": 2.7197089195251465,
        "test_label_std": 2.4253740310668945,
        "label_mean_diff": -0.005862712860107422,
        "label_ks_statistic": 0.050713815002483946,
        "label_ks_pvalue": 0.00028197411329578263
      }
    },
    {
      "split_id": "groupcv_fold3",
      "train": {
        "spearman": 0.27105568569622035,
        "pearson": 0.2449335753917694,
        "kendall_tau": 0.18669213788464534,
        "rmse": 2.533496942590947,
        "mae": 1.9068607091903687,
        "r2": 0.05548703670501709
      },
      "test": {
        "spearman": 0.2516480386329075,
        "pearson": 0.22575560212135315,
        "kendall_tau": 0.1732570499754041,
        "rmse": 2.61320552516641,
        "mae": 2.067662000656128,
        "r2": 0.03308749198913574
      },
      "ranking": {
        "precision_at_5": 0.4,
        "precision_at_10": 0.4,
        "precision_at_30": 0.36666666666666664,
        "ndcg_at_5": 0.009665740586072294,
        "ndcg_at_10": 0.014707070917628677,
        "ndcg_at_30": 0.02520726977859418,
        "hit_rate_at_10": 1.0,
        "hit_rate_at_30": 1.0
      },
      "split": {
        "train_rows": 5154,
        "test_rows": 2576,
        "train_unique_drugs": 197,
        "test_unique_drugs": 98,
        "train_unique_scaffolds": 148,
        "test_unique_scaffolds": 83,
        "train_test_drug_overlap_count": 0,
        "train_test_drug_overlap_rate": 0.0,
        "train_test_scaffold_overlap_count": 11,
        "train_test_scaffold_overlap_rate": 0.13253012048192772,
        "drug_overlap_rule_ok": true,
        "scaffold_overlap_rule_ok": true
      },
      "drift": {
        "train_label_mean": 3.0660836696624756,
        "test_label_mean": 3.2481086254119873,
        "train_label_std": 2.6068522930145264,
        "test_label_std": 2.657541036605835,
        "label_mean_diff": -0.18202495574951172,
        "label_ks_statistic": 0.07428078535154509,
        "label_ks_pvalue": 1.1034847838719117e-08
      }
    }
  ]
}