{
  "LightGBM": {
    "model": "LightGBM",
    "eval_mode": "groupcv",
    "fold_results": [
      {
        "fold": 1,
        "train": {
          "spearman": 0.8440699258121889,
          "pearson": 0.8922208579585459,
          "r2": 0.7945782172995806,
          "rmse": 1.237415734653476,
          "mae": 0.9110166475793963,
          "kendall_tau": 0.6661625154159632
        },
        "val": {
          "spearman": 0.39485742042524685,
          "pearson": 0.4140534151682146,
          "r2": 0.11236786083556283,
          "rmse": 2.642125549233165,
          "mae": 1.9342382886136678,
          "kendall_tau": 0.27498403952114114
        }
      },
      {
        "fold": 2,
        "train": {
          "spearman": 0.85862126479215,
          "pearson": 0.9100337379390069,
          "r2": 0.826919203018069,
          "rmse": 1.1776217666770061,
          "mae": 0.8840285638212229,
          "kendall_tau": 0.6847809544296283
        },
        "val": {
          "spearman": 0.46550860462397303,
          "pearson": 0.42847045972575765,
          "r2": 0.09377911377862735,
          "rmse": 2.4689672728476,
          "mae": 1.8215679836149965,
          "kendall_tau": 0.3229704641641505
        }
      },
      {
        "fold": 3,
        "train": {
          "spearman": 0.8322819563998065,
          "pearson": 0.8845247459805253,
          "r2": 0.7812075238397,
          "rmse": 1.2678523514358542,
          "mae": 0.9385833916371537,
          "kendall_tau": 0.6529838208884972
        },
        "val": {
          "spearman": 0.4778365377434877,
          "pearson": 0.5425143921044158,
          "r2": 0.29240559981278313,
          "rmse": 2.400516444989299,
          "mae": 1.8338661209391764,
          "kendall_tau": 0.3342002642871563
        }
      }
    ],
    "overfitting_check": {
      "threshold": 0.15,
      "gaps": [
        0.449212505386942,
        0.3931126601681769,
        0.3544454186563188
      ],
      "mean_gap": 0.39892352807047926,
      "max_gap": 0.449212505386942,
      "overfitting_flags": [
        true,
        true,
        true
      ],
      "n_overfitting_folds": 3,
      "warning": "\u26a0\ufe0f  Overfitting detected in 3 fold(s)"
    },
    "stability_check": {
      "threshold": 0.05,
      "val_spearman_std": 0.036559087143046703,
      "val_spearman_scores": [
        0.39485742042524685,
        0.46550860462397303,
        0.4778365377434877
      ],
      "unstable": false
    }
  },
  "LightGBM_DART": {
    "model": "LightGBM_DART",
    "eval_mode": "groupcv",
    "fold_results": [
      {
        "fold": 1,
        "train": {
          "spearman": 0.8150027530766665,
          "pearson": 0.8658616066218465,
          "r2": 0.7169225768210405,
          "rmse": 1.4525965354304449,
          "mae": 1.1221562461350927,
          "kendall_tau": 0.6326564125638515
        },
        "val": {
          "spearman": 0.4084540427574323,
          "pearson": 0.43445978349801195,
          "r2": 0.18159428097397745,
          "rmse": 2.537004684532521,
          "mae": 1.8694376885652566,
          "kendall_tau": 0.28427503423813694
        }
      },
      {
        "fold": 2,
        "train": {
          "spearman": 0.8371076349101341,
          "pearson": 0.888608375329826,
          "r2": 0.7592505159053,
          "rmse": 1.388877888432029,
          "mae": 1.0872028252392463,
          "kendall_tau": 0.6582306959764495
        },
        "val": {
          "spearman": 0.4561378519264316,
          "pearson": 0.42303379108918593,
          "r2": 0.13473232982257444,
          "rmse": 2.4125345302247787,
          "mae": 1.809950627536349,
          "kendall_tau": 0.31710971152949435
        }
      },
      {
        "fold": 3,
        "train": {
          "spearman": 0.8110289633777206,
          "pearson": 0.8637299652611353,
          "r2": 0.7135421934165753,
          "rmse": 1.4507173993668678,
          "mae": 1.117864649344737,
          "kendall_tau": 0.6285715237068471
        },
        "val": {
          "spearman": 0.45337865739349126,
          "pearson": 0.5174612938667358,
          "r2": 0.26191304308548724,
          "rmse": 2.4516939605826447,
          "mae": 1.9294463747617616,
          "kendall_tau": 0.3144510395424228
        }
      }
    ],
    "overfitting_check": {
      "threshold": 0.15,
      "gaps": [
        0.4065487103192342,
        0.3809697829837025,
        0.3576503059842293
      ],
      "mean_gap": 0.381722933095722,
      "max_gap": 0.4065487103192342,
      "overfitting_flags": [
        true,
        true,
        true
      ],
      "n_overfitting_folds": 3,
      "warning": "\u26a0\ufe0f  Overfitting detected in 3 fold(s)"
    },
    "stability_check": {
      "threshold": 0.05,
      "val_spearman_std": 0.021857060419244522,
      "val_spearman_scores": [
        0.4084540427574323,
        0.4561378519264316,
        0.45337865739349126
      ],
      "unstable": false
    }
  },
  "XGBoost": {
    "model": "XGBoost",
    "eval_mode": "groupcv",
    "fold_results": [
      {
        "fold": 1,
        "train": {
          "spearman": 0.8771959512428924,
          "pearson": 0.9173997044563293,
          "r2": 0.8409115672111511,
          "rmse": 1.088959365843264,
          "mae": 0.777070939540863,
          "kendall_tau": 0.7097516255196422
        },
        "val": {
          "spearman": 0.40516823111350986,
          "pearson": 0.44986850023269653,
          "r2": 0.14429748058319092,
          "rmse": 2.5941693989508243,
          "mae": 1.9333335161209106,
          "kendall_tau": 0.2807931950048517
        }
      },
      {
        "fold": 2,
        "train": {
          "spearman": 0.893866327378045,
          "pearson": 0.9354475140571594,
          "r2": 0.8745506405830383,
          "rmse": 1.0025720896688228,
          "mae": 0.7415761947631836,
          "kendall_tau": 0.7319850162587545
        },
        "val": {
          "spearman": 0.51904232271044,
          "pearson": 0.5156530737876892,
          "r2": 0.22083234786987305,
          "rmse": 2.28935828267127,
          "mae": 1.7324190139770508,
          "kendall_tau": 0.3617541344256491
        }
      },
      {
        "fold": 3,
        "train": {
          "spearman": 0.8675540451186966,
          "pearson": 0.9117206931114197,
          "r2": 0.830612301826477,
          "rmse": 1.115561201905361,
          "mae": 0.8053914904594421,
          "kendall_tau": 0.6975591440333464
        },
        "val": {
          "spearman": 0.44409516397971815,
          "pearson": 0.5225163102149963,
          "r2": 0.2579820156097412,
          "rmse": 2.4582142127535778,
          "mae": 1.909376859664917,
          "kendall_tau": 0.30884034528604276
        }
      }
    ],
    "overfitting_check": {
      "threshold": 0.15,
      "gaps": [
        0.47202772012938254,
        0.3748240046676049,
        0.42345888113897845
      ],
      "mean_gap": 0.423436868645322,
      "max_gap": 0.47202772012938254,
      "overfitting_flags": [
        true,
        true,
        true
      ],
      "n_overfitting_folds": 3,
      "warning": "\u26a0\ufe0f  Overfitting detected in 3 fold(s)"
    },
    "stability_check": {
      "threshold": 0.05,
      "val_spearman_std": 0.047257793526811066,
      "val_spearman_scores": [
        0.40516823111350986,
        0.51904232271044,
        0.44409516397971815
      ],
      "unstable": false
    }
  },
  "CatBoost": {
    "model": "CatBoost",
    "eval_mode": "groupcv",
    "fold_results": [
      {
        "fold": 1,
        "train": {
          "spearman": 0.8698557158531068,
          "pearson": 0.9123357067634161,
          "r2": 0.8314548500550364,
          "rmse": 1.1208577965846147,
          "mae": 0.8118886698173299,
          "kendall_tau": 0.699157205925722
        },
        "val": {
          "spearman": 0.46859561558837015,
          "pearson": 0.5194890205834156,
          "r2": 0.21274611234652907,