{
  "FlatMLP": {
    "model": "FlatMLP",
    "eval_mode": "holdout",
    "train": {
      "spearman": 0.8459934197640487,
      "pearson": 0.8964808583259583,
      "r2": 0.7843668460845947,
      "rmse": 1.2841450617658399,
      "mae": 0.9662279486656189,
      "kendall_tau": 0.6707180066064728
    },
    "test": {
      "spearman": 0.8315753643082269,
      "pearson": 0.8847492337226868,
      "r2": 0.766360342502594,
      "rmse": 1.3215660148929265,
      "mae": 0.9889797568321228,
      "kendall_tau": 0.6548009040333225
    },
    "gap": {
      "spearman": 0.014418055455821865,
      "rmse": -0.0374209531270866
    }
  },
  "ResidualMLP": {
    "model": "ResidualMLP",
    "eval_mode": "holdout",
    "train": {
      "spearman": 0.8634948525736862,
      "pearson": 0.9135065674781799,
      "r2": 0.8244668245315552,
      "rmse": 1.1586063705857892,
      "mae": 0.8466271162033081,
      "kendall_tau": 0.6937412784349547
    },
    "test": {
      "spearman": 0.8399338953038646,
      "pearson": 0.891516923904419,
      "r2": 0.7872012853622437,
      "rmse": 1.2612467257832427,
      "mae": 0.9141382575035095,
      "kendall_tau": 0.665830608338004
    },
    "gap": {
      "spearman": 0.023560957269821547,
      "rmse": -0.10264035519745351
    }
  },
  "FTTransformer": {
    "model": "FTTransformer",
    "eval_mode": "holdout",
    "train": {
      "spearman": 0.8406010931847532,
      "pearson": 0.8932660222053528,
      "r2": 0.792629063129425,
      "rmse": 1.2593029029976914,
      "mae": 0.9138364195823669,
      "kendall_tau": 0.6648132558363333
    },
    "test": {
      "spearman": 0.8315042144508292,
      "pearson": 0.8845803737640381,
      "r2": 0.7754287123680115,
      "rmse": 1.2956648546374183,
      "mae": 0.9356368780136108,
      "kendall_tau": 0.6553023296256663
    },
    "gap": {
      "spearman": 0.009096878733923952,
      "rmse": -0.036361951639726886
    }
  },
  "CrossAttention": {
    "model": "CrossAttention",
    "eval_mode": "holdout",
    "train": {
      "spearman": 0.8426372364877158,
      "pearson": 0.8942893147468567,
      "r2": 0.7978898286819458,
      "rmse": 1.2432268700686997,
      "mae": 0.9145763516426086,
      "kendall_tau": 0.6660215019481958
    },
    "test": {
      "spearman": 0.8321965000771131,
      "pearson": 0.8859848976135254,
      "r2": 0.7834765315055847,
      "rmse": 1.272237106626711,
      "mae": 0.9340694546699524,
      "kendall_tau": 0.654878902103199
    },
    "gap": {
      "spearman": 0.010440736410602725,
      "rmse": -0.029010236558011382
    }
  },
  "TabNet": {
    "model": "TabNet",
    "eval_mode": "holdout",
    "train": {
      "spearman": 0.9066544428548996,
      "pearson": 0.9374544620513916,
      "r2": 0.8762196898460388,
      "rmse": 0.9729311451185187,
      "mae": 0.6332686543464661,
      "kendall_tau": 0.7628677609223734
    },
    "test": {
      "spearman": 0.8361044379357531,
      "pearson": 0.8891611099243164,
      "r2": 0.785274863243103,
      "rmse": 1.2669428804464087,
      "mae": 0.9193755388259888,
      "kendall_tau": 0.6612008898072738
    },
    "gap": {
      "spearman": 0.07055000491914654,
      "rmse": -0.29401173532788993
    }
  },
  "WideDeep": {
    "model": "WideDeep",
    "eval_mode": "holdout",
    "train": {
      "spearman": 0.8296327853992537,
      "pearson": 0.8836079239845276,
      "r2": 0.779198944568634,
      "rmse": 1.2994419110397455,
      "mae": 0.9585889577865601,
      "kendall_tau": 0.6499594398293246
    },
    "test": {
      "spearman": 0.822231015607493,
      "pearson": 0.8778188824653625,
      "r2": 0.7688765525817871,
      "rmse": 1.31443027062691,
      "mae": 0.9688686728477478,
      "kendall_tau": 0.6424116849592548
    },
    "gap": {
      "spearman": 0.0074017697917606595,
      "rmse": -0.01498835958716449
    }
  },
  "TabTransformer": {
    "model": "TabTransformer",
    "eval_mode": "holdout",
    "train": {
      "spearman": 0.8513811060568975,
      "pearson": 0.9031630158424377,
      "r2": 0.8074508905410767,
      "rmse": 1.2134643770198879,
      "mae": 0.8878928422927856,
      "kendall_tau": 0.6787547003494754
    },
    "test": {
      "spearman": 0.8347896349674391,
      "pearson": 0.8865184187889099,
      "r2": 0.7758604288101196,
      "rmse": 1.29441890470789,
      "mae": 0.9387159943580627,
      "kendall_tau": 0.6601065921149801
    },
    "gap": {
      "spearman": 0.016591471089458465,
      "rmse": -0.08095452768800215
    }
  }
}