{
  "FlatMLP": {
    "model": "FlatMLP",
    "eval_mode": "holdout",
    "train": {
      "spearman": 0.8985278197748029,
      "pearson": 0.9327095746994019,
      "r2": 0.8360385894775391,
      "rmse": 1.1197656613664428,
      "mae": 0.884255051612854,
      "kendall_tau": 0.7343164325779469
    },
    "test": {
      "spearman": 0.8857873484142623,
      "pearson": 0.9227123260498047,
      "r2": 0.8204867839813232,
      "rmse": 1.1584139498551695,
      "mae": 0.9106296896934509,
      "kendall_tau": 0.7179564909073871
    },
    "gap": {
      "spearman": 0.012740471360540573,
      "rmse": -0.0386482884887267
    }
  },
  "ResidualMLP": {
    "model": "ResidualMLP",
    "eval_mode": "holdout",
    "train": {
      "spearman": 0.9180052309141037,
      "pearson": 0.9484108090400696,
      "r2": 0.8975249528884888,
      "rmse": 0.8852486544504311,
      "mae": 0.6745809316635132,
      "kendall_tau": 0.7615515193314711
    },
    "test": {
      "spearman": 0.8960418891679898,
      "pearson": 0.9307123422622681,
      "r2": 0.8635331392288208,
      "rmse": 1.010018116061459,
      "mae": 0.75312739610672,
      "kendall_tau": 0.7315838786425888
    },
    "gap": {
      "spearman": 0.021963341746113918,
      "rmse": -0.12476946161102787
    }
  },
  "FTTransformer": {
    "model": "FTTransformer",
    "eval_mode": "holdout",
    "train": {
      "spearman": 0.8981990159477754,
      "pearson": 0.9300634264945984,
      "r2": 0.8535154461860657,
      "rmse": 1.058405729255682,
      "mae": 0.7920562624931335,
      "kendall_tau": 0.7333654651762206
    },
    "test": {
      "spearman": 0.8891014875882006,
      "pearson": 0.9229769706726074,
      "r2": 0.8403149247169495,
      "rmse": 1.0925660946578857,
      "mae": 0.8155148029327393,
      "kendall_tau": 0.7219140747526168
    },
    "gap": {
      "spearman": 0.00909752835957478,
      "rmse": -0.034160365402203574
    }
  },
  "CrossAttention": {
    "model": "CrossAttention",
    "eval_mode": "holdout",
    "train": {
      "spearman": 0.9022167927885477,
      "pearson": 0.9341570138931274,
      "r2": 0.8696049451828003,
      "rmse": 0.9985890567474072,
      "mae": 0.7616616487503052,
      "kendall_tau": 0.7385272783468655
    },
    "test": {
      "spearman": 0.8890736133278921,
      "pearson": 0.9239230155944824,
      "r2": 0.850432813167572,
      "rmse": 1.0573865475229804,
      "mae": 0.7990410923957825,
      "kendall_tau": 0.7216618142439797
    },
    "gap": {
      "spearman": 0.013143179460655574,
      "rmse": -0.05879749077557328
    }
  },
  "TabNet": {
    "model": "TabNet",
    "eval_mode": "holdout",
    "train": {
      "spearman": 0.9635848075511873,
      "pearson": 0.9770869016647339,
      "r2": 0.9400852918624878,
      "rmse": 0.6768977033025275,
      "mae": 0.5146033763885498,
      "kendall_tau": 0.8465137317770473
    },
    "test": {
      "spearman": 0.8992628691488993,
      "pearson": 0.93312007188797,
      "r2": 0.8520782589912415,
      "rmse": 1.0515540022031966,
      "mae": 0.7968584299087524,
      "kendall_tau": 0.7350323161445176
    },
    "gap": {
      "spearman": 0.06432193840228795,
      "rmse": -0.3746562989006691
    }
  },
  "WideDeep": {
    "model": "WideDeep",
    "eval_mode": "holdout",
    "train": {
      "spearman": 0.8856232989538385,
      "pearson": 0.9206710457801819,
      "r2": 0.8432915210723877,
      "rmse": 1.0947186132001192,
      "mae": 0.8320838212966919,
      "kendall_tau": 0.7146114438403738
    },
    "test": {
      "spearman": 0.8770202173843831,
      "pearson": 0.9152905344963074,
      "r2": 0.8336489796638489,
      "rmse": 1.1151372596691973,
      "mae": 0.8456818461418152,
      "kendall_tau": 0.7047598673385738
    },
    "gap": {
      "spearman": 0.00860308156945544,
      "rmse": -0.020418646469078094
    }
  },
  "TabTransformer": {
    "model": "TabTransformer",
    "eval_mode": "holdout",
    "train": {
      "spearman": 0.9124179473837125,
      "pearson": 0.9437478184700012,
      "r2": 0.876969039440155,
      "rmse": 0.9699816411532473,
      "mae": 0.7409627437591553,
      "kendall_tau": 0.7542966548772957
    },
    "test": {
      "spearman": 0.8965334283071665,
      "pearson": 0.9307193160057068,
      "r2": 0.8509405255317688,
      "rmse": 1.055590207942112,
      "mae": 0.7956840991973877,
      "kendall_tau": 0.7326383545333881
    },
    "gap": {
      "spearman": 0.015884519076545978,
      "rmse": -0.08560856678886475
    }
  }
}