{
  "ResidualMLP": {
    "model": "ResidualMLP",
    "eval_mode": "groupcv",
    "fold_results": [
      {
        "fold": 1,
        "train": {
          "spearman": 0.8698436926850575,
          "pearson": 0.9131460189819336,
          "r2": 0.8261238932609558,
          "rmse": 1.138445666501422,
          "mae": 0.8100715279579163,
          "kendall_tau": 0.7015772800190181
        },
        "val": {
          "spearman": 0.37289970731380645,
          "pearson": 0.4644063711166382,
          "r2": 0.11240321397781372,
          "rmse": 2.6420728337126853,
          "mae": 1.9655227661132812,
          "kendall_tau": 0.25797076738010327
        }
      },
      {
        "fold": 2,
        "train": {
          "spearman": 0.8787423462046221,
          "pearson": 0.9258615970611572,
          "r2": 0.8510720729827881,
          "rmse": 1.0923692434700296,
          "mae": 0.8089706301689148,
          "kendall_tau": 0.7131756546951326
        },
        "val": {
          "spearman": 0.5575353563224225,
          "pearson": 0.5874230265617371,
          "r2": 0.3392660617828369,
          "rmse": 2.108199067294768,
          "mae": 1.5976271629333496,
          "kendall_tau": 0.3927052136687506
        }
      },
      {
        "fold": 3,
        "train": {
          "spearman": 0.8596361343626534,
          "pearson": 0.9076043963432312,
          "r2": 0.8152472376823425,
          "rmse": 1.1650590663065514,
          "mae": 0.8477110266685486,
          "kendall_tau": 0.6882671613389627
        },
        "val": {
          "spearman": 0.42895692375860445,
          "pearson": 0.5256147384643555,
          "r2": 0.2660473585128784,
          "rmse": 2.4448179287198144,
          "mae": 1.846032738685608,
          "kendall_tau": 0.30369360782338567
        }
      }
    ],
    "overfitting_check": {
      "threshold": 0.15,
      "gaps": [
        0.496943985371251,
        0.32120698988219964,
        0.43067921060404896
      ],
      "mean_gap": 0.4162767286191665,
      "max_gap": 0.496943985371251,
      "overfitting_flags": [
        true,
        true,
        true
      ],
      "n_overfitting_folds": 3,
      "warning": "\u26a0\ufe0f  Overfitting detected in 3 fold(s)"
    },
    "stability_check": {
      "threshold": 0.05,
      "val_spearman_std": 0.0772910428337377,
      "val_spearman_scores": [
        0.37289970731380645,
        0.5575353563224225,
        0.42895692375860445
      ],
      "unstable": true,
      "warning": "\u26a0\ufe0f  Unstable across folds (std=0.0773)"
    }
  },
  "FTTransformer": {
    "model": "FTTransformer",
    "eval_mode": "groupcv",
    "fold_results": [
      {
        "fold": 1,
        "train": {
          "spearman": 0.8396437068689859,
          "pearson": 0.8896532654762268,
          "r2": 0.789435625076294,
          "rmse": 1.252808800661178,
          "mae": 0.9051581025123596,
          "kendall_tau": 0.6625066122339837
        },
        "val": {
          "spearman": 0.3660882098681739,
          "pearson": 0.46524688601493835,
          "r2": 0.14584678411483765,
          "rmse": 2.591819872319316,
          "mae": 1.9318773746490479,
          "kendall_tau": 0.2542240746741962
        }
      },
      {
        "fold": 2,
        "train": {
          "spearman": 0.8448357607738414,
          "pearson": 0.9013694524765015,
          "r2": 0.8084040284156799,
          "rmse": 1.2390093663333444,
          "mae": 0.9075276255607605,
          "kendall_tau": 0.6727818976253667
        },
        "val": {
          "spearman": 0.5033795302308169,
          "pearson": 0.5193243622779846,
          "r2": 0.23286175727844238,
          "rmse": 2.2716170425573736,
          "mae": 1.7020283937454224,
          "kendall_tau": 0.35137343578790264
        }
      },
      {
        "fold": 3,
        "train": {
          "spearman": 0.8329398938937298,
          "pearson": 0.8835851550102234,
          "r2": 0.7771582007408142,
          "rmse": 1.279531116734809,
          "mae": 0.9220530986785889,
          "kendall_tau": 0.6562014156502879
        },
        "val": {
          "spearman": 0.40218697885683113,
          "pearson": 0.4902481436729431,
          "r2": 0.1935393214225769,
          "rmse": 2.5627374306447654,
          "mae": 1.9311575889587402,
          "kendall_tau": 0.28195399847975133
        }
      }
    ],
    "overfitting_check": {
      "threshold": 0.15,
      "gaps": [
        0.473555497000812,
        0.34145623054302443,
        0.43075291503689866
      ],
      "mean_gap": 0.41525488086024503,
      "max_gap": 0.473555497000812,
      "overfitting_flags": [
        true,
        true,
        true
      ],
      "n_overfitting_folds": 3,
      "warning": "\u26a0\ufe0f  Overfitting detected in 3 fold(s)"
    },
    "stability_check": {
      "threshold": 0.05,
      "val_spearman_std": 0.05811096685842726,
      "val_spearman_scores": [
        0.3660882098681739,
        0.5033795302308169,
        0.40218697885683113
      ],
      "unstable": true,
      "warning": "\u26a0\ufe0f  Unstable across folds (std=0.0581)"
    }
  },
  "CrossAttention": {
    "model": "CrossAttention",
    "eval_mode": "groupcv",
    "fold_results": [
      {
        "fold": 1,
        "train": {
          "spearman": 0.8504506589045577,
          "pearson": 0.8958749175071716,
          "r2": 0.8005882501602173,
          "rmse": 1.2191797134699103,
          "mae": 0.8792951107025146,
          "kendall_tau": 0.6771660899133044
        },
        "val": {
          "spearman": 0.35289102302916747,
          "pearson": 0.43802061676979065,
          "r2": 0.13637757301330566,
          "rmse": 2.6061468200018982,
          "mae": 1.9759315252304077,
          "kendall_tau": 0.24357367291746104
        }
      },
      {
        "fold": 2,
        "train": {
          "spearman": 0.8605864546977807,
          "pearson": 0.9105874300003052,
          "r2": 0.8280263543128967,
          "rmse": 1.173849350012193,
          "mae": 0.863713800907135,
          "kendall_tau": 0.6882671144841976
        },
        "val": {
          "spearman": 0.50794731487484,
          "pearson": 0.5406412482261658,
          "r2": 0.2522938847541809,
          "rmse": 2.242661801458034,
          "mae": 1.7134673595428467,
          "kendall_tau": 0.3535156299833241
        }
      },
      {
        "fold": 3,
        "train": {
          "spearman": 0.8436640373339982,
          "pearson": 0.8934643864631653,
          "r2": 0.7906134128570557,
          "rmse": 1.2403005507228286,
          "mae": 0.92198646068573,
          "kendall_tau": 0.6673682432790154
        },
        "val": {
          "spearman": 0.35922631122393117,
          "pearson": 0.440930038690567,
          "r2": 0.14120465517044067,
          "rmse": 2.6445839903402786,
          "mae": 2.0580358505249023,
          "kendall_tau": 0.24999196224710676
        }
      }
    ],
    "overfitting_check": {
      "threshold": 0.15,
      "gaps": [
        0.49755963587539026,
        0.3526391398229407,
        0.484437726110067
      ],
      "mean_gap": 0.44487883393613264,
      "max_gap": 0.49755963587539026,
      "overfitting_flags": [
        true,
        true,
        true
      ],
      "n_overfitting_folds": 3,
      "warning": "\u26a0\ufe0f  Overfitting detected in 3 fold(s)"
    },
    "stability_check": {
      "threshold": 0.05,
      "val_spearman_std": 0.07164769240633469,
      "val_spearman_scores": [
        0.35289102302916747,
        0.50794731487484,
        0.35922631122393117
      ],
      "unstable": true,
      "warning": "\u26a0\ufe0f  Unstable across folds (std=0.0716)"
    }
  },
  "TabNet": {
    "model": "TabNet",
    "eval_mode": "groupcv",
    "fold_results": [
      {
        "fold": 1,
        "train": {
          "spearman": 0.9196829138356895,
          "pearson": 0.9414138197898865,
          "r2": 0.8769775629043579,
          "rmse": 0.9576008250087158,