{
  "LightGBM": {
    "model": "LightGBM",
    "eval_mode": "groupcv",
    "fold_results": [
      {
        "fold": 1,
        "train": {
          "spearman": 0.8435907494176303,
          "pearson": 0.8921400853419522,
          "r2": 0.7943088189898917,
          "rmse": 1.2382268669488947,
          "mae": 0.9124677788340756,
          "kendall_tau": 0.6657650604470647
        },
        "val": {
          "spearman": 0.4393435134017715,
          "pearson": 0.4478945423616401,
          "r2": 0.15650824372949268,
          "rmse": 2.5755937501382284,
          "mae": 1.879364270273997,
          "kendall_tau": 0.30769296980737837
        }
      },
      {
        "fold": 2,
        "train": {
          "spearman": 0.8589741461878682,
          "pearson": 0.9101164777279493,
          "r2": 0.8271098814423731,
          "rmse": 1.1769729109250795,
          "mae": 0.8824769200542867,
          "kendall_tau": 0.6852943261186306
        },
        "val": {
          "spearman": 0.45699686222631847,
          "pearson": 0.4127722499387546,
          "r2": 0.061180352275026606,
          "rmse": 2.5129820386256028,
          "mae": 1.8562667960938484,
          "kendall_tau": 0.31639243288098984
        }
      },
      {
        "fold": 3,
        "train": {
          "spearman": 0.8320665542689316,
          "pearson": 0.8842409836619926,
          "r2": 0.7806480416324786,
          "rmse": 1.2694723521621207,
          "mae": 0.939292606184546,
          "kendall_tau": 0.6528620256902083
        },
        "val": {
          "spearman": 0.45058572235791033,
          "pearson": 0.5217232626731811,
          "r2": 0.2530929596629067,
          "rmse": 2.4662992360620497,
          "mae": 1.8820766831357492,
          "kendall_tau": 0.31429677480318535
        }
      }
    ],
    "overfitting_check": {
      "threshold": 0.15,
      "gaps": [
        0.4042472360158588,
        0.4019772839615497,
        0.3814808319110213
      ],
      "mean_gap": 0.3959017839628099,
      "max_gap": 0.4042472360158588,
      "overfitting_flags": [
        true,
        true,
        true
      ],
      "n_overfitting_folds": 3,
      "warning": "\u26a0\ufe0f  Overfitting detected in 3 fold(s)"
    },
    "stability_check": {
      "threshold": 0.05,
      "val_spearman_std": 0.007296351457687701,
      "val_spearman_scores": [
        0.4393435134017715,
        0.45699686222631847,
        0.45058572235791033
      ],
      "unstable": false
    }
  },
  "LightGBM_DART": {
    "model": "LightGBM_DART",
    "eval_mode": "groupcv",
    "fold_results": [
      {
        "fold": 1,
        "train": {
          "spearman": 0.8162776431213365,
          "pearson": 0.8668432320163425,
          "r2": 0.7173676590072171,
          "rmse": 1.4514541285813956,
          "mae": 1.1233440826177798,
          "kendall_tau": 0.6342920665676709
        },
        "val": {
          "spearman": 0.419213139780353,
          "pearson": 0.4269573775683247,
          "r2": 0.171835997646537,
          "rmse": 2.5520848883488525,
          "mae": 1.8610027351965843,
          "kendall_tau": 0.29368377242977783
        }
      },
      {
        "fold": 2,
        "train": {
          "spearman": 0.838456850377393,
          "pearson": 0.8900499372406236,
          "r2": 0.7592866950328234,
          "rmse": 1.3887735262599434,
          "mae": 1.0885954026578926,
          "kendall_tau": 0.6599616886380434
        },
        "val": {
          "spearman": 0.454830395518582,
          "pearson": 0.4030409328734902,
          "r2": 0.11363756175884088,
          "rmse": 2.441765601328996,
          "mae": 1.8397950294701386,
          "kendall_tau": 0.3149382619630242
        }
      },
      {
        "fold": 3,
        "train": {
          "spearman": 0.8092297935968358,
          "pearson": 0.8632212410652802,
          "r2": 0.7109449648685795,
          "rmse": 1.457279173165589,
          "mae": 1.1254171983939585,
          "kendall_tau": 0.6267443076484879
        },
        "val": {
          "spearman": 0.4379642881853964,
          "pearson": 0.49450960176163034,
          "r2": 0.23304468608404427,
          "rmse": 2.4991799168453186,
          "mae": 1.942594283466584,
          "kendall_tau": 0.3030784765992307
        }
      }
    ],
    "overfitting_check": {
      "threshold": 0.15,
      "gaps": [
        0.39706450334098353,
        0.38362645485881103,
        0.3712655054114394
      ],
      "mean_gap": 0.38398548787041126,
      "max_gap": 0.39706450334098353,
      "overfitting_flags": [
        true,
        true,
        true
      ],
      "n_overfitting_folds": 3,
      "warning": "\u26a0\ufe0f  Overfitting detected in 3 fold(s)"
    },
    "stability_check": {
      "threshold": 0.05,
      "val_spearman_std": 0.014547470377296623,
      "val_spearman_scores": [
        0.419213139780353,
        0.454830395518582,
        0.4379642881853964
      ],
      "unstable": false
    }
  },
  "XGBoost": {
    "model": "XGBoost",
    "eval_mode": "groupcv",
    "fold_results": [
      {
        "fold": 1,
        "train": {
          "spearman": 0.8802040158916783,
          "pearson": 0.9188289046287537,
          "r2": 0.8434921503067017,
          "rmse": 1.080091203882866,
          "mae": 0.7698780298233032,
          "kendall_tau": 0.7135591165719722
        },
        "val": {
          "spearman": 0.4265500281396818,
          "pearson": 0.4939379096031189,
          "r2": 0.1877158284187317,
          "rmse": 2.52749864436716,
          "mae": 1.9016313552856445,
          "kendall_tau": 0.2977042240451974
        }
      },
      {
        "fold": 2,
        "train": {
          "spearman": 0.8925921633244378,
          "pearson": 0.9345530271530151,
          "r2": 0.8727827072143555,
          "rmse": 1.0096120219471585,
          "mae": 0.7470380067825317,
          "kendall_tau": 0.7302179888452706
        },
        "val": {
          "spearman": 0.46441436916057693,
          "pearson": 0.46931692957878113,
          "r2": 0.15550881624221802,
          "rmse": 2.3833941640849177,
          "mae": 1.8064137697219849,
          "kendall_tau": 0.3211756434679302
        }
      },
      {
        "fold": 3,
        "train": {
          "spearman": 0.8664949076889813,
          "pearson": 0.9102277159690857,
          "r2": 0.8278348445892334,
          "rmse": 1.124669980280739,
          "mae": 0.811903715133667,
          "kendall_tau": 0.6957999516165899
        },
        "val": {
          "spearman": 0.4173641022576184,
          "pearson": 0.49847087264060974,
          "r2": 0.21292078495025635,
          "rmse": 2.5317553733903515,
          "mae": 1.914844036102295,
          "kendall_tau": 0.2916969618226101
        }
      }
    ],
    "overfitting_check": {
      "threshold": 0.15,
      "gaps": [
        0.4536539877519965,
        0.42817779416386087,
        0.4491308054313629
      ],
      "mean_gap": 0.4436541957824068,
      "max_gap": 0.4536539877519965,
      "overfitting_flags": [
        true,
        true,
        true
      ],
      "n_overfitting_folds": 3,
      "warning": "\u26a0\ufe0f  Overfitting detected in 3 fold(s)"
    },
    "stability_check": {
      "threshold": 0.05,
      "val_spearman_std": 0.0203628669966165,
      "val_spearman_scores": [
        0.4265500281396818,
        0.46441436916057693,
        0.4173641022576184
      ],
      "unstable": false
    }
  },
  "CatBoost": {
    "model": "CatBoost",
    "eval_mode": "groupcv",
    "fold_results": [
      {
        "fold": 1,
        "train": {
          "spearman": 0.8691100835791443,
          "pearson": 0.9120118544215888,
          "r2": 0.8308297322338691,
          "rmse": 1.1229344499563656,
          "mae": 0.8145629447948572,
          "kendall_tau": 0.6981915960183342
        },
        "val": {
          "spearman": 0.4973457781408176,
          "pearson": 0.5391728734160219,
          "r2": 0.23651302335238478,