{
  "FlatMLP": {
    "model": "FlatMLP",
    "eval_mode": "groupcv",
    "fold_results": [
      {
        "fold": 1,
        "train": {
          "spearman": 0.8531807449308461,
          "pearson": 0.8952580690383911,
          "r2": 0.78768390417099,
          "rmse": 1.258009190315069,
          "mae": 0.9273249506950378,
          "kendall_tau": 0.6796621048815942
        },
        "val": {
          "spearman": 0.39735494318169456,
          "pearson": 0.5048563480377197,
          "r2": 0.22434812784194946,
          "rmse": 2.4698486780617133,
          "mae": 1.876204013824463,
          "kendall_tau": 0.2753054261145966
        }
      },
      {
        "fold": 2,
        "train": {
          "spearman": 0.8644190555585508,
          "pearson": 0.9140149354934692,
          "r2": 0.813417911529541,
          "rmse": 1.2226900333697504,
          "mae": 0.937681257724762,
          "kendall_tau": 0.6931576347676105
        },
        "val": {
          "spearman": 0.5124747104725998,
          "pearson": 0.5453227162361145,
          "r2": 0.24150073528289795,
          "rmse": 2.2587902235662276,
          "mae": 1.73947012424469,
          "kendall_tau": 0.35854613031539295
        }
      },
      {
        "fold": 3,
        "train": {
          "spearman": 0.8488109429060839,
          "pearson": 0.8972496390342712,
          "r2": 0.7806289196014404,
          "rmse": 1.269527681785851,
          "mae": 0.9577323198318481,
          "kendall_tau": 0.6762433631803456
        },
        "val": {
          "spearman": 0.4006662406309701,
          "pearson": 0.495725154876709,
          "r2": 0.24181252717971802,
          "rmse": 2.4848536384202022,
          "mae": 1.9484531879425049,
          "kendall_tau": 0.28233757028915574
        }
      }
    ],
    "overfitting_check": {
      "threshold": 0.15,
      "gaps": [
        0.4558258017491515,
        0.35194434508595096,
        0.4481447022751138
      ],
      "mean_gap": 0.4186382830367387,
      "max_gap": 0.4558258017491515,
      "overfitting_flags": [
        true,
        true,
        true
      ],
      "n_overfitting_folds": 3,
      "warning": "\u26a0\ufe0f  Overfitting detected in 3 fold(s)"
    },
    "stability_check": {
      "threshold": 0.05,
      "val_spearman_std": 0.05350457866205511,
      "val_spearman_scores": [
        0.39735494318169456,
        0.5124747104725998,
        0.4006662406309701
      ],
      "unstable": true,
      "warning": "\u26a0\ufe0f  Unstable across folds (std=0.0535)"
    }
  },
  "ResidualMLP": {
    "model": "ResidualMLP",
    "eval_mode": "groupcv",
    "fold_results": [
      {
        "fold": 1,
        "train": {
          "spearman": 0.8641819858374544,
          "pearson": 0.910166323184967,
          "r2": 0.8253107070922852,
          "rmse": 1.1411048193484394,
          "mae": 0.8087881207466125,
          "kendall_tau": 0.6974803930846082
        },
        "val": {
          "spearman": 0.361478405855612,
          "pearson": 0.4455847442150116,
          "r2": 0.16092848777770996,
          "rmse": 2.5688361940053865,
          "mae": 1.9404361248016357,
          "kendall_tau": 0.2498957947673187
        }
      },
      {
        "fold": 2,
        "train": {
          "spearman": 0.8815533791967068,
          "pearson": 0.9271043539047241,
          "r2": 0.8594431281089783,
          "rmse": 1.0612249577671333,
          "mae": 0.7722823619842529,
          "kendall_tau": 0.7160838421193702
        },
        "val": {
          "spearman": 0.5514134254019121,
          "pearson": 0.5798165798187256,
          "r2": 0.3166581392288208,
          "rmse": 2.1439631809304243,
          "mae": 1.6210438013076782,
          "kendall_tau": 0.3879067040590035
        }
      },
      {
        "fold": 3,
        "train": {
          "spearman": 0.8676609177203076,
          "pearson": 0.9155009388923645,
          "r2": 0.83643639087677,
          "rmse": 1.0962153306826878,
          "mae": 0.7872616052627563,
          "kendall_tau": 0.7001390494748639
        },
        "val": {
          "spearman": 0.4338769683441425,
          "pearson": 0.5261460542678833,
          "r2": 0.2658405900001526,
          "rmse": 2.4451623450054636,
          "mae": 1.8692587614059448,
          "kendall_tau": 0.30758991490516074
        }
      }
    ],
    "overfitting_check": {
      "threshold": 0.15,
      "gaps": [
        0.5027035799818425,
        0.33013995379479477,
        0.4337839493761651
      ],
      "mean_gap": 0.42220916105093415,
      "max_gap": 0.5027035799818425,
      "overfitting_flags": [
        true,
        true,
        true
      ],
      "n_overfitting_folds": 3,
      "warning": "\u26a0\ufe0f  Overfitting detected in 3 fold(s)"
    },
    "stability_check": {
      "threshold": 0.05,
      "val_spearman_std": 0.07826712254136965,
      "val_spearman_scores": [
        0.361478405855612,
        0.5514134254019121,
        0.4338769683441425
      ],
      "unstable": true,
      "warning": "\u26a0\ufe0f  Unstable across folds (std=0.0783)"
    }
  },
  "FTTransformer": {
    "model": "FTTransformer",
    "eval_mode": "groupcv",
    "fold_results": [
      {
        "fold": 1,
        "train": {
          "spearman": 0.8383878134182965,
          "pearson": 0.8875595331192017,
          "r2": 0.7698078155517578,
          "rmse": 1.3098984775807239,
          "mae": 0.962013304233551,
          "kendall_tau": 0.6633324258282761
        },
        "val": {
          "spearman": 0.3387582724553064,
          "pearson": 0.41454315185546875,
          "r2": 0.13284599781036377,
          "rmse": 2.6114700039173075,
          "mae": 1.982362151145935,
          "kendall_tau": 0.23379922355578275
        }
      },
      {
        "fold": 2,
        "train": {
          "spearman": 0.8464651529750374,
          "pearson": 0.9010601043701172,
          "r2": 0.7982476949691772,
          "rmse": 1.2714246041448793,
          "mae": 0.9311314225196838,
          "kendall_tau": 0.6737454897642096
        },
        "val": {
          "spearman": 0.5010005440998865,
          "pearson": 0.5317535996437073,
          "r2": 0.22015458345413208,
          "rmse": 2.2903537688543065,
          "mae": 1.698799729347229,
          "kendall_tau": 0.35089202846298834
        }
      },
      {
        "fold": 3,
        "train": {
          "spearman": 0.8304729257583086,
          "pearson": 0.8822857141494751,
          "r2": 0.7781434059143066,
          "rmse": 1.2766995453315093,
          "mae": 0.9285857081413269,
          "kendall_tau": 0.6527996016540266
        },
        "val": {
          "spearman": 0.3848926921561867,
          "pearson": 0.4817635118961334,
          "r2": 0.19978541135787964,
          "rmse": 2.552793775011851,
          "mae": 1.9475610256195068,
          "kendall_tau": 0.27007134739839406
        }
      }
    ],
    "overfitting_check": {
      "threshold": 0.15,
      "gaps": [
        0.4996295409629901,
        0.34546460887515096,
        0.44558023360212184
      ],
      "mean_gap": 0.4302247944800876,
      "max_gap": 0.4996295409629901,
      "overfitting_flags": [
        true,
        true,
        true
      ],
      "n_overfitting_folds": 3,
      "warning": "\u26a0\ufe0f  Overfitting detected in 3 fold(s)"
    },
    "stability_check": {
      "threshold": 0.05,
      "val_spearman_std": 0.0682576594582866,
      "val_spearman_scores": [
        0.3387582724553064,
        0.5010005440998865,
        0.3848926921561867
      ],
      "unstable": true,
      "warning": "\u26a0\ufe0f  Unstable across folds (std=0.0683)"
    }
  },
  "CrossAttention": {
    "model": "CrossAttention",
    "eval_mode": "groupcv",
    "fold_results": [
      {
        "fold": 1,
        "train": {
          "spearman": 0.8453231079572169,
          "pearson": 0.8915549516677856,
          "r2": 0.7889326810836792,
          "rmse": 1.2543041512971174,
          "mae": 0.8943725824356079,