{
  "LightGBM": {
    "model": "LightGBM",
    "eval_mode": "holdout",
    "train": {
      "spearman": 0.835228498671159,
      "pearson": 0.8892209536913662,
      "r2": 0.7890925437772474,
      "rmse": 1.2699956541882509,
      "mae": 0.9464874332549745,
      "kendall_tau": 0.6564361448528744
    },
    "test": {
      "spearman": 0.8268954022863368,
      "pearson": 0.8811128161043876,
      "r2": 0.7753110490053834,
      "rmse": 1.2960042418541218,
      "mae": 0.9608044105168978,
      "kendall_tau": 0.6476825489391425
    },
    "gap": {
      "spearman": 0.008333096384822158,
      "rmse": -0.026008587665870886
    }
  },
  "LightGBM_DART": {
    "model": "LightGBM_DART",
    "eval_mode": "holdout",
    "train": {
      "spearman": 0.809064340364019,
      "pearson": 0.8666452018925204,
      "r2": 0.713064344618275,
      "rmse": 1.4813187741914526,
      "mae": 1.1576960250356736,
      "kendall_tau": 0.627015663926947
    },
    "test": {
      "spearman": 0.8051301928391933,
      "pearson": 0.8622583788320108,
      "r2": 0.7055102410508372,
      "rmse": 1.4837155999735059,
      "mae": 1.1566326875140849,
      "kendall_tau": 0.6228410994909348
    },
    "gap": {
      "spearman": 0.003934147524825682,
      "rmse": -0.002396825782053247
    }
  },
  "XGBoost": {
    "model": "XGBoost",
    "eval_mode": "holdout",
    "train": {
      "spearman": 0.869194192009507,
      "pearson": 0.9154136776924133,
      "r2": 0.8372060060501099,
      "rmse": 1.1157720709277457,
      "mae": 0.8133717775344849,
      "kendall_tau": 0.6993414818542333
    },
    "test": {
      "spearman": 0.8330765459774395,
      "pearson": 0.8850213885307312,
      "r2": 0.7832512259483337,
      "rmse": 1.2728988350692598,
      "mae": 0.9371333718299866,
      "kendall_tau": 0.6547724930705794
    },
    "gap": {
      "spearman": 0.03611764603206746,
      "rmse": -0.15712676414151416
    }
  },
  "CatBoost": {
    "model": "CatBoost",
    "eval_mode": "holdout",
    "train": {
      "spearman": 0.8611998029790107,
      "pearson": 0.9100418820092315,
      "r2": 0.8272963628161871,
      "rmse": 1.1492301469898378,
      "mae": 0.8484375289045873,
      "kendall_tau": 0.6883642092349972
    },
    "test": {
      "spearman": 0.8423350157884293,
      "pearson": 0.8933150125925152,
      "r2": 0.7977379792747281,
      "rmse": 1.2296251448778588,
      "mae": 0.9025967010436355,
      "kendall_tau": 0.6664195619514823
    },
    "gap": {
      "spearman": 0.018864787190581378,
      "rmse": -0.08039499788802096
    }
  },
  "RandomForest": {
    "model": "RandomForest",
    "eval_mode": "holdout",
    "train": {
      "spearman": 0.94297102097983,
      "pearson": 0.9605862312002729,
      "r2": 0.920470428825624,
      "rmse": 0.7798670804196802,
      "mae": 0.4722933918046532,
      "kendall_tau": 0.8258996593772351
    },
    "test": {
      "spearman": 0.817459168047731,
      "pearson": 0.8742986731138572,
      "r2": 0.7643336384621953,
      "rmse": 1.3272855400557124,
      "mae": 0.9748228639483912,
      "kendall_tau": 0.6393818607969469
    },
    "gap": {
      "spearman": 0.125511852932099,
      "rmse": -0.5474184596360322
    }
  },
  "ExtraTrees": {
    "model": "ExtraTrees",
    "eval_mode": "holdout",
    "train": {
      "spearman": 0.9585416484895323,
      "pearson": 0.9715807093893878,
      "r2": 0.9439690748575965,
      "rmse": 0.6545912031492167,
      "mae": 0.1854950773386514,
      "kendall_tau": 0.9039174777080198
    },
    "test": {
      "spearman": 0.820317055940125,
      "pearson": 0.8767225851310549,
      "r2": 0.7686405895474535,
      "rmse": 1.3151011245722393,
      "mae": 0.9619362671636676,
      "kendall_tau": 0.6441437505553351
    },
    "gap": {
      "spearman": 0.13822459254940722,
      "rmse": -0.6605099214230226
    }
  }
}