{
  "FlatMLP": {
    "model": "FlatMLP",
    "eval_mode": "groupcv",
    "fold_results": [
      {
        "fold": 1,
        "train": {
          "spearman": 0.9079059675386658,
          "pearson": 0.9388384222984314,
          "r2": 0.8694466352462769,
          "rmse": 0.9864756558813065,
          "mae": 0.7499688267707825,
          "kendall_tau": 0.7471592575571642
        },
        "val": {
          "spearman": 0.4122642343318153,
          "pearson": 0.4971005618572235,
          "r2": 0.20034348964691162,
          "rmse": 2.5077755173662792,
          "mae": 1.8792568445205688,
          "kendall_tau": 0.2863314210896914
        }
      },
      {
        "fold": 2,
        "train": {
          "spearman": 0.9182082910116575,
          "pearson": 0.9458783864974976,
          "r2": 0.8727865815162659,
          "rmse": 1.0095965540880016,
          "mae": 0.7841593027114868,
          "kendall_tau": 0.7618521822201959
        },
        "val": {
          "spearman": 0.4751407189803462,
          "pearson": 0.5465042591094971,
          "r2": 0.2786265015602112,
          "rmse": 2.202816880776883,
          "mae": 1.7170956134796143,
          "kendall_tau": 0.3280215387564105
        }
      },
      {
        "fold": 3,
        "train": {
          "spearman": 0.9022976350364225,
          "pearson": 0.9349554181098938,
          "r2": 0.852883517742157,
          "rmse": 1.0396403950006239,
          "mae": 0.8127475380897522,
          "kendall_tau": 0.7395593060100265
        },
        "val": {
          "spearman": 0.3491205227082127,
          "pearson": 0.45159533619880676,
          "r2": 0.15879642963409424,
          "rmse": 2.6173575730363274,
          "mae": 2.0607962608337402,
          "kendall_tau": 0.24316358733742224
        }
      }
    ],
    "overfitting_check": {
      "threshold": 0.15,
      "gaps": [
        0.4956417332068505,
        0.44306757203131125,
        0.5531771123282098
      ],
      "mean_gap": 0.49729547252212386,
      "max_gap": 0.5531771123282098,
      "overfitting_flags": [
        true,
        true,
        true
      ],
      "n_overfitting_folds": 3,
      "warning": "\u26a0\ufe0f  Overfitting detected in 3 fold(s)"
    },
    "stability_check": {
      "threshold": 0.05,
      "val_spearman_std": 0.051447568248145906,
      "val_spearman_scores": [
        0.4122642343318153,
        0.4751407189803462,
        0.3491205227082127
      ],
      "unstable": true,
      "warning": "\u26a0\ufe0f  Unstable across folds (std=0.0514)"
    }
  },
  "ResidualMLP": {
    "model": "ResidualMLP",
    "eval_mode": "groupcv",
    "fold_results": [
      {
        "fold": 1,
        "train": {
          "spearman": 0.9264281336896519,
          "pearson": 0.9526964426040649,
          "r2": 0.8997929096221924,
          "rmse": 0.8642543986624843,
          "mae": 0.6659631729125977,
          "kendall_tau": 0.7749023415400359
        },
        "val": {
          "spearman": 0.40652177790095084,
          "pearson": 0.48527806997299194,
          "r2": 0.19175362586975098,
          "rmse": 2.5212087325433763,
          "mae": 1.8977001905441284,
          "kendall_tau": 0.2818827885979805
        }
      },
      {
        "fold": 2,
        "train": {
          "spearman": 0.9340140791394185,
          "pearson": 0.9579470157623291,
          "r2": 0.9115352630615234,
          "rmse": 0.8419115028312348,
          "mae": 0.6362189650535583,
          "kendall_tau": 0.7876652873257967
        },
        "val": {
          "spearman": 0.5149760650692051,
          "pearson": 0.5690774917602539,
          "r2": 0.2592132091522217,
          "rmse": 2.232260817544389,
          "mae": 1.7141125202178955,
          "kendall_tau": 0.35900338406758303
        }
      },
      {
        "fold": 3,
        "train": {
          "spearman": 0.9221986966488054,
          "pearson": 0.948972225189209,
          "r2": 0.8976721167564392,
          "rmse": 0.8670606434456497,
          "mae": 0.6548604965209961,
          "kendall_tau": 0.7683790872924902
        },
        "val": {
          "spearman": 0.3617337787666019,
          "pearson": 0.4589482247829437,
          "r2": 0.1296808123588562,
          "rmse": 2.662268070632112,
          "mae": 2.027656078338623,
          "kendall_tau": 0.2543166873235657
        }
      }
    ],
    "overfitting_check": {
      "threshold": 0.15,
      "gaps": [
        0.5199063557887011,
        0.41903801407021335,
        0.5604649178822034
      ],
      "mean_gap": 0.49980309591370603,
      "max_gap": 0.5604649178822034,
      "overfitting_flags": [
        true,
        true,
        true
      ],
      "n_overfitting_folds": 3,
      "warning": "\u26a0\ufe0f  Overfitting detected in 3 fold(s)"
    },
    "stability_check": {
      "threshold": 0.05,
      "val_spearman_std": 0.06433548837744704,
      "val_spearman_scores": [
        0.40652177790095084,
        0.5149760650692051,
        0.3617337787666019
      ],
      "unstable": true,
      "warning": "\u26a0\ufe0f  Unstable across folds (std=0.0643)"
    }
  },
  "FTTransformer": {
    "model": "FTTransformer",
    "eval_mode": "groupcv",
    "fold_results": [
      {
        "fold": 1,
        "train": {
          "spearman": 0.892887361627501,
          "pearson": 0.9284302592277527,
          "r2": 0.8518260717391968,
          "rmse": 1.0509409729908419,
          "mae": 0.7813881039619446,
          "kendall_tau": 0.7269248725780543
        },
        "val": {
          "spearman": 0.4099841307270604,
          "pearson": 0.5092845559120178,
          "r2": 0.11363697052001953,
          "rmse": 2.640236007660577,
          "mae": 1.9394105672836304,
          "kendall_tau": 0.28647514857835477
        }
      },
      {
        "fold": 2,
        "train": {
          "spearman": 0.9050691540187679,
          "pearson": 0.9360936284065247,
          "r2": 0.872245192527771,
          "rmse": 1.011742551074403,
          "mae": 0.749871551990509,
          "kendall_tau": 0.7441224096079124
        },
        "val": {
          "spearman": 0.47406236527192197,
          "pearson": 0.5334934592247009,
          "r2": 0.21242254972457886,
          "rmse": 2.30168002178821,
          "mae": 1.7715078592300415,
          "kendall_tau": 0.3292201202476127
        }
      },
      {
        "fold": 3,
        "train": {
          "spearman": 0.8922997646102381,
          "pearson": 0.9248644709587097,
          "r2": 0.8497233390808105,
          "rmse": 1.0507471582490922,
          "mae": 0.7814877033233643,
          "kendall_tau": 0.7255971355738182
        },
        "val": {
          "spearman": 0.32145275147303115,
          "pearson": 0.4250151515007019,
          "r2": 0.09373468160629272,
          "rmse": 2.716690686671624,
          "mae": 2.036170244216919,
          "kendall_tau": 0.22470763234340715
        }
      }
    ],
    "overfitting_check": {
      "threshold": 0.15,
      "gaps": [
        0.4829032309004406,
        0.4310067887468459,
        0.570847013137207
      ],
      "mean_gap": 0.4949190109281645,
      "max_gap": 0.570847013137207,
      "overfitting_flags": [
        true,
        true,
        true
      ],
      "n_overfitting_folds": 3,
      "warning": "\u26a0\ufe0f  Overfitting detected in 3 fold(s)"
    },
    "stability_check": {
      "threshold": 0.05,
      "val_spearman_std": 0.06256864628270621,
      "val_spearman_scores": [
        0.4099841307270604,
        0.47406236527192197,
        0.32145275147303115
      ],
      "unstable": true,
      "warning": "\u26a0\ufe0f  Unstable across folds (std=0.0626)"
    }
  },
  "CrossAttention": {
    "model": "CrossAttention",
    "eval_mode": "groupcv",
    "fold_results": [
      {
        "fold": 1,
        "train": {
          "spearman": 0.8995184658929474,
          "pearson": 0.9339563846588135,
          "r2": 0.8493091464042664,
          "rmse": 1.059829103710863,