{
  "GAT": {
    "model": "GAT",
    "eval_mode": "groupcv",
    "device": "cpu",
    "fold_results": [
      {
        "fold": 1,
        "train": {
          "spearman": 0.34356168069216875,
          "pearson": 0.4057966470718384,
          "r2": 0.14447295665740967,
          "rmse": 2.5252782762736525,
          "mae": 1.969139575958252,
          "kendall_tau": 0.2358239853009539
        },
        "val": {
          "spearman": 0.28736724531472585,
          "pearson": 0.30459320545196533,
          "r2": 0.08637923002243042,
          "rmse": 2.6805252233797483,
          "mae": 2.036672830581665,
          "kendall_tau": 0.19522919801123614
        }
      },
      {
        "fold": 2,
        "train": {
          "spearman": 0.6760547531721187,
          "pearson": 0.7387818098068237,
          "r2": 0.5248277187347412,
          "rmse": 1.951223134082538,
          "mae": 1.4909271001815796,
          "kendall_tau": 0.49508198616577304
        },
        "val": {
          "spearman": 0.4563275479830009,
          "pearson": 0.5079203248023987,
          "r2": 0.246501624584198,
          "rmse": 2.2513316770115797,
          "mae": 1.7318607568740845,
          "kendall_tau": 0.31684174396037457
        }
      },
      {
        "fold": 3,
        "train": {
          "spearman": 0.6073611648097393,
          "pearson": 0.6378883719444275,
          "r2": 0.36941957473754883,
          "rmse": 2.1523988027853225,
          "mae": 1.6283628940582275,
          "kendall_tau": 0.4327344207462736
        },
        "val": {
          "spearman": 0.39521386456860474,
          "pearson": 0.5010983943939209,
          "r2": 0.2484075427055359,
          "rmse": 2.4740229440918826,
          "mae": 1.9353289604187012,
          "kendall_tau": 0.27424147325200093
        }
      }
    ]
  }
}