{
  "FlatMLP": {
    "model": "FlatMLP",
    "eval_mode": "holdout",
    "train": {
      "spearman": 0.8463651502151925,
      "pearson": 0.898462176322937,
      "r2": 0.791689932346344,
      "rmse": 1.2621512601768374,
      "mae": 0.9444305300712585,
      "kendall_tau": 0.6711054606964559
    },
    "test": {
      "spearman": 0.8328536942280808,
      "pearson": 0.8861163854598999,
      "r2": 0.7721067070960999,
      "rmse": 1.305212908729435,
      "mae": 0.9722665548324585,
      "kendall_tau": 0.6559204193337019
    },
    "gap": {
      "spearman": 0.013511455987111787,
      "rmse": -0.04306164855259764
    }
  },
  "ResidualMLP": {
    "model": "ResidualMLP",
    "eval_mode": "holdout",
    "train": {
      "spearman": 0.8632766208663593,
      "pearson": 0.9114347696304321,
      "r2": 0.8266808986663818,
      "rmse": 1.1512762265112224,
      "mae": 0.8477610349655151,
      "kendall_tau": 0.693383372541705
    },
    "test": {
      "spearman": 0.8411082848699283,
      "pearson": 0.8917721509933472,
      "r2": 0.7925379276275635,
      "rmse": 1.2453314862305653,
      "mae": 0.912942111492157,
      "kendall_tau": 0.6667692218987411
    },
    "gap": {
      "spearman": 0.022168335996430977,
      "rmse": -0.09405525971934292
    }
  },
  "FTTransformer": {
    "model": "FTTransformer",
    "eval_mode": "holdout",
    "train": {
      "spearman": 0.8333573940221665,
      "pearson": 0.8874353766441345,
      "r2": 0.7776135802268982,
      "rmse": 1.3040985788400046,
      "mae": 0.9503145217895508,
      "kendall_tau": 0.6557084077441931
    },
    "test": {
      "spearman": 0.8249702486140236,
      "pearson": 0.8798271417617798,
      "r2": 0.7627546787261963,
      "rmse": 1.331724517498263,
      "mae": 0.9695353507995605,
      "kendall_tau": 0.6471492166015878
    },
    "gap": {
      "spearman": 0.008387145408142893,
      "rmse": -0.027625938658258464
    }
  },
  "CrossAttention": {
    "model": "CrossAttention",
    "eval_mode": "holdout",
    "train": {
      "spearman": 0.8191185363018377,
      "pearson": 0.8674912452697754,
      "r2": 0.7491663694381714,
      "rmse": 1.3849981244621936,
      "mae": 1.037103295326233,
      "kendall_tau": 0.6374528376405523
    },
    "test": {
      "spearman": 0.8163576127351269,
      "pearson": 0.8640926480293274,
      "r2": 0.7435902953147888,
      "rmse": 1.3844676053523537,
      "mae": 1.0347541570663452,
      "kendall_tau": 0.6350078863674884
    },
    "gap": {
      "spearman": 0.002760923566710871,
      "rmse": 0.000530519109839922
    }
  },
  "TabNet": {
    "model": "TabNet",
    "eval_mode": "holdout",
    "train": {
      "spearman": 0.9117142303305932,
      "pearson": 0.9409463405609131,
      "r2": 0.8839373588562012,
      "rmse": 0.9421119419249252,
      "mae": 0.6064185500144958,
      "kendall_tau": 0.7715875520274722
    },
    "test": {
      "spearman": 0.8408852057283239,
      "pearson": 0.8910618424415588,
      "r2": 0.7907418608665466,
      "rmse": 1.250710333220125,
      "mae": 0.8995836973190308,
      "kendall_tau": 0.6677784501198711
    },
    "gap": {
      "spearman": 0.07082902460226925,
      "rmse": -0.30859839129519984
    }
  },
  "WideDeep": {
    "model": "WideDeep",
    "eval_mode": "holdout",
    "train": {
      "spearman": 0.8381096832446052,
      "pearson": 0.8905333876609802,
      "r2": 0.7857022881507874,
      "rmse": 1.2801623496272643,
      "mae": 0.9370935559272766,
      "kendall_tau": 0.6598680259637651
    },
    "test": {
      "spearman": 0.8287806373794498,
      "pearson": 0.8831878304481506,
      "r2": 0.7728813886642456,
      "rmse": 1.3029926736000645,
      "mae": 0.9542632699012756,
      "kendall_tau": 0.649904486132249
    },
    "gap": {
      "spearman": 0.009329045865155372,
      "rmse": -0.02283032397280027
    }
  },
  "TabTransformer": {
    "model": "TabTransformer",
    "eval_mode": "holdout",
    "train": {
      "spearman": 0.8546473945989147,
      "pearson": 0.9038050174713135,
      "r2": 0.816798210144043,
      "rmse": 1.1836441079685285,
      "mae": 0.860855758190155,
      "kendall_tau": 0.6814406285720043
    },
    "test": {
      "spearman": 0.8393603715293423,
      "pearson": 0.889032781124115,
      "r2": 0.7903034090995789,
      "rmse": 1.2520199667097147,
      "mae": 0.9058529138565063,
      "kendall_tau": 0.6639572629463188
    },
    "gap": {
      "spearman": 0.015287023069572414,
      "rmse": -0.06837585874118624
    }
  }
}