{
  "LightGBM": {
    "model": "LightGBM",
    "eval_mode": "holdout",
    "train": {
      "spearman": 0.835237311004782,
      "pearson": 0.8895001240982482,
      "r2": 0.7896574296806492,
      "rmse": 1.2682937616493692,
      "mae": 0.9451094691639104,
      "kendall_tau": 0.6564467433649066
    },
    "test": {
      "spearman": 0.8273528480514055,
      "pearson": 0.8815389043832946,
      "r2": 0.7760472822127856,
      "rmse": 1.2938792057575828,
      "mae": 0.9594304594367093,
      "kendall_tau": 0.6480499548589804
    },
    "gap": {
      "spearman": 0.007884462953376525,
      "rmse": -0.025585444108213506
    }
  },
  "LightGBM_DART": {
    "model": "LightGBM_DART",
    "eval_mode": "holdout",
    "train": {
      "spearman": 0.8116017910673321,
      "pearson": 0.867971891303289,
      "r2": 0.7135113640893673,
      "rmse": 1.4801644449421527,
      "mae": 1.1564522507083494,
      "kendall_tau": 0.6296821985625963
    },
    "test": {
      "spearman": 0.8072977820968545,
      "pearson": 0.8635237745526753,
      "r2": 0.7059416688609814,
      "rmse": 1.4826283791664676,
      "mae": 1.1555653278002818,
      "kendall_tau": 0.6253179928559478
    },
    "gap": {
      "spearman": 0.0043040089704775575,
      "rmse": -0.002463934224314901
    }
  },
  "XGBoost": {
    "model": "XGBoost",
    "eval_mode": "holdout",
    "train": {
      "spearman": 0.8695034033458625,
      "pearson": 0.9155933856964111,
      "r2": 0.8376184105873108,
      "rmse": 1.11435778584773,
      "mae": 0.8107409477233887,
      "kendall_tau": 0.7000458041009852
    },
    "test": {
      "spearman": 0.8329559405763626,
      "pearson": 0.88579261302948,
      "r2": 0.7846181392669678,
      "rmse": 1.268878757351365,
      "mae": 0.9327719807624817,
      "kendall_tau": 0.6551313937863529
    },
    "gap": {
      "spearman": 0.03654746276949994,
      "rmse": -0.15452097150363486
    }
  },
  "CatBoost": {
    "model": "CatBoost",
    "eval_mode": "holdout",
    "train": {
      "spearman": 0.8612074413601176,
      "pearson": 0.9101447306051645,
      "r2": 0.8275081027783964,
      "rmse": 1.1485254351998364,
      "mae": 0.847645157706561,
      "kendall_tau": 0.6883981157126905
    },
    "test": {
      "spearman": 0.8419141553017042,
      "pearson": 0.8932197473742757,
      "r2": 0.797590906872836,
      "rmse": 1.2300721172263012,
      "mae": 0.90083760226744,
      "kendall_tau": 0.6660493238029412
    },
    "gap": {
      "spearman": 0.019293286058413406,
      "rmse": -0.08154668202646476
    }
  },
  "RandomForest": {
    "model": "RandomForest",
    "eval_mode": "holdout",
    "train": {
      "spearman": 0.9429601641137354,
      "pearson": 0.9605362718878255,
      "r2": 0.9203749240103919,
      "rmse": 0.7803352000963422,
      "mae": 0.47257932953504966,
      "kendall_tau": 0.8258507907643753
    },
    "test": {
      "spearman": 0.8172211825461095,
      "pearson": 0.8739261219179761,
      "r2": 0.7636910295596652,
      "rmse": 1.3290939119766778,
      "mae": 0.9753463795333058,
      "kendall_tau": 0.6391562421605476
    },
    "gap": {
      "spearman": 0.12573898156762586,
      "rmse": -0.5487587118803356
    }
  },
  "ExtraTrees": {
    "model": "ExtraTrees",
    "eval_mode": "holdout",
    "train": {
      "spearman": 0.9585416484895323,
      "pearson": 0.9715807093893878,
      "r2": 0.9439690748575965,
      "rmse": 0.6545912031492167,
      "mae": 0.1854950773386514,
      "kendall_tau": 0.9039174777080198
    },
    "test": {
      "spearman": 0.8199767824083751,
      "pearson": 0.8762272111783025,
      "r2": 0.7677692329043269,
      "rmse": 1.3175752948895638,
      "mae": 0.9629272722492965,
      "kendall_tau": 0.6436615379164923
    },
    "gap": {
      "spearman": 0.13856486608115715,
      "rmse": -0.6629840917403471
    }
  }
}