rank,canonical_drug_id,pred_ic50_mean,pred_ic50_std,pred_ic50_min,pred_ic50_max,n_samples,n_celllines
10,1016,0.09492782969381039,1.2255058528603626,-2.9969746068846055,4.824816687053385,468,283
12,1706,0.9029433732581239,0.8730411806967179,-1.7908570382697517,4.236384377903789,388,248
13,1581,0.9814178072971216,0.7905394613664736,-1.2521479406327503,4.179711371183364,390,249
14,1004,1.0301983758816042,0.9322649435736245,-1.8028454559349045,4.641846680685284,399,249
16,1026,1.2546890061730656,0.983845412323204,-1.5322027757026833,4.85446970153457,481,290
17,1598,1.270441684409925,0.7895159588556411,-0.9721505112072837,4.829216938729196,487,293
18,1830,1.2871974235548966,0.8013167673920701,-0.9401703112491719,4.640623572248205,390,249
21,2172,1.397916198134528,1.0140595144345979,-1.9344891473319858,4.5639659142475315,481,290
22,1617,1.4040462295038694,1.0083900831926214,-1.588614921182188,5.331123213581083,458,281
24,2110,1.4668039084104092,0.8255186048624717,-0.9125301895892259,4.770103869606915,479,290
26,1720,1.5388147939637609,1.071623933678534,-1.3826851266762779,5.8170724806151375,386,247
27,2148,1.5457334353399141,0.8395020463237537,-0.9959655655529049,4.971975592638039,399,250
29,1817,1.6049477447341587,0.9313156113976019,-1.3019136540017122,4.691574686227806,390,249
