{
  "cancer": "brca",
  "track": "2C_numeric_smiles_context",
  "model": "XGBoost",
  "eval_mode": "groupcv",
  "core_mean": {
    "spearman": 0.46007755970502157,
    "pearson": 0.4935394326845805,
    "kendall_tau": 0.32141149332508356,
    "rmse": 2.2806095887573083,
    "mae": 1.7362610896428425,
    "r2": 0.23463686307271323
  },
  "overfit": {
    "train_spearman": 0.8192881502308033,
    "test_spearman": 0.46007755970502157,
    "spearman_gap": 0.3592105905257817,
    "train_rmse": 1.309226930953285,
    "test_rmse": 2.2806095887573083,
    "rmse_gap": -0.9713826578040233,
    "fold_mean": 0.46007755970502157,
    "fold_std": 0.0720067435313472,
    "fold_min": 0.36153838830781115,
    "fold_max": 0.5315953014226592
  },
  "ranking_mean": {
    "precision_at_5": 0.4666666666666666,
    "precision_at_10": 0.5333333333333333,
    "precision_at_30": 0.4444444444444444,
    "ndcg_at_5": 0.05821024598392104,
    "ndcg_at_10": 0.11352076693954426,
    "ndcg_at_30": 0.13196156028150952,
    "hit_rate_at_10": 1.0,
    "hit_rate_at_30": 1.0
  },
  "split_leakage_mean": {
    "train_rows": 5153.333333333333,
    "test_rows": 2576.6666666666665,
    "train_unique_drugs": 196.66666666666666,
    "test_unique_drugs": 98.33333333333333,
    "train_unique_scaffolds": 151.66666666666666,
    "test_unique_scaffolds": 79.33333333333333,
    "train_test_drug_overlap_count": 0.0,
    "train_test_drug_overlap_rate": 0.0,
    "train_test_scaffold_overlap_count": 11.0,
    "train_test_scaffold_overlap_rate": 0.13833615608336078
  },
  "label_drift_mean": {
    "train_label_mean": 3.1267468134562173,
    "test_label_mean": 3.126758575439453,
    "train_label_std": 2.623774607976278,
    "test_label_std": 2.61930243174235,
    "label_mean_diff": -1.1761983235677084e-05,
    "label_ks_statistic": 0.057240233151776086,
    "label_ks_pvalue": 0.0004423519704285981
  },
  "folds": [
    {
      "split_id": "groupcv_fold1",
      "train": {
        "spearman": 0.8193481647995527,
        "pearson": 0.8765091300010681,
        "kendall_tau": 0.6412330288775964,
        "rmse": 1.2977729354474843,
        "mae": 0.9720193147659302,
        "r2": 0.7399224042892456
      },
      "test": {
        "spearman": 0.5315953014226592,
        "pearson": 0.5455830693244934,
        "kendall_tau": 0.3707335724618085,
        "rmse": 2.329415290224101,
        "mae": 1.730737566947937,
        "r2": 0.2953551411628723
      },
      "ranking": {
        "precision_at_5": 0.6,
        "precision_at_10": 0.8,
        "precision_at_30": 0.5666666666666667,
        "ndcg_at_5": 0.016194129650538038,
        "ndcg_at_10": 0.024811041271162657,
        "ndcg_at_30": 0.029942741460019667,
        "hit_rate_at_10": 1.0,
        "hit_rate_at_30": 1.0
      },
      "split": {
        "train_rows": 5153,
        "test_rows": 2577,
        "train_unique_drugs": 197,
        "test_unique_drugs": 98,
        "train_unique_scaffolds": 155,
        "test_unique_scaffolds": 79,
        "train_test_drug_overlap_count": 0,
        "train_test_drug_overlap_rate": 0.0,
        "train_test_scaffold_overlap_count": 14,
        "train_test_scaffold_overlap_rate": 0.17721518987341772,
        "drug_overlap_rule_ok": true,
        "scaffold_overlap_rule_ok": true
      },
      "drift": {
        "train_label_mean": 3.189368486404419,
        "test_label_mean": 3.001516103744507,
        "train_label_std": 2.54476261138916,
        "test_label_std": 2.7749922275543213,
        "label_mean_diff": 0.1878523826599121,
        "label_ks_statistic": 0.04672609910129923,
        "label_ks_pvalue": 0.001045070763142173
      }
    },
    {
      "split_id": "groupcv_fold2",
      "train": {
        "spearman": 0.8373416607554812,
        "pearson": 0.8974957466125488,
        "kendall_tau": 0.6594746255669662,
        "rmse": 1.27533201868721,
        "mae": 0.9926854372024536,
        "r2": 0.7801119089126587
      },
      "test": {
        "spearman": 0.36153838830781115,
        "pearson": 0.3767033815383911,
        "kendall_tau": 0.24813971485627667,
        "rmse": 2.2941080671429734,
        "mae": 1.7240272760391235,
        "r2": 0.10531467199325562
      },
      "ranking": {
        "precision_at_5": 0.6,
        "precision_at_10": 0.5,
        "precision_at_30": 0.5,
        "ndcg_at_5": 0.15166967589240737,
        "ndcg_at_10": 0.14702960024357728,
        "ndcg_at_30": 0.16359299500185737,
        "hit_rate_at_10": 1.0,
        "hit_rate_at_30": 1.0
      },
      "split": {
        "train_rows": 5153,
        "test_rows": 2577,
        "train_unique_drugs": 196,
        "test_unique_drugs": 99,
        "train_unique_scaffolds": 152,
        "test_unique_scaffolds": 76,
        "train_test_drug_overlap_count": 0,
        "train_test_drug_overlap_rate": 0.0,
        "train_test_scaffold_overlap_count": 8,
        "train_test_scaffold_overlap_rate": 0.10526315789473684,
        "drug_overlap_rule_ok": true,
        "scaffold_overlap_rule_ok": true
      },
      "drift": {
        "train_label_mean": 3.124788284301758,
        "test_label_mean": 3.1306509971618652,
        "train_label_std": 2.7197089195251465,
        "test_label_std": 2.4253740310668945,
        "label_mean_diff": -0.005862712860107422,
        "label_ks_statistic": 0.050713815002483946,
        "label_ks_pvalue": 0.00028197411329578263
      }
    },
    {
      "split_id": "groupcv_fold3",
      "train": {
        "spearman": 0.8011746251373759,
        "pearson": 0.8686926960945129,
        "kendall_tau": 0.6241421056270158,
        "rmse": 1.3545758387251603,
        "mae": 1.0044009685516357,
        "r2": 0.7299937605857849
      },
      "test": {
        "spearman": 0.4870989893845944,
        "pearson": 0.5583318471908569,
        "kendall_tau": 0.3453611926571656,
        "rmse": 2.21830540890485,
        "mae": 1.7540184259414673,
        "r2": 0.3032407760620117
      },
      "ranking": {
        "precision_at_5": 0.2,
        "precision_at_10": 0.3,
        "precision_at_30": 0.26666666666666666,
        "ndcg_at_5": 0.00676693240881771,
        "ndcg_at_10": 0.16872165930389282,
        "ndcg_at_30": 0.2023489443826515,
        "hit_rate_at_10": 1.0,
        "hit_rate_at_30": 1.0
      },
      "split": {
        "train_rows": 5154,
        "test_rows": 2576,
        "train_unique_drugs": 197,
        "test_unique_drugs": 98,
        "train_unique_scaffolds": 148,
        "test_unique_scaffolds": 83,
        "train_test_drug_overlap_count": 0,
        "train_test_drug_overlap_rate": 0.0,
        "train_test_scaffold_overlap_count": 11,
        "train_test_scaffold_overlap_rate": 0.13253012048192772,
        "drug_overlap_rule_ok": true,
        "scaffold_overlap_rule_ok": true
      },
      "drift": {
        "train_label_mean": 3.0660836696624756,
        "test_label_mean": 3.2481086254119873,
        "train_label_std": 2.6068522930145264,
        "test_label_std": 2.657541036605835,
        "label_mean_diff": -0.18202495574951172,
        "label_ks_statistic": 0.07428078535154509,
        "label_ks_pvalue": 1.1034847838719117e-08
      }
    }
  ]
}