{
  "cancer": "brca",
  "track": "2B_numeric_smiles",
  "model": "CatBoost",
  "eval_mode": "groupcv",
  "core_mean": {
    "spearman": 0.4211905601951753,
    "pearson": 0.46698601497734554,
    "kendall_tau": 0.2938930153360037,
    "rmse": 2.310942461107943,
    "mae": 1.7401400630344976,
    "r2": 0.21663653459788945
  },
  "overfit": {
    "train_spearman": 0.7427140173579204,
    "test_spearman": 0.4211905601951753,
    "spearman_gap": 0.3215234571627453,
    "train_rmse": 1.5780076299327466,
    "test_rmse": 2.310942461107943,
    "rmse_gap": -0.7329348311751965,
    "fold_mean": 0.4211905601951753,
    "fold_std": 0.06442077645524401,
    "fold_min": 0.3391684014175355,
    "fold_max": 0.4965429960035736
  },
  "ranking_mean": {
    "precision_at_5": 0.6666666666666666,
    "precision_at_10": 0.6333333333333333,
    "precision_at_30": 0.6,
    "ndcg_at_5": 0.18348966297701627,
    "ndcg_at_10": 0.192834767379044,
    "ndcg_at_30": 0.2041116529700002,
    "hit_rate_at_10": 1.0,
    "hit_rate_at_30": 1.0
  },
  "split_leakage_mean": {
    "train_rows": 5153.333333333333,
    "test_rows": 2576.6666666666665,
    "train_unique_drugs": 196.66666666666666,
    "test_unique_drugs": 98.33333333333333,
    "train_unique_scaffolds": 151.66666666666666,
    "test_unique_scaffolds": 79.33333333333333,
    "train_test_drug_overlap_count": 0.0,
    "train_test_drug_overlap_rate": 0.0,
    "train_test_scaffold_overlap_count": 11.0,
    "train_test_scaffold_overlap_rate": 0.13833615608336078
  },
  "label_drift_mean": {
    "train_label_mean": 3.1267468134562173,
    "test_label_mean": 3.126758575439453,
    "train_label_std": 2.623774607976278,
    "test_label_std": 2.61930243174235,
    "label_mean_diff": -1.1761983235677084e-05,
    "label_ks_statistic": 0.057240233151776086,
    "label_ks_pvalue": 0.0004423519704285981
  },
  "folds": [
    {
      "split_id": "groupcv_fold1",
      "train": {
        "spearman": 0.7333066387881519,
        "pearson": 0.8182906540144127,
        "kendall_tau": 0.5529101005677269,
        "rmse": 1.5624476205922757,
        "mae": 1.213721485279146,
        "r2": 0.6230216309834331
      },
      "test": {
        "spearman": 0.4965429960035736,
        "pearson": 0.5206887931178948,
        "kendall_tau": 0.3495373915382384,
        "rmse": 2.3779566717901606,
        "mae": 1.721316122172971,
        "r2": 0.2656817493731536
      },
      "ranking": {
        "precision_at_5": 0.8,
        "precision_at_10": 0.7,
        "precision_at_30": 0.7,
        "ndcg_at_5": 0.0471652683468029,
        "ndcg_at_10": 0.08945672271699978,
        "ndcg_at_30": 0.07963680749099677,
        "hit_rate_at_10": 1.0,
        "hit_rate_at_30": 1.0
      },
      "split": {
        "train_rows": 5153,
        "test_rows": 2577,
        "train_unique_drugs": 197,
        "test_unique_drugs": 98,
        "train_unique_scaffolds": 155,
        "test_unique_scaffolds": 79,
        "train_test_drug_overlap_count": 0,
        "train_test_drug_overlap_rate": 0.0,
        "train_test_scaffold_overlap_count": 14,
        "train_test_scaffold_overlap_rate": 0.17721518987341772,
        "drug_overlap_rule_ok": true,
        "scaffold_overlap_rule_ok": true
      },
      "drift": {
        "train_label_mean": 3.189368486404419,
        "test_label_mean": 3.001516103744507,
        "train_label_std": 2.54476261138916,
        "test_label_std": 2.7749922275543213,
        "label_mean_diff": 0.1878523826599121,
        "label_ks_statistic": 0.04672609910129923,
        "label_ks_pvalue": 0.001045070763142173
      }
    },
    {
      "split_id": "groupcv_fold2",
      "train": {
        "spearman": 0.7677919604359144,
        "pearson": 0.8415735944779562,
        "kendall_tau": 0.584058560277852,
        "rmse": 1.5650333281450548,
        "mae": 1.233564932216009,
        "r2": 0.668867116449074
      },
      "test": {
        "spearman": 0.3391684014175355,
        "pearson": 0.35764705318837053,
        "kendall_tau": 0.23324975789870045,
        "rmse": 2.2746719908076987,
        "mae": 1.6856996211968882,
        "r2": 0.12041029732228647
      },
      "ranking": {
        "precision_at_5": 1.0,
        "precision_at_10": 0.8,
        "precision_at_30": 0.5666666666666667,
        "ndcg_at_5": 0.4608942246412535,
        "ndcg_at_10": 0.40131276120098525,
        "ndcg_at_30": 0.3491417655708763,
        "hit_rate_at_10": 1.0,
        "hit_rate_at_30": 1.0
      },
      "split": {
        "train_rows": 5153,
        "test_rows": 2577,
        "train_unique_drugs": 196,
        "test_unique_drugs": 99,
        "train_unique_scaffolds": 152,
        "test_unique_scaffolds": 76,
        "train_test_drug_overlap_count": 0,
        "train_test_drug_overlap_rate": 0.0,
        "train_test_scaffold_overlap_count": 8,
        "train_test_scaffold_overlap_rate": 0.10526315789473684,
        "drug_overlap_rule_ok": true,
        "scaffold_overlap_rule_ok": true
      },
      "drift": {
        "train_label_mean": 3.124788284301758,
        "test_label_mean": 3.1306509971618652,
        "train_label_std": 2.7197089195251465,
        "test_label_std": 2.4253740310668945,
        "label_mean_diff": -0.005862712860107422,
        "label_ks_statistic": 0.050713815002483946,
        "label_ks_pvalue": 0.00028197411329578263
      }
    },
    {
      "split_id": "groupcv_fold3",
      "train": {
        "spearman": 0.7270434528496954,
        "pearson": 0.812981865536091,
        "kendall_tau": 0.5479467247643918,
        "rmse": 1.6065419410609094,
        "mae": 1.2254358620056975,
        "r2": 0.6202032422627304
      },
      "test": {
        "spearman": 0.4278602831644168,
        "pearson": 0.5226221986257713,
        "kendall_tau": 0.29889189657107224,
        "rmse": 2.2801987207259704,
        "mae": 1.813404445733633,
        "r2": 0.2638175570982283
      },
      "ranking": {
        "precision_at_5": 0.2,
        "precision_at_10": 0.4,
        "precision_at_30": 0.5333333333333333,
        "ndcg_at_5": 0.04240949594299232,
        "ndcg_at_10": 0.08773481821914696,
        "ndcg_at_30": 0.18355638584812747,
        "hit_rate_at_10": 1.0,
        "hit_rate_at_30": 1.0
      },
      "split": {
        "train_rows": 5154,
        "test_rows": 2576,
        "train_unique_drugs": 197,
        "test_unique_drugs": 98,
        "train_unique_scaffolds": 148,
        "test_unique_scaffolds": 83,
        "train_test_drug_overlap_count": 0,
        "train_test_drug_overlap_rate": 0.0,
        "train_test_scaffold_overlap_count": 11,
        "train_test_scaffold_overlap_rate": 0.13253012048192772,
        "drug_overlap_rule_ok": true,
        "scaffold_overlap_rule_ok": true
      },
      "drift": {
        "train_label_mean": 3.0660836696624756,
        "test_label_mean": 3.2481086254119873,
        "train_label_std": 2.6068522930145264,
        "test_label_std": 2.657541036605835,
        "label_mean_diff": -0.18202495574951172,
        "label_ks_statistic": 0.07428078535154509,
        "label_ks_pvalue": 1.1034847838719117e-08
      }
    }
  ]
}