{
  "cancer": "brca",
  "track": "2A_numeric",
  "model": "ElasticNet",
  "eval_mode": "cv",
  "core_mean": {
    "spearman": 0.2496542572044266,
    "pearson": 0.2262194554011027,
    "kendall_tau": 0.1715585595731363,
    "rmse": 2.5592399837392605,
    "mae": 1.9212708075841267,
    "r2": 0.04901629686355591
  },
  "overfit": {
    "train_spearman": 0.2680824604229522,
    "test_spearman": 0.2496542572044266,
    "spearman_gap": 0.018428203218525563,
    "train_rmse": 2.5443370257706976,
    "test_rmse": 2.5592399837392605,
    "rmse_gap": -0.014902957968563038,
    "fold_mean": 0.2496542572044266,
    "fold_std": 0.010569252145894839,
    "fold_min": 0.23769972926897093,
    "fold_max": 0.2634020155428854
  },
  "ranking_mean": {
    "precision_at_5": 0.6666666666666666,
    "precision_at_10": 0.46666666666666673,
    "precision_at_30": 0.4444444444444444,
    "ndcg_at_5": 0.024166489603081223,
    "ndcg_at_10": 0.02551963023356642,
    "ndcg_at_30": 0.03948585903527007,
    "hit_rate_at_10": 1.0,
    "hit_rate_at_30": 1.0
  },
  "split_leakage_mean": {
    "train_rows": 5153.333333333333,
    "test_rows": 2576.6666666666665,
    "train_unique_drugs": 291.6666666666667,
    "test_unique_drugs": 288.3333333333333,
    "train_unique_scaffolds": 216.66666666666666,
    "test_unique_scaffolds": 213.33333333333334,
    "train_test_drug_overlap_count": 285.0,
    "train_test_drug_overlap_rate": 0.9884894243785997,
    "train_test_scaffold_overlap_count": 210.0,
    "train_test_scaffold_overlap_rate": 0.9844661262290259
  },
  "label_drift_mean": {
    "train_label_mean": 3.126741568247477,
    "test_label_mean": 3.126737912495931,
    "train_label_std": 2.625060240427653,
    "test_label_std": 2.6244657834370932,
    "label_mean_diff": 3.6557515462239585e-06,
    "label_ks_statistic": 0.02649029456841759,
    "label_ks_pvalue": 0.2171403552506631
  },
  "folds": [
    {
      "split_id": "cv_fold1",
      "train": {
        "spearman": 0.2722047456576561,
        "pearson": 0.25060638785362244,
        "kendall_tau": 0.18783987541854366,
        "rmse": 2.5369242423673652,
        "mae": 1.8999464511871338,
        "r2": 0.06280004978179932
      },
      "test": {
        "spearman": 0.23769972926897093,
        "pearson": 0.21498508751392365,
        "kendall_tau": 0.16256057887998135,
        "rmse": 2.574635959558024,
        "mae": 1.934350848197937,
        "r2": 0.044650375843048096
      },
      "ranking": {
        "precision_at_5": 0.6,
        "precision_at_10": 0.4,
        "precision_at_30": 0.3333333333333333,
        "ndcg_at_5": 0.015422735218242155,
        "ndcg_at_10": 0.015639484293646862,
        "ndcg_at_30": 0.023354987427969747,
        "hit_rate_at_10": 1.0,
        "hit_rate_at_30": 1.0
      },
      "split": {
        "train_rows": 5153,
        "test_rows": 2577,
        "train_unique_drugs": 294,
        "test_unique_drugs": 286,
        "train_unique_scaffolds": 219,
        "test_unique_scaffolds": 211,
        "train_test_drug_overlap_count": 285,
        "train_test_drug_overlap_rate": 0.9965034965034965,
        "train_test_scaffold_overlap_count": 210,
        "train_test_scaffold_overlap_rate": 0.995260663507109,
        "drug_overlap_rule_ok": true,
        "scaffold_overlap_rule_ok": true
      },
      "drift": {
        "train_label_mean": 3.1484804153442383,
        "test_label_mean": 3.0832760334014893,
        "train_label_std": 2.6205434799194336,
        "test_label_std": 2.6341145038604736,
        "label_mean_diff": 0.06520438194274902,
        "label_ks_statistic": 0.028447699841580278,
        "label_ks_pvalue": 0.12048829067256756
      }
    },
    {
      "split_id": "cv_fold2",
      "train": {
        "spearman": 0.27209585931381475,
        "pearson": 0.2503155469894409,
        "kendall_tau": 0.1869986598493188,
        "rmse": 2.5604186560610396,
        "mae": 1.9200208187103271,
        "r2": 0.06265479326248169
      },
      "test": {
        "spearman": 0.24786102680142352,
        "pearson": 0.21910429000854492,
        "kendall_tau": 0.1713144845123194,
        "rmse": 2.5271449769990895,
        "mae": 1.922918677330017,
        "r2": 0.04368698596954346
      },
      "ranking": {
        "precision_at_5": 1.0,
        "precision_at_10": 0.7,
        "precision_at_30": 0.5,
        "ndcg_at_5": 0.034295052241803424,
        "ndcg_at_10": 0.038307515713545875,
        "ndcg_at_30": 0.05603794112808667,
        "hit_rate_at_10": 1.0,
        "hit_rate_at_30": 1.0
      },
      "split": {
        "train_rows": 5153,
        "test_rows": 2577,
        "train_unique_drugs": 289,
        "test_unique_drugs": 291,
        "train_unique_scaffolds": 214,
        "test_unique_scaffolds": 216,
        "train_test_drug_overlap_count": 285,
        "train_test_drug_overlap_rate": 0.979381443298969,
        "train_test_scaffold_overlap_count": 210,
        "train_test_scaffold_overlap_rate": 0.9722222222222222,
        "drug_overlap_rule_ok": true,
        "scaffold_overlap_rule_ok": true
      },
      "drift": {
        "train_label_mean": 3.086256504058838,
        "test_label_mean": 3.2076992988586426,
        "train_label_std": 2.6446073055267334,
        "test_label_std": 2.584223747253418,
        "label_mean_diff": -0.12144279479980469,
        "label_ks_statistic": 0.030380560513780828,
        "label_ks_pvalue": 0.08145073769473357
      }
    },
    {
      "split_id": "cv_fold3",
      "train": {
        "spearman": 0.25994677629738566,
        "pearson": 0.2370092272758484,
        "kendall_tau": 0.17904423937827,
        "rmse": 2.535668178883688,
        "mae": 1.908311128616333,
        "r2": 0.056169867515563965
      },
      "test": {
        "spearman": 0.2634020155428854,
        "pearson": 0.24456898868083954,
        "kendall_tau": 0.18080061532710806,
        "rmse": 2.5759390146606687,
        "mae": 1.9065428972244263,
        "r2": 0.05871152877807617
      },
      "ranking": {
        "precision_at_5": 0.4,
        "precision_at_10": 0.3,
        "precision_at_30": 0.5,
        "ndcg_at_5": 0.02278168134919809,
        "ndcg_at_10": 0.022611890693506522,
        "ndcg_at_30": 0.0390646485497538,
        "hit_rate_at_10": 1.0,
        "hit_rate_at_30": 1.0
      },
      "split": {
        "train_rows": 5154,
        "test_rows": 2576,
        "train_unique_drugs": 292,
        "test_unique_drugs": 288,
        "train_unique_scaffolds": 217,
        "test_unique_scaffolds": 213,
        "train_test_drug_overlap_count": 285,
        "train_test_drug_overlap_rate": 0.9895833333333334,
        "train_test_scaffold_overlap_count": 210,
        "train_test_scaffold_overlap_rate": 0.9859154929577465,
        "drug_overlap_rule_ok": true,
        "scaffold_overlap_rule_ok": true
      },
      "drift": {
        "train_label_mean": 3.1454877853393555,
        "test_label_mean": 3.089238405227661,
        "train_label_std": 2.610029935836792,
        "test_label_std": 2.6550590991973877,
        "label_mean_diff": 0.056249380111694336,
        "label_ks_statistic": 0.02064262334989166,
        "label_ks_pvalue": 0.44948203738468817
      }
    }
  ]
}