{
  "cancer": "brca",
  "track": "2C_numeric_smiles_context",
  "model": "RandomForest",
  "eval_mode": "cv",
  "core_mean": {
    "spearman": 0.7761236798123442,
    "pearson": 0.8468700480725238,
    "kendall_tau": 0.5965646131766466,
    "rmse": 1.3976159612691428,
    "mae": 1.0315849881405306,
    "r2": 0.716422312591595
  },
  "overfit": {
    "train_spearman": 0.9308640367239908,
    "test_spearman": 0.7761236798123442,
    "spearman_gap": 0.1547403569116467,
    "train_rmse": 0.8434264398884572,
    "test_rmse": 1.3976159612691428,
    "rmse_gap": -0.5541895213806856,
    "fold_mean": 0.7761236798123442,
    "fold_std": 0.009946299144797284,
    "fold_min": 0.7631364169716116,
    "fold_max": 0.7872961522159015
  },
  "ranking_mean": {
    "precision_at_5": 1.0,
    "precision_at_10": 1.0,
    "precision_at_30": 1.0,
    "ndcg_at_5": 0.45539916895569577,
    "ndcg_at_10": 0.6304471196158431,
    "ndcg_at_30": 0.8000760713203849,
    "hit_rate_at_10": 1.0,
    "hit_rate_at_30": 1.0
  },
  "split_leakage_mean": {
    "train_rows": 5153.333333333333,
    "test_rows": 2576.6666666666665,
    "train_unique_drugs": 291.6666666666667,
    "test_unique_drugs": 288.3333333333333,
    "train_unique_scaffolds": 216.66666666666666,
    "test_unique_scaffolds": 213.33333333333334,
    "train_test_drug_overlap_count": 285.0,
    "train_test_drug_overlap_rate": 0.9884894243785997,
    "train_test_scaffold_overlap_count": 210.0,
    "train_test_scaffold_overlap_rate": 0.9844661262290259
  },
  "label_drift_mean": {
    "train_label_mean": 3.126741568247477,
    "test_label_mean": 3.126737912495931,
    "train_label_std": 2.625060240427653,
    "test_label_std": 2.6244657834370932,
    "label_mean_diff": 3.6557515462239585e-06,
    "label_ks_statistic": 0.02649029456841759,
    "label_ks_pvalue": 0.2171403552506631
  },
  "folds": [
    {
      "split_id": "cv_fold1",
      "train": {
        "spearman": 0.9309852584059387,
        "pearson": 0.949120052759234,
        "kendall_tau": 0.8080871792658526,
        "rmse": 0.8398286610331146,
        "mae": 0.5035666531108591,
        "r2": 0.8972933363116502
      },
      "test": {
        "spearman": 0.7872961522159015,
        "pearson": 0.8489624267473466,
        "kendall_tau": 0.6061472132363827,
        "rmse": 1.393247088235672,
        "mae": 1.0239312191353707,
        "r2": 0.7202391074729598
      },
      "ranking": {
        "precision_at_5": 1.0,
        "precision_at_10": 1.0,
        "precision_at_30": 1.0,
        "ndcg_at_5": 0.30160600247300867,
        "ndcg_at_10": 0.5204100644735794,
        "ndcg_at_30": 0.7278543796202701,
        "hit_rate_at_10": 1.0,
        "hit_rate_at_30": 1.0
      },
      "split": {
        "train_rows": 5153,
        "test_rows": 2577,
        "train_unique_drugs": 294,
        "test_unique_drugs": 286,
        "train_unique_scaffolds": 219,
        "test_unique_scaffolds": 211,
        "train_test_drug_overlap_count": 285,
        "train_test_drug_overlap_rate": 0.9965034965034965,
        "train_test_scaffold_overlap_count": 210,
        "train_test_scaffold_overlap_rate": 0.995260663507109,
        "drug_overlap_rule_ok": true,
        "scaffold_overlap_rule_ok": true
      },
      "drift": {
        "train_label_mean": 3.1484804153442383,
        "test_label_mean": 3.0832760334014893,
        "train_label_std": 2.6205434799194336,
        "test_label_std": 2.6341145038604736,
        "label_mean_diff": 0.06520438194274902,
        "label_ks_statistic": 0.028447699841580278,
        "label_ks_pvalue": 0.12048829067256756
      }
    },
    {
      "split_id": "cv_fold2",
      "train": {
        "spearman": 0.9309353412583398,
        "pearson": 0.9486663634921241,
        "kendall_tau": 0.8079461613009478,
        "rmse": 0.8517385549014272,
        "mae": 0.5154145389175453,
        "r2": 0.8962733720606476
      },
      "test": {
        "spearman": 0.7779384702495191,
        "pearson": 0.8488099413949892,
        "kendall_tau": 0.5978500667355594,
        "rmse": 1.3704063466458503,
        "mae": 1.0245913997738894,
        "r2": 0.7187850243628933
      },
      "ranking": {
        "precision_at_5": 1.0,
        "precision_at_10": 1.0,
        "precision_at_30": 1.0,
        "ndcg_at_5": 0.48115721906703485,
        "ndcg_at_10": 0.6328467336165026,
        "ndcg_at_30": 0.8220117037893917,
        "hit_rate_at_10": 1.0,
        "hit_rate_at_30": 1.0
      },
      "split": {
        "train_rows": 5153,
        "test_rows": 2577,
        "train_unique_drugs": 289,
        "test_unique_drugs": 291,
        "train_unique_scaffolds": 214,
        "test_unique_scaffolds": 216,
        "train_test_drug_overlap_count": 285,
        "train_test_drug_overlap_rate": 0.979381443298969,
        "train_test_scaffold_overlap_count": 210,
        "train_test_scaffold_overlap_rate": 0.9722222222222222,
        "drug_overlap_rule_ok": true,
        "scaffold_overlap_rule_ok": true
      },
      "drift": {
        "train_label_mean": 3.086256504058838,
        "test_label_mean": 3.2076992988586426,
        "train_label_std": 2.6446073055267334,
        "test_label_std": 2.584223747253418,
        "label_mean_diff": -0.12144279479980469,
        "label_ks_statistic": 0.030380560513780828,
        "label_ks_pvalue": 0.08145073769473357
      }
    },
    {
      "split_id": "cv_fold3",
      "train": {
        "spearman": 0.9306715105076939,
        "pearson": 0.9488240820722119,
        "kendall_tau": 0.8084587232898167,
        "rmse": 0.8387121037308296,
        "mae": 0.5030328793816795,
        "r2": 0.8967393540573885
      },
      "test": {
        "spearman": 0.7631364169716116,
        "pearson": 0.8428377760752352,
        "kendall_tau": 0.5856965595579975,
        "rmse": 1.4291944489259059,
        "mae": 1.0462323455123317,
        "r2": 0.7102428059389314
      },
      "ranking": {
        "precision_at_5": 1.0,
        "precision_at_10": 1.0,
        "precision_at_30": 1.0,
        "ndcg_at_5": 0.5834342853270438,
        "ndcg_at_10": 0.7380845607574472,
        "ndcg_at_30": 0.8503621305514932,
        "hit_rate_at_10": 1.0,
        "hit_rate_at_30": 1.0
      },
      "split": {
        "train_rows": 5154,
        "test_rows": 2576,
        "train_unique_drugs": 292,
        "test_unique_drugs": 288,
        "train_unique_scaffolds": 217,
        "test_unique_scaffolds": 213,
        "train_test_drug_overlap_count": 285,
        "train_test_drug_overlap_rate": 0.9895833333333334,
        "train_test_scaffold_overlap_count": 210,
        "train_test_scaffold_overlap_rate": 0.9859154929577465,
        "drug_overlap_rule_ok": true,
        "scaffold_overlap_rule_ok": true
      },
      "drift": {
        "train_label_mean": 3.1454877853393555,
        "test_label_mean": 3.089238405227661,
        "train_label_std": 2.610029935836792,
        "test_label_std": 2.6550590991973877,
        "label_mean_diff": 0.056249380111694336,
        "label_ks_statistic": 0.02064262334989166,
        "label_ks_pvalue": 0.44948203738468817
      }
    }
  ]
}