{
  "cancer": "brca",
  "track": "2A_numeric",
  "model": "WideDeep",
  "eval_mode": "scaffoldcv",
  "core_mean": {
    "spearman": 0.2524762302453593,
    "pearson": 0.23134707907835642,
    "kendall_tau": 0.17403596617062297,
    "rmse": 2.5502360033695086,
    "mae": 1.9189650615056355,
    "r2": 0.05115842819213867
  },
  "overfit": {
    "train_spearman": 0.26404044032096863,
    "test_spearman": 0.2524762451648712,
    "spearman_gap": 0.011564199812710285,
    "train_rmse": 2.5540027618408203,
    "test_rmse": 2.5502359867095947,
    "rmse_gap": 0.0037666161078959703,
    "fold_mean": 0.2524762451648712,
    "fold_std": 0.008739572949707508,
    "fold_min": 0.2435079663991928,
    "fold_max": 0.26432567834854126
  },
  "ranking_mean": {
    "precision_at_5": 0.4000000000000001,
    "precision_at_10": 0.3333333333333333,
    "precision_at_30": 0.3888888888888889,
    "ndcg_at_5": 0.09320602252097489,
    "ndcg_at_10": 0.08383651707094499,
    "ndcg_at_30": 0.12085562648735464,
    "hit_rate_at_10": 1.0,
    "hit_rate_at_30": 1.0
  },
  "split_leakage_mean": {
    "train_rows": 5153.333333333333,
    "test_rows": 2576.6666666666665,
    "train_unique_drugs": 196.66666666666666,
    "test_unique_drugs": 98.33333333333333,
    "train_unique_scaffolds": 146.66666666666666,
    "test_unique_scaffolds": 73.33333333333333,
    "train_test_drug_overlap_count": 0.0,
    "train_test_drug_overlap_rate": 0.0,
    "train_test_scaffold_overlap_count": 0.0,
    "train_test_scaffold_overlap_rate": 0.0
  },
  "label_drift_mean": {
    "train_label_mean": 3.1267479260762534,
    "test_label_mean": 3.1267632643381753,
    "train_label_std": 2.6233232021331787,
    "test_label_std": 2.61772886912028,
    "label_mean_diff": -1.533826192220052e-05,
    "label_ks_statistic": 0.038841211054895276,
    "label_ks_pvalue": 0.12885177723524274
  },
  "imputation_summary": {
    "nan_imputation_applied": false,
    "nan_imputation_value": 0.0,
    "nan_before_count": 0,
    "nan_after_count": 0,
    "inf_before_count": 0,
    "inf_after_count": 0,
    "imputation_scope": "model_input_only",
    "original_input_modified": false
  },
  "folds": [
    {
      "split_id": "scaffoldcv_fold1",
      "train": {
        "spearman": 0.2662413990991507,
        "pearson": 0.2421548217535019,
        "kendall_tau": 0.1843854564573128,
        "rmse": 2.5638326575589088,
        "mae": 1.9388943910598755,
        "r2": 0.0553324818611145
      },
      "test": {
        "spearman": 0.24350796983156678,
        "pearson": 0.22698728740215302,
        "kendall_tau": 0.16587461029738523,
        "rmse": 2.5263895535889067,
        "mae": 1.8896268606185913,
        "r2": 0.04897797107696533
      },
      "ranking": {
        "precision_at_5": 0.2,
        "precision_at_10": 0.1,
        "precision_at_30": 0.4,
        "ndcg_at_5": 0.060867733166431966,
        "ndcg_at_10": 0.05072216342513757,
        "ndcg_at_30": 0.15109294027864897,
        "hit_rate_at_10": 1.0,
        "hit_rate_at_30": 1.0
      },
      "split": {
        "train_rows": 5153,
        "test_rows": 2577,
        "train_unique_drugs": 197,
        "test_unique_drugs": 98,
        "train_unique_scaffolds": 173,
        "test_unique_scaffolds": 47,
        "train_test_drug_overlap_count": 0,
        "train_test_drug_overlap_rate": 0.0,
        "train_test_scaffold_overlap_count": 0,
        "train_test_scaffold_overlap_rate": 0.0,
        "drug_overlap_rule_ok": true,
        "scaffold_overlap_rule_ok": true
      },
      "drift": {
        "train_label_mean": 3.2162575721740723,
        "test_label_mean": 2.9477479457855225,
        "train_label_std": 2.637850522994995,
        "test_label_std": 2.590627908706665,
        "label_mean_diff": 0.2685096263885498,
        "label_ks_statistic": 0.045896536115170694,
        "label_ks_pvalue": 0.001373907485466587
      }
    },
    {
      "split_id": "scaffoldcv_fold2",
      "train": {
        "spearman": 0.2588593348211791,
        "pearson": 0.22954769432544708,
        "kendall_tau": 0.17788962161497296,
        "rmse": 2.63686034776044,
        "mae": 1.9765522480010986,
        "r2": 0.04982626438140869
      },
      "test": {
        "spearman": 0.26432567207273266,
        "pearson": 0.2524028420448303,
        "kendall_tau": 0.18272786076490014,
        "rmse": 2.3847083382439016,
        "mae": 1.8776901960372925,
        "r2": 0.05848658084869385
      },
      "ranking": {
        "precision_at_5": 0.6,
        "precision_at_10": 0.5,
        "precision_at_30": 0.4,
        "ndcg_at_5": 0.06076768045713993,
        "ndcg_at_10": 0.07517910793942728,
        "ndcg_at_30": 0.1127126859876877,
        "hit_rate_at_10": 1.0,
        "hit_rate_at_30": 1.0
      },
      "split": {
        "train_rows": 5153,
        "test_rows": 2577,
        "train_unique_drugs": 196,
        "test_unique_drugs": 99,
        "train_unique_scaffolds": 133,
        "test_unique_scaffolds": 87,
        "train_test_drug_overlap_count": 0,
        "train_test_drug_overlap_rate": 0.0,
        "train_test_scaffold_overlap_count": 0,
        "train_test_scaffold_overlap_rate": 0.0,
        "drug_overlap_rule_ok": true,
        "scaffold_overlap_rule_ok": true
      },
      "drift": {
        "train_label_mean": 3.1161015033721924,
        "test_label_mean": 3.148021697998047,
        "train_label_std": 2.7051143646240234,
        "test_label_std": 2.4576611518859863,
        "label_mean_diff": -0.03192019462585449,
        "label_ks_statistic": 0.021706672221184265,
        "label_ks_pvalue": 0.3846689822805079
      }
    },
    {
      "split_id": "scaffoldcv_fold3",
      "train": {
        "spearman": 0.2670205407190585,
        "pearson": 0.2483655959367752,
        "kendall_tau": 0.18321578389167412,
        "rmse": 2.4613149202153326,
        "mae": 1.8429102897644043,
        "r2": 0.05131453275680542
      },
      "test": {
        "spearman": 0.24959504883177847,
        "pearson": 0.21465110778808594,
        "kendall_tau": 0.17350542744958353,
        "rmse": 2.7396101182757175,
        "mae": 1.989578127861023,
        "r2": 0.046010732650756836
      },
      "ranking": {
        "precision_at_5": 0.4,
        "precision_at_10": 0.4,
        "precision_at_30": 0.36666666666666664,
        "ndcg_at_5": 0.1579826539393528,
        "ndcg_at_10": 0.1256082798482701,
        "ndcg_at_30": 0.09876125319572723,
        "hit_rate_at_10": 1.0,
        "hit_rate_at_30": 1.0
      },
      "split": {
        "train_rows": 5154,
        "test_rows": 2576,
        "train_unique_drugs": 197,
        "test_unique_drugs": 98,
        "train_unique_scaffolds": 134,
        "test_unique_scaffolds": 86,
        "train_test_drug_overlap_count": 0,
        "train_test_drug_overlap_rate": 0.0,
        "train_test_scaffold_overlap_count": 0,
        "train_test_scaffold_overlap_rate": 0.0,
        "drug_overlap_rule_ok": true,
        "scaffold_overlap_rule_ok": true
      },
      "drift": {
        "train_label_mean": 3.047884702682495,
        "test_label_mean": 3.284520149230957,
        "train_label_std": 2.5270047187805176,
        "test_label_std": 2.8048975467681885,
        "label_mean_diff": -0.23663544654846191,
        "label_ks_statistic": 0.04892042482833089,
        "label_ks_pvalue": 0.000512441939753741
      }
    }
  ]
}