{
  "cancer": "brca",
  "track": "2A_numeric",
  "model": "RandomForest",
  "eval_mode": "scaffoldcv",
  "core_mean": {
    "spearman": 0.2574629939963958,
    "pearson": 0.23181876891702857,
    "kendall_tau": 0.17798122221566814,
    "rmse": 2.560187726302224,
    "mae": 1.93574899834136,
    "r2": 0.04408495149044278
  },
  "overfit": {
    "train_spearman": 0.27154755895964916,
    "test_spearman": 0.2574629939963958,
    "spearman_gap": 0.014084564963253296,
    "train_rmse": 2.540168496374035,
    "test_rmse": 2.560187726302224,
    "rmse_gap": -0.020019229928188942,
    "fold_mean": 0.2574629939963958,
    "fold_std": 0.0019968362877792255,
    "fold_min": 0.2549111192733292,
    "fold_max": 0.25978630153538224
  },
  "ranking_mean": {
    "precision_at_5": 0.4666666666666666,
    "precision_at_10": 0.5333333333333333,
    "precision_at_30": 0.5222222222222223,
    "ndcg_at_5": 0.03987389324204368,
    "ndcg_at_10": 0.08923966966796383,
    "ndcg_at_30": 0.14743231651270097,
    "hit_rate_at_10": 1.0,
    "hit_rate_at_30": 1.0
  },
  "split_leakage_mean": {
    "train_rows": 5153.333333333333,
    "test_rows": 2576.6666666666665,
    "train_unique_drugs": 196.66666666666666,
    "test_unique_drugs": 98.33333333333333,
    "train_unique_scaffolds": 146.66666666666666,
    "test_unique_scaffolds": 73.33333333333333,
    "train_test_drug_overlap_count": 0.0,
    "train_test_drug_overlap_rate": 0.0,
    "train_test_scaffold_overlap_count": 0.0,
    "train_test_scaffold_overlap_rate": 0.0
  },
  "label_drift_mean": {
    "train_label_mean": 3.1267479260762534,
    "test_label_mean": 3.1267632643381753,
    "train_label_std": 2.6233232021331787,
    "test_label_std": 2.61772886912028,
    "label_mean_diff": -1.533826192220052e-05,
    "label_ks_statistic": 0.038841211054895276,
    "label_ks_pvalue": 0.12885177723524274
  },
  "folds": [
    {
      "split_id": "scaffoldcv_fold1",
      "train": {
        "spearman": 0.2685720992491023,
        "pearson": 0.2438113374779513,
        "kendall_tau": 0.1860955751954732,
        "rmse": 2.558252644273616,
        "mae": 1.910406106922325,
        "r2": 0.05944001403334365
      },
      "test": {
        "spearman": 0.2549111192733292,
        "pearson": 0.22979912207101091,
        "kendall_tau": 0.17532327564456546,
        "rmse": 2.5367636746669473,
        "mae": 1.8749189350856468,
        "r2": 0.04115159111255595
      },
      "ranking": {
        "precision_at_5": 0.0,
        "precision_at_10": 0.1,
        "precision_at_30": 0.4666666666666667,
        "ndcg_at_5": 0.03917938047443687,
        "ndcg_at_10": 0.05117559556239674,
        "ndcg_at_30": 0.2017064074874428,
        "hit_rate_at_10": 1.0,
        "hit_rate_at_30": 1.0
      },
      "split": {
        "train_rows": 5153,
        "test_rows": 2577,
        "train_unique_drugs": 197,
        "test_unique_drugs": 98,
        "train_unique_scaffolds": 173,
        "test_unique_scaffolds": 47,
        "train_test_drug_overlap_count": 0,
        "train_test_drug_overlap_rate": 0.0,
        "train_test_scaffold_overlap_count": 0,
        "train_test_scaffold_overlap_rate": 0.0,
        "drug_overlap_rule_ok": true,
        "scaffold_overlap_rule_ok": true
      },
      "drift": {
        "train_label_mean": 3.2162575721740723,
        "test_label_mean": 2.9477479457855225,
        "train_label_std": 2.637850522994995,
        "test_label_std": 2.590627908706665,
        "label_mean_diff": 0.2685096263885498,
        "label_ks_statistic": 0.045896536115170694,
        "label_ks_pvalue": 0.001373907485466587
      }
    },
    {
      "split_id": "scaffoldcv_fold2",
      "train": {
        "spearman": 0.26830899410544506,
        "pearson": 0.24112099452115396,
        "kendall_tau": 0.1845828607588352,
        "rmse": 2.6253000981476275,
        "mae": 1.9442008888693463,
        "r2": 0.05813931280977391
      },
      "test": {
        "spearman": 0.25978630153538224,
        "pearson": 0.2500887460613575,
        "kendall_tau": 0.17941317675713533,
        "rmse": 2.382175795886835,
        "mae": 1.866761871356995,
        "r2": 0.06048534224151769
      },
      "ranking": {
        "precision_at_5": 0.6,
        "precision_at_10": 0.8,
        "precision_at_30": 0.5333333333333333,
        "ndcg_at_5": 0.06706759639180673,
        "ndcg_at_10": 0.2009183223684812,
        "ndcg_at_30": 0.1977429186686451,
        "hit_rate_at_10": 1.0,
        "hit_rate_at_30": 1.0
      },
      "split": {
        "train_rows": 5153,
        "test_rows": 2577,
        "train_unique_drugs": 196,
        "test_unique_drugs": 99,
        "train_unique_scaffolds": 133,
        "test_unique_scaffolds": 87,
        "train_test_drug_overlap_count": 0,
        "train_test_drug_overlap_rate": 0.0,
        "train_test_scaffold_overlap_count": 0,
        "train_test_scaffold_overlap_rate": 0.0,
        "drug_overlap_rule_ok": true,
        "scaffold_overlap_rule_ok": true
      },
      "drift": {
        "train_label_mean": 3.1161015033721924,
        "test_label_mean": 3.148021697998047,
        "train_label_std": 2.7051143646240234,
        "test_label_std": 2.4576611518859863,
        "label_mean_diff": -0.03192019462585449,
        "label_ks_statistic": 0.021706672221184265,
        "label_ks_pvalue": 0.3846689822805079
      }
    },
    {
      "split_id": "scaffoldcv_fold3",
      "train": {
        "spearman": 0.2777615835244,
        "pearson": 0.264587111911377,
        "kendall_tau": 0.19034779201911123,
        "rmse": 2.436952746700862,
        "mae": 1.8637008985449597,
        "r2": 0.07000185625812083
      },
      "test": {
        "spearman": 0.25769156118047604,
        "pearson": 0.21556843861871727,
        "kendall_tau": 0.17920721424530364,
        "rmse": 2.7616237083528903,
        "mae": 2.065566188581438,
        "r2": 0.0306179211172547
      },
      "ranking": {
        "precision_at_5": 0.8,
        "precision_at_10": 0.7,
        "precision_at_30": 0.5666666666666667,
        "ndcg_at_5": 0.01337470285988742,
        "ndcg_at_10": 0.01562509107301359,
        "ndcg_at_30": 0.04284762338201505,
        "hit_rate_at_10": 1.0,
        "hit_rate_at_30": 1.0
      },
      "split": {
        "train_rows": 5154,
        "test_rows": 2576,
        "train_unique_drugs": 197,
        "test_unique_drugs": 98,
        "train_unique_scaffolds": 134,
        "test_unique_scaffolds": 86,
        "train_test_drug_overlap_count": 0,
        "train_test_drug_overlap_rate": 0.0,
        "train_test_scaffold_overlap_count": 0,
        "train_test_scaffold_overlap_rate": 0.0,
        "drug_overlap_rule_ok": true,
        "scaffold_overlap_rule_ok": true
      },
      "drift": {
        "train_label_mean": 3.047884702682495,
        "test_label_mean": 3.284520149230957,
        "train_label_std": 2.5270047187805176,
        "test_label_std": 2.8048975467681885,
        "label_mean_diff": -0.23663544654846191,
        "label_ks_statistic": 0.04892042482833089,
        "label_ks_pvalue": 0.000512441939753741
      }
    }
  ]
}