{
  "cancer": "brca",
  "track": "2C_numeric_smiles_context",
  "model": "FTTransformer",
  "eval_mode": "groupcv",
  "core_mean": {
    "spearman": 0.4268754238324565,
    "pearson": 0.47345054149627686,
    "kendall_tau": 0.29833393695078797,
    "rmse": 2.480145104159909,
    "mae": 1.8268184661865234,
    "r2": 0.10047642389933269
  },
  "overfit": {
    "train_spearman": 0.764099657535553,
    "test_spearman": 0.42687544226646423,
    "spearman_gap": 0.3372242748737335,
    "train_rmse": 1.6510601043701172,
    "test_rmse": 2.480145215988159,
    "rmse_gap": -0.8290850520133972,
    "fold_mean": 0.42687544226646423,
    "fold_std": 0.06832246482372284,
    "fold_min": 0.3308681547641754,
    "fold_max": 0.48430731892585754
  },
  "ranking_mean": {
    "precision_at_5": 0.7333333333333334,
    "precision_at_10": 0.7666666666666666,
    "precision_at_30": 0.7111111111111111,
    "ndcg_at_5": 0.14975933618363757,
    "ndcg_at_10": 0.1997814142858897,
    "ndcg_at_30": 0.25017942771701457,
    "hit_rate_at_10": 1.0,
    "hit_rate_at_30": 1.0
  },
  "split_leakage_mean": {
    "train_rows": 5153.333333333333,
    "test_rows": 2576.6666666666665,
    "train_unique_drugs": 196.66666666666666,
    "test_unique_drugs": 98.33333333333333,
    "train_unique_scaffolds": 151.66666666666666,
    "test_unique_scaffolds": 79.33333333333333,
    "train_test_drug_overlap_count": 0.0,
    "train_test_drug_overlap_rate": 0.0,
    "train_test_scaffold_overlap_count": 11.0,
    "train_test_scaffold_overlap_rate": 0.13833615608336078
  },
  "label_drift_mean": {
    "train_label_mean": 3.1267468134562173,
    "test_label_mean": 3.126758575439453,
    "train_label_std": 2.623774607976278,
    "test_label_std": 2.61930243174235,
    "label_mean_diff": -1.1761983235677084e-05,
    "label_ks_statistic": 0.057240233151776086,
    "label_ks_pvalue": 0.0004423519704285981
  },
  "imputation_summary": {
    "nan_imputation_applied": true,
    "nan_imputation_value": 0.0,
    "nan_before_count": 12276,
    "nan_after_count": 0,
    "inf_before_count": 0,
    "inf_after_count": 0,
    "imputation_scope": "model_input_only",
    "original_input_modified": false
  },
  "folds": [
    {
      "split_id": "groupcv_fold1",
      "train": {
        "spearman": 0.7627790320339974,
        "pearson": 0.8231658935546875,
        "kendall_tau": 0.5787404667398208,
        "rmse": 1.7720046115410517,
        "mae": 1.4018925428390503,
        "r2": 0.5151190161705017
      },
      "test": {
        "spearman": 0.48430730515365367,
        "pearson": 0.5015869140625,
        "kendall_tau": 0.34098947266064894,
        "rmse": 2.7227059008149896,
        "mae": 1.948838233947754,
        "r2": 0.037328898906707764
      },
      "ranking": {
        "precision_at_5": 0.6,
        "precision_at_10": 0.5,
        "precision_at_30": 0.5666666666666667,
        "ndcg_at_5": 0.03365795467161941,
        "ndcg_at_10": 0.03296916696501631,
        "ndcg_at_30": 0.0784373194344876,
        "hit_rate_at_10": 1.0,
        "hit_rate_at_30": 1.0
      },
      "split": {
        "train_rows": 5153,
        "test_rows": 2577,
        "train_unique_drugs": 197,
        "test_unique_drugs": 98,
        "train_unique_scaffolds": 155,
        "test_unique_scaffolds": 79,
        "train_test_drug_overlap_count": 0,
        "train_test_drug_overlap_rate": 0.0,
        "train_test_scaffold_overlap_count": 14,
        "train_test_scaffold_overlap_rate": 0.17721518987341772,
        "drug_overlap_rule_ok": true,
        "scaffold_overlap_rule_ok": true
      },
      "drift": {
        "train_label_mean": 3.189368486404419,
        "test_label_mean": 3.001516103744507,
        "train_label_std": 2.54476261138916,
        "test_label_std": 2.7749922275543213,
        "label_mean_diff": 0.1878523826599121,
        "label_ks_statistic": 0.04672609910129923,
        "label_ks_pvalue": 0.001045070763142173
      }
    },
    {
      "split_id": "groupcv_fold2",
      "train": {
        "spearman": 0.7889217742136113,
        "pearson": 0.8449521064758301,
        "kendall_tau": 0.6086794665951476,
        "rmse": 1.4853091864024224,
        "mae": 1.1282471418380737,
        "r2": 0.7017441987991333
      },
      "test": {
        "spearman": 0.330868168368542,
        "pearson": 0.3674987554550171,
        "kendall_tau": 0.2260443989153886,
        "rmse": 2.3742636492777582,
        "mae": 1.749659538269043,
        "r2": 0.041702210903167725
      },
      "ranking": {
        "precision_at_5": 1.0,
        "precision_at_10": 1.0,
        "precision_at_30": 0.8,
        "ndcg_at_5": 0.32082831038283804,
        "ndcg_at_10": 0.4464613451237504,
        "ndcg_at_30": 0.48197938651206634,
        "hit_rate_at_10": 1.0,
        "hit_rate_at_30": 1.0
      },
      "split": {
        "train_rows": 5153,
        "test_rows": 2577,
        "train_unique_drugs": 196,
        "test_unique_drugs": 99,
        "train_unique_scaffolds": 152,
        "test_unique_scaffolds": 76,
        "train_test_drug_overlap_count": 0,
        "train_test_drug_overlap_rate": 0.0,
        "train_test_scaffold_overlap_count": 8,
        "train_test_scaffold_overlap_rate": 0.10526315789473684,
        "drug_overlap_rule_ok": true,
        "scaffold_overlap_rule_ok": true
      },
      "drift": {
        "train_label_mean": 3.124788284301758,
        "test_label_mean": 3.1306509971618652,
        "train_label_std": 2.7197089195251465,
        "test_label_std": 2.4253740310668945,
        "label_mean_diff": -0.005862712860107422,
        "label_ks_statistic": 0.050713815002483946,
        "label_ks_pvalue": 0.00028197411329578263
      }
    },
    {
      "split_id": "groupcv_fold3",
      "train": {
        "spearman": 0.7405982676506578,
        "pearson": 0.8054954409599304,
        "kendall_tau": 0.5564523099534325,
        "rmse": 1.6958664371468029,
        "mae": 1.2710249423980713,
        "r2": 0.5767953395843506
      },
      "test": {
        "spearman": 0.4654507979751738,
        "pearson": 0.5512659549713135,
        "kendall_tau": 0.3279679392763262,
        "rmse": 2.343465762386978,
        "mae": 1.7819576263427734,
        "r2": 0.22239816188812256
      },
      "ranking": {
        "precision_at_5": 0.6,
        "precision_at_10": 0.8,
        "precision_at_30": 0.7666666666666667,
        "ndcg_at_5": 0.09479174349645525,
        "ndcg_at_10": 0.11991373076890235,
        "ndcg_at_30": 0.19012157720448977,
        "hit_rate_at_10": 1.0,
        "hit_rate_at_30": 1.0
      },
      "split": {
        "train_rows": 5154,
        "test_rows": 2576,
        "train_unique_drugs": 197,
        "test_unique_drugs": 98,
        "train_unique_scaffolds": 148,
        "test_unique_scaffolds": 83,
        "train_test_drug_overlap_count": 0,
        "train_test_drug_overlap_rate": 0.0,
        "train_test_scaffold_overlap_count": 11,
        "train_test_scaffold_overlap_rate": 0.13253012048192772,
        "drug_overlap_rule_ok": true,
        "scaffold_overlap_rule_ok": true
      },
      "drift": {
        "train_label_mean": 3.0660836696624756,
        "test_label_mean": 3.2481086254119873,
        "train_label_std": 2.6068522930145264,
        "test_label_std": 2.657541036605835,
        "label_mean_diff": -0.18202495574951172,
        "label_ks_statistic": 0.07428078535154509,
        "label_ks_pvalue": 1.1034847838719117e-08
      }
    }
  ]
}