{
  "cancer": "brca",
  "track": "2C_numeric_smiles_context",
  "model": "ResidualMLP",
  "eval_mode": "cv",
  "core_mean": {
    "spearman": 0.7644602086433059,
    "pearson": 0.8326451579729716,
    "kendall_tau": 0.5817901450359098,
    "rmse": 1.5450793068980382,
    "mae": 1.156104604403178,
    "r2": 0.6529496312141418
  },
  "overfit": {
    "train_spearman": 0.7890980243682861,
    "test_spearman": 0.7644601464271545,
    "spearman_gap": 0.024637818336486816,
    "train_rmse": 1.4941186904907227,
    "test_rmse": 1.5450793504714966,
    "rmse_gap": -0.05096058174967766,
    "fold_mean": 0.7644601464271545,
    "fold_std": 0.005336102098226547,
    "fold_min": 0.7569141983985901,
    "fold_max": 0.7682988047599792
  },
  "ranking_mean": {
    "precision_at_5": 1.0,
    "precision_at_10": 1.0,
    "precision_at_30": 1.0,
    "ndcg_at_5": 0.6519264106071604,
    "ndcg_at_10": 0.7234350363285077,
    "ndcg_at_30": 0.8530153187841313,
    "hit_rate_at_10": 1.0,
    "hit_rate_at_30": 1.0
  },
  "split_leakage_mean": {
    "train_rows": 5153.333333333333,
    "test_rows": 2576.6666666666665,
    "train_unique_drugs": 291.6666666666667,
    "test_unique_drugs": 288.3333333333333,
    "train_unique_scaffolds": 216.66666666666666,
    "test_unique_scaffolds": 213.33333333333334,
    "train_test_drug_overlap_count": 285.0,
    "train_test_drug_overlap_rate": 0.9884894243785997,
    "train_test_scaffold_overlap_count": 210.0,
    "train_test_scaffold_overlap_rate": 0.9844661262290259
  },
  "label_drift_mean": {
    "train_label_mean": 3.126741568247477,
    "test_label_mean": 3.126737912495931,
    "train_label_std": 2.625060240427653,
    "test_label_std": 2.6244657834370932,
    "label_mean_diff": 3.6557515462239585e-06,
    "label_ks_statistic": 0.02649029456841759,
    "label_ks_pvalue": 0.2171403552506631
  },
  "imputation_summary": {
    "nan_imputation_applied": true,
    "nan_imputation_value": 0.0,
    "nan_before_count": 12276,
    "nan_after_count": 0,
    "inf_before_count": 0,
    "inf_after_count": 0,
    "imputation_scope": "model_input_only",
    "original_input_modified": false
  },
  "folds": [
    {
      "split_id": "cv_fold1",
      "train": {
        "spearman": 0.790324457215449,
        "pearson": 0.8508592844009399,
        "kendall_tau": 0.6091165162575329,
        "rmse": 1.4325518654959113,
        "mae": 1.083125114440918,
        "r2": 0.7011605501174927
      },
      "test": {
        "spearman": 0.7681676322928741,
        "pearson": 0.8279699683189392,
        "kendall_tau": 0.5851311977046154,
        "rmse": 1.5217875618069243,
        "mae": 1.1632107496261597,
        "r2": 0.6662365794181824
      },
      "ranking": {
        "precision_at_5": 1.0,
        "precision_at_10": 1.0,
        "precision_at_30": 1.0,
        "ndcg_at_5": 0.6088165533192066,
        "ndcg_at_10": 0.7070926144904752,
        "ndcg_at_30": 0.8172751849740045,
        "hit_rate_at_10": 1.0,
        "hit_rate_at_30": 1.0
      },
      "split": {
        "train_rows": 5153,
        "test_rows": 2577,
        "train_unique_drugs": 294,
        "test_unique_drugs": 286,
        "train_unique_scaffolds": 219,
        "test_unique_scaffolds": 211,
        "train_test_drug_overlap_count": 285,
        "train_test_drug_overlap_rate": 0.9965034965034965,
        "train_test_scaffold_overlap_count": 210,
        "train_test_scaffold_overlap_rate": 0.995260663507109,
        "drug_overlap_rule_ok": true,
        "scaffold_overlap_rule_ok": true
      },
      "drift": {
        "train_label_mean": 3.1484804153442383,
        "test_label_mean": 3.0832760334014893,
        "train_label_std": 2.6205434799194336,
        "test_label_std": 2.6341145038604736,
        "label_mean_diff": 0.06520438194274902,
        "label_ks_statistic": 0.028447699841580278,
        "label_ks_pvalue": 0.12048829067256756
      }
    },
    {
      "split_id": "cv_fold2",
      "train": {
        "spearman": 0.7813888739865232,
        "pearson": 0.8458453416824341,
        "kendall_tau": 0.5983558249868307,
        "rmse": 1.6064150358089124,
        "mae": 1.195894479751587,
        "r2": 0.6310281753540039
      },
      "test": {
        "spearman": 0.768298789258997,
        "pearson": 0.8332037329673767,
        "kendall_tau": 0.5847766726949392,
        "rmse": 1.5800523225353846,
        "mae": 1.173509955406189,
        "r2": 0.6261626482009888
      },
      "ranking": {
        "precision_at_5": 1.0,
        "precision_at_10": 1.0,
        "precision_at_30": 1.0,
        "ndcg_at_5": 0.810751603517298,
        "ndcg_at_10": 0.8551750258098155,
        "ndcg_at_30": 0.9189817108392759,
        "hit_rate_at_10": 1.0,
        "hit_rate_at_30": 1.0
      },
      "split": {
        "train_rows": 5153,
        "test_rows": 2577,
        "train_unique_drugs": 289,
        "test_unique_drugs": 291,
        "train_unique_scaffolds": 214,
        "test_unique_scaffolds": 216,
        "train_test_drug_overlap_count": 285,
        "train_test_drug_overlap_rate": 0.979381443298969,
        "train_test_scaffold_overlap_count": 210,
        "train_test_scaffold_overlap_rate": 0.9722222222222222,
        "drug_overlap_rule_ok": true,
        "scaffold_overlap_rule_ok": true
      },
      "drift": {
        "train_label_mean": 3.086256504058838,
        "test_label_mean": 3.2076992988586426,
        "train_label_std": 2.6446073055267334,
        "test_label_std": 2.584223747253418,
        "label_mean_diff": -0.12144279479980469,
        "label_ks_statistic": 0.030380560513780828,
        "label_ks_pvalue": 0.08145073769473357
      }
    },
    {
      "split_id": "cv_fold3",
      "train": {
        "spearman": 0.7955807514768345,
        "pearson": 0.8520316481590271,
        "kendall_tau": 0.6132525818390644,
        "rmse": 1.443389355421677,
        "mae": 1.050276517868042,
        "r2": 0.6941728591918945
      },
      "test": {
        "spearman": 0.7569142043780466,
        "pearson": 0.8367617726325989,
        "kendall_tau": 0.5754625647081748,
        "rmse": 1.5333980363518056,
        "mae": 1.131593108177185,
        "r2": 0.6664496660232544
      },
      "ranking": {
        "precision_at_5": 1.0,
        "precision_at_10": 1.0,
        "precision_at_30": 1.0,
        "ndcg_at_5": 0.5362110749849768,
        "ndcg_at_10": 0.6080374686852325,
        "ndcg_at_30": 0.8227890605391134,
        "hit_rate_at_10": 1.0,
        "hit_rate_at_30": 1.0
      },
      "split": {
        "train_rows": 5154,
        "test_rows": 2576,
        "train_unique_drugs": 292,
        "test_unique_drugs": 288,
        "train_unique_scaffolds": 217,
        "test_unique_scaffolds": 213,
        "train_test_drug_overlap_count": 285,
        "train_test_drug_overlap_rate": 0.9895833333333334,
        "train_test_scaffold_overlap_count": 210,
        "train_test_scaffold_overlap_rate": 0.9859154929577465,
        "drug_overlap_rule_ok": true,
        "scaffold_overlap_rule_ok": true
      },
      "drift": {
        "train_label_mean": 3.1454877853393555,
        "test_label_mean": 3.089238405227661,
        "train_label_std": 2.610029935836792,
        "test_label_std": 2.6550590991973877,
        "label_mean_diff": 0.056249380111694336,
        "label_ks_statistic": 0.02064262334989166,
        "label_ks_pvalue": 0.44948203738468817
      }
    }
  ]
}