{
  "cancer": "brca",
  "track": "2C_numeric_smiles_context",
  "model": "RandomForest",
  "eval_mode": "groupcv",
  "core_mean": {
    "spearman": 0.4449756238367888,
    "pearson": 0.4826170081263206,
    "kendall_tau": 0.30974006772165363,
    "rmse": 2.3282987575958773,
    "mae": 1.762990657938386,
    "r2": 0.19920233090113681
  },
  "overfit": {
    "train_spearman": 0.9314436835393768,
    "test_spearman": 0.4449756238367888,
    "spearman_gap": 0.48646805970258794,
    "train_rmse": 0.8299776634378029,
    "test_rmse": 2.3282987575958773,
    "rmse_gap": -1.4983210941580747,
    "fold_mean": 0.4449756238367888,
    "fold_std": 0.061655578222539933,
    "fold_min": 0.35856947902906694,
    "fold_max": 0.49830781730488155
  },
  "ranking_mean": {
    "precision_at_5": 0.4666666666666666,
    "precision_at_10": 0.5333333333333333,
    "precision_at_30": 0.5333333333333333,
    "ndcg_at_5": 0.22397045735925888,
    "ndcg_at_10": 0.21532583549329534,
    "ndcg_at_30": 0.26366403784786346,
    "hit_rate_at_10": 1.0,
    "hit_rate_at_30": 1.0
  },
  "split_leakage_mean": {
    "train_rows": 5153.333333333333,
    "test_rows": 2576.6666666666665,
    "train_unique_drugs": 196.66666666666666,
    "test_unique_drugs": 98.33333333333333,
    "train_unique_scaffolds": 151.66666666666666,
    "test_unique_scaffolds": 79.33333333333333,
    "train_test_drug_overlap_count": 0.0,
    "train_test_drug_overlap_rate": 0.0,
    "train_test_scaffold_overlap_count": 11.0,
    "train_test_scaffold_overlap_rate": 0.13833615608336078
  },
  "label_drift_mean": {
    "train_label_mean": 3.1267468134562173,
    "test_label_mean": 3.126758575439453,
    "train_label_std": 2.623774607976278,
    "test_label_std": 2.61930243174235,
    "label_mean_diff": -1.1761983235677084e-05,
    "label_ks_statistic": 0.057240233151776086,
    "label_ks_pvalue": 0.0004423519704285981
  },
  "folds": [
    {
      "split_id": "groupcv_fold1",
      "train": {
        "spearman": 0.9308043322016872,
        "pearson": 0.9449766827660561,
        "kendall_tau": 0.8093636504595593,
        "rmse": 0.8439993491218003,
        "mae": 0.48206625863978864,
        "r2": 0.8900007508831652
      },
      "test": {
        "spearman": 0.49830781730488155,
        "pearson": 0.5178803844509163,
        "kendall_tau": 0.3475148483058374,
        "rmse": 2.4147153195951665,
        "mae": 1.7841025077804962,
        "r2": 0.2428039797648469
      },
      "ranking": {
        "precision_at_5": 0.8,
        "precision_at_10": 0.8,
        "precision_at_30": 0.8333333333333334,
        "ndcg_at_5": 0.016377409358316577,
        "ndcg_at_10": 0.025293936760073372,
        "ndcg_at_30": 0.15302496566635768,
        "hit_rate_at_10": 1.0,
        "hit_rate_at_30": 1.0
      },
      "split": {
        "train_rows": 5153,
        "test_rows": 2577,
        "train_unique_drugs": 197,
        "test_unique_drugs": 98,
        "train_unique_scaffolds": 155,
        "test_unique_scaffolds": 79,
        "train_test_drug_overlap_count": 0,
        "train_test_drug_overlap_rate": 0.0,
        "train_test_scaffold_overlap_count": 14,
        "train_test_scaffold_overlap_rate": 0.17721518987341772,
        "drug_overlap_rule_ok": true,
        "scaffold_overlap_rule_ok": true
      },
      "drift": {
        "train_label_mean": 3.189368486404419,
        "test_label_mean": 3.001516103744507,
        "train_label_std": 2.54476261138916,
        "test_label_std": 2.7749922275543213,
        "label_mean_diff": 0.1878523826599121,
        "label_ks_statistic": 0.04672609910129923,
        "label_ks_pvalue": 0.001045070763142173
      }
    },
    {
      "split_id": "groupcv_fold2",
      "train": {
        "spearman": 0.9430669502972804,
        "pearson": 0.9628077275230729,
        "kendall_tau": 0.8246252332507897,
        "rmse": 0.7448860004591015,
        "mae": 0.4754105142810477,
        "r2": 0.9249873074945267
      },
      "test": {
        "spearman": 0.35856947902906694,
        "pearson": 0.34966191688519493,
        "kendall_tau": 0.2445785355233438,
        "rmse": 2.3957796232665527,
        "mae": 1.7921321247469582,
        "r2": 0.024255054743225868
      },
      "ranking": {
        "precision_at_5": 0.2,
        "precision_at_10": 0.4,
        "precision_at_30": 0.36666666666666664,
        "ndcg_at_5": 0.06412197155120881,
        "ndcg_at_10": 0.0717450848489488,
        "ndcg_at_30": 0.12548084496874215,
        "hit_rate_at_10": 1.0,
        "hit_rate_at_30": 1.0
      },
      "split": {
        "train_rows": 5153,
        "test_rows": 2577,
        "train_unique_drugs": 196,
        "test_unique_drugs": 99,
        "train_unique_scaffolds": 152,
        "test_unique_scaffolds": 76,
        "train_test_drug_overlap_count": 0,
        "train_test_drug_overlap_rate": 0.0,
        "train_test_scaffold_overlap_count": 8,
        "train_test_scaffold_overlap_rate": 0.10526315789473684,
        "drug_overlap_rule_ok": true,
        "scaffold_overlap_rule_ok": true
      },
      "drift": {
        "train_label_mean": 3.124788284301758,
        "test_label_mean": 3.1306509971618652,
        "train_label_std": 2.7197089195251465,
        "test_label_std": 2.4253740310668945,
        "label_mean_diff": -0.005862712860107422,
        "label_ks_statistic": 0.050713815002483946,
        "label_ks_pvalue": 0.00028197411329578263
      }
    },
    {
      "split_id": "groupcv_fold3",
      "train": {
        "spearman": 0.9204597681191627,
        "pearson": 0.940089571518759,
        "kendall_tau": 0.7956243898476482,
        "rmse": 0.9010476407325066,
        "mae": 0.51589180434417,
        "r2": 0.8805289653461814
      },
      "test": {
        "spearman": 0.4780495751764178,
        "pearson": 0.5803087230428505,
        "kendall_tau": 0.3371268193357797,
        "rmse": 2.174401329925913,
        "mae": 1.7127373412877043,
        "r2": 0.33054795819533767
      },
      "ranking": {
        "precision_at_5": 0.4,
        "precision_at_10": 0.4,
        "precision_at_30": 0.4,
        "ndcg_at_5": 0.5914119911682513,
        "ndcg_at_10": 0.5489384848708639,
        "ndcg_at_30": 0.5124863029084906,
        "hit_rate_at_10": 1.0,
        "hit_rate_at_30": 1.0
      },
      "split": {
        "train_rows": 5154,
        "test_rows": 2576,
        "train_unique_drugs": 197,
        "test_unique_drugs": 98,
        "train_unique_scaffolds": 148,
        "test_unique_scaffolds": 83,
        "train_test_drug_overlap_count": 0,
        "train_test_drug_overlap_rate": 0.0,
        "train_test_scaffold_overlap_count": 11,
        "train_test_scaffold_overlap_rate": 0.13253012048192772,
        "drug_overlap_rule_ok": true,
        "scaffold_overlap_rule_ok": true
      },
      "drift": {
        "train_label_mean": 3.0660836696624756,
        "test_label_mean": 3.2481086254119873,
        "train_label_std": 2.6068522930145264,
        "test_label_std": 2.657541036605835,
        "label_mean_diff": -0.18202495574951172,
        "label_ks_statistic": 0.07428078535154509,
        "label_ks_pvalue": 1.1034847838719117e-08
      }
    }
  ]
}