{
  "cancer": "brca",
  "track": "2C_numeric_smiles_context",
  "model": "CrossAttention",
  "eval_mode": "groupcv",
  "core_mean": {
    "spearman": 0.3850051163028041,
    "pearson": 0.43208077549934387,
    "kendall_tau": 0.26927676726435684,
    "rmse": 2.485035541923369,
    "mae": 1.8696011702219646,
    "r2": 0.09862611691157024
  },
  "overfit": {
    "train_spearman": 0.7801893353462219,
    "test_spearman": 0.3850051164627075,
    "spearman_gap": 0.3951842784881592,
    "train_rmse": 1.5157980918884277,
    "test_rmse": 2.4850356578826904,
    "rmse_gap": -0.9692373275756836,
    "fold_mean": 0.3850051164627075,
    "fold_std": 0.05340784788131714,
    "fold_min": 0.3176240026950836,
    "fold_max": 0.4482496380805969
  },
  "ranking_mean": {
    "precision_at_5": 0.7999999999999999,
    "precision_at_10": 0.9,
    "precision_at_30": 0.7999999999999999,
    "ndcg_at_5": 0.3532551231583437,
    "ndcg_at_10": 0.3910604365250243,
    "ndcg_at_30": 0.39577619030612743,
    "hit_rate_at_10": 1.0,
    "hit_rate_at_30": 1.0
  },
  "split_leakage_mean": {
    "train_rows": 5153.333333333333,
    "test_rows": 2576.6666666666665,
    "train_unique_drugs": 196.66666666666666,
    "test_unique_drugs": 98.33333333333333,
    "train_unique_scaffolds": 151.66666666666666,
    "test_unique_scaffolds": 79.33333333333333,
    "train_test_drug_overlap_count": 0.0,
    "train_test_drug_overlap_rate": 0.0,
    "train_test_scaffold_overlap_count": 11.0,
    "train_test_scaffold_overlap_rate": 0.13833615608336078
  },
  "label_drift_mean": {
    "train_label_mean": 3.1267468134562173,
    "test_label_mean": 3.126758575439453,
    "train_label_std": 2.623774607976278,
    "test_label_std": 2.61930243174235,
    "label_mean_diff": -1.1761983235677084e-05,
    "label_ks_statistic": 0.057240233151776086,
    "label_ks_pvalue": 0.0004423519704285981
  },
  "imputation_summary": {
    "nan_imputation_applied": true,
    "nan_imputation_value": 0.0,
    "nan_before_count": 12276,
    "nan_after_count": 0,
    "inf_before_count": 0,
    "inf_after_count": 0,
    "imputation_scope": "model_input_only",
    "original_input_modified": false
  },
  "folds": [
    {
      "split_id": "groupcv_fold1",
      "train": {
        "spearman": 0.784356843822348,
        "pearson": 0.8453269004821777,
        "kendall_tau": 0.6015347912419491,
        "rmse": 1.412540058817008,
        "mae": 1.0224450826644897,
        "r2": 0.6918891668319702
      },
      "test": {
        "spearman": 0.3891417095695398,
        "pearson": 0.4222331643104553,
        "kendall_tau": 0.2754660077283973,
        "rmse": 2.5899026671277268,
        "mae": 1.8470085859298706,
        "r2": 0.12894940376281738
      },
      "ranking": {
        "precision_at_5": 1.0,
        "precision_at_10": 1.0,
        "precision_at_30": 0.8333333333333334,
        "ndcg_at_5": 0.28555215864424327,
        "ndcg_at_10": 0.30316511340356106,
        "ndcg_at_30": 0.2827751029580268,
        "hit_rate_at_10": 1.0,
        "hit_rate_at_30": 1.0
      },
      "split": {
        "train_rows": 5153,
        "test_rows": 2577,
        "train_unique_drugs": 197,
        "test_unique_drugs": 98,
        "train_unique_scaffolds": 155,
        "test_unique_scaffolds": 79,
        "train_test_drug_overlap_count": 0,
        "train_test_drug_overlap_rate": 0.0,
        "train_test_scaffold_overlap_count": 14,
        "train_test_scaffold_overlap_rate": 0.17721518987341772,
        "drug_overlap_rule_ok": true,
        "scaffold_overlap_rule_ok": true
      },
      "drift": {
        "train_label_mean": 3.189368486404419,
        "test_label_mean": 3.001516103744507,
        "train_label_std": 2.54476261138916,
        "test_label_std": 2.7749922275543213,
        "label_mean_diff": 0.1878523826599121,
        "label_ks_statistic": 0.04672609910129923,
        "label_ks_pvalue": 0.001045070763142173
      }
    },
    {
      "split_id": "groupcv_fold2",
      "train": {
        "spearman": 0.7866739002787096,
        "pearson": 0.8556867241859436,
        "kendall_tau": 0.6117524459806596,
        "rmse": 1.4169525624682282,
        "mae": 1.060390830039978,
        "r2": 0.7285650968551636
      },
      "test": {
        "spearman": 0.3176239955625319,
        "pearson": 0.338047057390213,
        "kendall_tau": 0.21571679326562493,
        "rmse": 2.331608770750116,
        "mae": 1.7383774518966675,
        "r2": 0.07582557201385498
      },
      "ranking": {
        "precision_at_5": 0.8,
        "precision_at_10": 0.9,
        "precision_at_30": 0.8,
        "ndcg_at_5": 0.16626704026574515,
        "ndcg_at_10": 0.28069988471404816,
        "ndcg_at_30": 0.33846449978006704,
        "hit_rate_at_10": 1.0,
        "hit_rate_at_30": 1.0
      },
      "split": {
        "train_rows": 5153,
        "test_rows": 2577,
        "train_unique_drugs": 196,
        "test_unique_drugs": 99,
        "train_unique_scaffolds": 152,
        "test_unique_scaffolds": 76,
        "train_test_drug_overlap_count": 0,
        "train_test_drug_overlap_rate": 0.0,
        "train_test_scaffold_overlap_count": 8,
        "train_test_scaffold_overlap_rate": 0.10526315789473684,
        "drug_overlap_rule_ok": true,
        "scaffold_overlap_rule_ok": true
      },
      "drift": {
        "train_label_mean": 3.124788284301758,
        "test_label_mean": 3.1306509971618652,
        "train_label_std": 2.7197089195251465,
        "test_label_std": 2.4253740310668945,
        "label_mean_diff": -0.005862712860107422,
        "label_ks_statistic": 0.050713815002483946,
        "label_ks_pvalue": 0.00028197411329578263
      }
    },
    {
      "split_id": "groupcv_fold3",
      "train": {
        "spearman": 0.7695374289784506,
        "pearson": 0.8333670496940613,
        "kendall_tau": 0.5861105232302792,
        "rmse": 1.717901818193317,
        "mae": 1.3927223682403564,
        "r2": 0.5657260417938232
      },
      "test": {
        "spearman": 0.4482496437763406,
        "pearson": 0.5359621047973633,
        "kendall_tau": 0.3166475007990484,
        "rmse": 2.5335951878922645,
        "mae": 2.0234174728393555,
        "r2": 0.09110337495803833
      },
      "ranking": {
        "precision_at_5": 0.6,
        "precision_at_10": 0.8,
        "precision_at_30": 0.7666666666666667,
        "ndcg_at_5": 0.6079461705650425,
        "ndcg_at_10": 0.5893163114574638,
        "ndcg_at_30": 0.5660889681802885,
        "hit_rate_at_10": 1.0,
        "hit_rate_at_30": 1.0
      },
      "split": {
        "train_rows": 5154,
        "test_rows": 2576,
        "train_unique_drugs": 197,
        "test_unique_drugs": 98,
        "train_unique_scaffolds": 148,
        "test_unique_scaffolds": 83,
        "train_test_drug_overlap_count": 0,
        "train_test_drug_overlap_rate": 0.0,
        "train_test_scaffold_overlap_count": 11,
        "train_test_scaffold_overlap_rate": 0.13253012048192772,
        "drug_overlap_rule_ok": true,
        "scaffold_overlap_rule_ok": true
      },
      "drift": {
        "train_label_mean": 3.0660836696624756,
        "test_label_mean": 3.2481086254119873,
        "train_label_std": 2.6068522930145264,
        "test_label_std": 2.657541036605835,
        "label_mean_diff": -0.18202495574951172,
        "label_ks_statistic": 0.07428078535154509,
        "label_ks_pvalue": 1.1034847838719117e-08
      }
    }
  ]
}