{
  "cancer": "brca",
  "track": "2B_numeric_smiles",
  "model": "FTTransformer",
  "eval_mode": "groupcv",
  "core_mean": {
    "spearman": 0.4043181533701821,
    "pearson": 0.46705039342244464,
    "kendall_tau": 0.282580866345654,
    "rmse": 2.5024271723962066,
    "mae": 1.9413191080093384,
    "r2": 0.08066765467325847
  },
  "overfit": {
    "train_spearman": 0.756324052810669,
    "test_spearman": 0.4043181240558624,
    "spearman_gap": 0.3520059287548065,
    "train_rmse": 1.7472009658813477,
    "test_rmse": 2.502427101135254,
    "rmse_gap": -0.7552263140678406,
    "fold_mean": 0.4043181240558624,
    "fold_std": 0.026240915060043335,
    "fold_min": 0.36956292390823364,
    "fold_max": 0.4329622685909271
  },
  "ranking_mean": {
    "precision_at_5": 0.9333333333333332,
    "precision_at_10": 0.8333333333333334,
    "precision_at_30": 0.7111111111111111,
    "ndcg_at_5": 0.4471567635748315,
    "ndcg_at_10": 0.45299642112511096,
    "ndcg_at_30": 0.47043567198846503,
    "hit_rate_at_10": 1.0,
    "hit_rate_at_30": 1.0
  },
  "split_leakage_mean": {
    "train_rows": 5153.333333333333,
    "test_rows": 2576.6666666666665,
    "train_unique_drugs": 196.66666666666666,
    "test_unique_drugs": 98.33333333333333,
    "train_unique_scaffolds": 151.66666666666666,
    "test_unique_scaffolds": 79.33333333333333,
    "train_test_drug_overlap_count": 0.0,
    "train_test_drug_overlap_rate": 0.0,
    "train_test_scaffold_overlap_count": 11.0,
    "train_test_scaffold_overlap_rate": 0.13833615608336078
  },
  "label_drift_mean": {
    "train_label_mean": 3.1267468134562173,
    "test_label_mean": 3.126758575439453,
    "train_label_std": 2.623774607976278,
    "test_label_std": 2.61930243174235,
    "label_mean_diff": -1.1761983235677084e-05,
    "label_ks_statistic": 0.057240233151776086,
    "label_ks_pvalue": 0.0004423519704285981
  },
  "imputation_summary": {
    "nan_imputation_applied": true,
    "nan_imputation_value": 0.0,
    "nan_before_count": 12276,
    "nan_after_count": 0,
    "inf_before_count": 0,
    "inf_after_count": 0,
    "imputation_scope": "model_input_only",
    "original_input_modified": false
  },
  "folds": [
    {
      "split_id": "groupcv_fold1",
      "train": {
        "spearman": 0.7121659820884376,
        "pearson": 0.7843285202980042,
        "kendall_tau": 0.5456726165256501,
        "rmse": 2.1484365012426654,
        "mae": 1.7779510021209717,
        "r2": 0.28722822666168213
      },
      "test": {
        "spearman": 0.4104292525463986,
        "pearson": 0.44492965936660767,
        "kendall_tau": 0.2885471906154809,
        "rmse": 2.9009850506191883,
        "mae": 2.36157488822937,
        "r2": -0.09286749362945557
      },
      "ranking": {
        "precision_at_5": 0.8,
        "precision_at_10": 0.6,
        "precision_at_30": 0.43333333333333335,
        "ndcg_at_5": 0.05332138153816367,
        "ndcg_at_10": 0.045399791527776054,
        "ndcg_at_30": 0.08051716083293237,
        "hit_rate_at_10": 1.0,
        "hit_rate_at_30": 1.0
      },
      "split": {
        "train_rows": 5153,
        "test_rows": 2577,
        "train_unique_drugs": 197,
        "test_unique_drugs": 98,
        "train_unique_scaffolds": 155,
        "test_unique_scaffolds": 79,
        "train_test_drug_overlap_count": 0,
        "train_test_drug_overlap_rate": 0.0,
        "train_test_scaffold_overlap_count": 14,
        "train_test_scaffold_overlap_rate": 0.17721518987341772,
        "drug_overlap_rule_ok": true,
        "scaffold_overlap_rule_ok": true
      },
      "drift": {
        "train_label_mean": 3.189368486404419,
        "test_label_mean": 3.001516103744507,
        "train_label_std": 2.54476261138916,
        "test_label_std": 2.7749922275543213,
        "label_mean_diff": 0.1878523826599121,
        "label_ks_statistic": 0.04672609910129923,
        "label_ks_pvalue": 0.001045070763142173
      }
    },
    {
      "split_id": "groupcv_fold2",
      "train": {
        "spearman": 0.8083813537900638,
        "pearson": 0.8577615022659302,
        "kendall_tau": 0.6259570241005862,
        "rmse": 1.577192200800521,
        "mae": 1.1688019037246704,
        "r2": 0.6637018918991089
      },
      "test": {
        "spearman": 0.36956293868752005,
        "pearson": 0.3996960520744324,
        "kendall_tau": 0.25432525540580403,
        "rmse": 2.382270726383074,
        "mae": 1.6954432725906372,
        "r2": 0.03522777557373047
      },
      "ranking": {
        "precision_at_5": 1.0,
        "precision_at_10": 1.0,
        "precision_at_30": 0.8666666666666667,
        "ndcg_at_5": 0.49785126072204017,
        "ndcg_at_10": 0.537751288953452,
        "ndcg_at_30": 0.5505813721669846,
        "hit_rate_at_10": 1.0,
        "hit_rate_at_30": 1.0
      },
      "split": {
        "train_rows": 5153,
        "test_rows": 2577,
        "train_unique_drugs": 196,
        "test_unique_drugs": 99,
        "train_unique_scaffolds": 152,
        "test_unique_scaffolds": 76,
        "train_test_drug_overlap_count": 0,
        "train_test_drug_overlap_rate": 0.0,
        "train_test_scaffold_overlap_count": 8,
        "train_test_scaffold_overlap_rate": 0.10526315789473684,
        "drug_overlap_rule_ok": true,
        "scaffold_overlap_rule_ok": true
      },
      "drift": {
        "train_label_mean": 3.124788284301758,
        "test_label_mean": 3.1306509971618652,
        "train_label_std": 2.7197089195251465,
        "test_label_std": 2.4253740310668945,
        "label_mean_diff": -0.005862712860107422,
        "label_ks_statistic": 0.050713815002483946,
        "label_ks_pvalue": 0.00028197411329578263
      }
    },
    {
      "split_id": "groupcv_fold3",
      "train": {
        "spearman": 0.7484247760212764,
        "pearson": 0.8180983662605286,
        "kendall_tau": 0.572593507679513,
        "rmse": 1.5159741029112705,
        "mae": 1.1261610984802246,
        "r2": 0.6618177890777588
      },
      "test": {
        "spearman": 0.43296226887662764,
        "pearson": 0.556525468826294,
        "kendall_tau": 0.30487015301567705,
        "rmse": 2.2240257401863572,
        "mae": 1.7669391632080078,
        "r2": 0.2996426820755005
      },
      "ranking": {
        "precision_at_5": 1.0,
        "precision_at_10": 0.9,
        "precision_at_30": 0.8333333333333334,
        "ndcg_at_5": 0.7902976484642905,
        "ndcg_at_10": 0.7758381828941048,
        "ndcg_at_30": 0.7802084829654781,
        "hit_rate_at_10": 1.0,
        "hit_rate_at_30": 1.0
      },
      "split": {
        "train_rows": 5154,
        "test_rows": 2576,
        "train_unique_drugs": 197,
        "test_unique_drugs": 98,
        "train_unique_scaffolds": 148,
        "test_unique_scaffolds": 83,
        "train_test_drug_overlap_count": 0,
        "train_test_drug_overlap_rate": 0.0,
        "train_test_scaffold_overlap_count": 11,
        "train_test_scaffold_overlap_rate": 0.13253012048192772,
        "drug_overlap_rule_ok": true,
        "scaffold_overlap_rule_ok": true
      },
      "drift": {
        "train_label_mean": 3.0660836696624756,
        "test_label_mean": 3.2481086254119873,
        "train_label_std": 2.6068522930145264,
        "test_label_std": 2.657541036605835,
        "label_mean_diff": -0.18202495574951172,
        "label_ks_statistic": 0.07428078535154509,
        "label_ks_pvalue": 1.1034847838719117e-08
      }
    }
  ]
}