{
  "cancer": "brca",
  "track": "2C_numeric_smiles_context",
  "model": "TabTransformer",
  "eval_mode": "groupcv",
  "core_mean": {
    "spearman": 0.41948521792932053,
    "pearson": 0.4691961606343587,
    "kendall_tau": 0.29297616005026744,
    "rmse": 2.388954139856422,
    "mae": 1.7700511614481609,
    "r2": 0.15812995036443075
  },
  "overfit": {
    "train_spearman": 0.7770273089408875,
    "test_spearman": 0.4194852113723755,
    "spearman_gap": 0.35754212737083435,
    "train_rmse": 1.5114513635635376,
    "test_rmse": 2.3889541625976562,
    "rmse_gap": -0.8775027394294739,
    "fold_mean": 0.4194852113723755,
    "fold_std": 0.07809405773878098,
    "fold_min": 0.31060490012168884,
    "fold_max": 0.48995131254196167
  },
  "ranking_mean": {
    "precision_at_5": 0.9333333333333332,
    "precision_at_10": 0.7333333333333334,
    "precision_at_30": 0.7222222222222222,
    "ndcg_at_5": 0.3398498852043023,
    "ndcg_at_10": 0.34740337510571995,
    "ndcg_at_30": 0.3661351494670761,
    "hit_rate_at_10": 1.0,
    "hit_rate_at_30": 1.0
  },
  "split_leakage_mean": {
    "train_rows": 5153.333333333333,
    "test_rows": 2576.6666666666665,
    "train_unique_drugs": 196.66666666666666,
    "test_unique_drugs": 98.33333333333333,
    "train_unique_scaffolds": 151.66666666666666,
    "test_unique_scaffolds": 79.33333333333333,
    "train_test_drug_overlap_count": 0.0,
    "train_test_drug_overlap_rate": 0.0,
    "train_test_scaffold_overlap_count": 11.0,
    "train_test_scaffold_overlap_rate": 0.13833615608336078
  },
  "label_drift_mean": {
    "train_label_mean": 3.1267468134562173,
    "test_label_mean": 3.126758575439453,
    "train_label_std": 2.623774607976278,
    "test_label_std": 2.61930243174235,
    "label_mean_diff": -1.1761983235677084e-05,
    "label_ks_statistic": 0.057240233151776086,
    "label_ks_pvalue": 0.0004423519704285981
  },
  "imputation_summary": {
    "nan_imputation_applied": true,
    "nan_imputation_value": 0.0,
    "nan_before_count": 12276,
    "nan_after_count": 0,
    "inf_before_count": 0,
    "inf_after_count": 0,
    "imputation_scope": "model_input_only",
    "original_input_modified": false
  },
  "folds": [
    {
      "split_id": "groupcv_fold1",
      "train": {
        "spearman": 0.7799009822593281,
        "pearson": 0.8361204862594604,
        "kendall_tau": 0.5966188375767245,
        "rmse": 1.4421827917549095,
        "mae": 1.0471395254135132,
        "r2": 0.6788218021392822
      },
      "test": {
        "spearman": 0.4899513273798423,
        "pearson": 0.5001175999641418,
        "kendall_tau": 0.34472011079711967,
        "rmse": 2.469030050497318,
        "mae": 1.7649152278900146,
        "r2": 0.20835727453231812
      },
      "ranking": {
        "precision_at_5": 0.8,
        "precision_at_10": 0.6,
        "precision_at_30": 0.5,
        "ndcg_at_5": 0.046659410898089115,
        "ndcg_at_10": 0.04484684469955999,
        "ndcg_at_30": 0.058707407890841425,
        "hit_rate_at_10": 1.0,
        "hit_rate_at_30": 1.0
      },
      "split": {
        "train_rows": 5153,
        "test_rows": 2577,
        "train_unique_drugs": 197,
        "test_unique_drugs": 98,
        "train_unique_scaffolds": 155,
        "test_unique_scaffolds": 79,
        "train_test_drug_overlap_count": 0,
        "train_test_drug_overlap_rate": 0.0,
        "train_test_scaffold_overlap_count": 14,
        "train_test_scaffold_overlap_rate": 0.17721518987341772,
        "drug_overlap_rule_ok": true,
        "scaffold_overlap_rule_ok": true
      },
      "drift": {
        "train_label_mean": 3.189368486404419,
        "test_label_mean": 3.001516103744507,
        "train_label_std": 2.54476261138916,
        "test_label_std": 2.7749922275543213,
        "label_mean_diff": 0.1878523826599121,
        "label_ks_statistic": 0.04672609910129923,
        "label_ks_pvalue": 0.001045070763142173
      }
    },
    {
      "split_id": "groupcv_fold2",
      "train": {
        "spearman": 0.78395816253956,
        "pearson": 0.8473972678184509,
        "kendall_tau": 0.6079894968115028,
        "rmse": 1.561168790221573,
        "mae": 1.1982719898223877,
        "r2": 0.6705003976821899
      },
      "test": {
        "spearman": 0.3106049040686542,
        "pearson": 0.34344393014907837,
        "kendall_tau": 0.2116270887450111,
        "rmse": 2.4403118640900296,
        "mae": 1.7643117904663086,
        "r2": -0.012355923652648926
      },
      "ranking": {
        "precision_at_5": 1.0,
        "precision_at_10": 1.0,
        "precision_at_30": 0.9333333333333333,
        "ndcg_at_5": 0.5362352899666811,
        "ndcg_at_10": 0.6050822015785408,
        "ndcg_at_30": 0.6237098519360145,
        "hit_rate_at_10": 1.0,
        "hit_rate_at_30": 1.0
      },
      "split": {
        "train_rows": 5153,
        "test_rows": 2577,
        "train_unique_drugs": 196,
        "test_unique_drugs": 99,
        "train_unique_scaffolds": 152,
        "test_unique_scaffolds": 76,
        "train_test_drug_overlap_count": 0,
        "train_test_drug_overlap_rate": 0.0,
        "train_test_scaffold_overlap_count": 8,
        "train_test_scaffold_overlap_rate": 0.10526315789473684,
        "drug_overlap_rule_ok": true,
        "scaffold_overlap_rule_ok": true
      },
      "drift": {
        "train_label_mean": 3.124788284301758,
        "test_label_mean": 3.1306509971618652,
        "train_label_std": 2.7197089195251465,
        "test_label_std": 2.4253740310668945,
        "label_mean_diff": -0.005862712860107422,
        "label_ks_statistic": 0.050713815002483946,
        "label_ks_pvalue": 0.00028197411329578263
      }
    },
    {
      "split_id": "groupcv_fold3",
      "train": {
        "spearman": 0.7672228789149915,
        "pearson": 0.8279047608375549,
        "kendall_tau": 0.5827753407587829,
        "rmse": 1.5310027253707856,
        "mae": 1.1483187675476074,
        "r2": 0.6550794839859009
      },
      "test": {
        "spearman": 0.4578994223394651,
        "pearson": 0.564026951789856,
        "kendall_tau": 0.32258128060867153,
        "rmse": 2.257520504981919,
        "mae": 1.7809264659881592,
        "r2": 0.27838850021362305
      },
      "ranking": {
        "precision_at_5": 1.0,
        "precision_at_10": 0.6,
        "precision_at_30": 0.7333333333333333,
        "ndcg_at_5": 0.4366549547481367,
        "ndcg_at_10": 0.3922810790390591,
        "ndcg_at_30": 0.41598818857437225,
        "hit_rate_at_10": 1.0,
        "hit_rate_at_30": 1.0
      },
      "split": {
        "train_rows": 5154,
        "test_rows": 2576,
        "train_unique_drugs": 197,
        "test_unique_drugs": 98,
        "train_unique_scaffolds": 148,
        "test_unique_scaffolds": 83,
        "train_test_drug_overlap_count": 0,
        "train_test_drug_overlap_rate": 0.0,
        "train_test_scaffold_overlap_count": 11,
        "train_test_scaffold_overlap_rate": 0.13253012048192772,
        "drug_overlap_rule_ok": true,
        "scaffold_overlap_rule_ok": true
      },
      "drift": {
        "train_label_mean": 3.0660836696624756,
        "test_label_mean": 3.2481086254119873,
        "train_label_std": 2.6068522930145264,
        "test_label_std": 2.657541036605835,
        "label_mean_diff": -0.18202495574951172,
        "label_ks_statistic": 0.07428078535154509,
        "label_ks_pvalue": 1.1034847838719117e-08
      }
    }
  ]
}