{
  "cancer": "brca",
  "track": "2A_numeric",
  "model": "TabTransformer",
  "eval_mode": "groupcv",
  "core_mean": {
    "spearman": 0.21581165072797967,
    "pearson": 0.19409080843130747,
    "kendall_tau": 0.14795415674422144,
    "rmse": 2.633258428116788,
    "mae": 1.981842319170634,
    "r2": -0.010275840759277344
  },
  "overfit": {
    "train_spearman": 0.22436805069446564,
    "test_spearman": 0.21581165492534637,
    "spearman_gap": 0.008556400425732136,
    "train_rmse": 2.6278135776519775,
    "test_rmse": 2.633258581161499,
    "rmse_gap": -0.0054448447190225124,
    "fold_mean": 0.21581165492534637,
    "fold_std": 0.009857580997049809,
    "fold_min": 0.20759400725364685,
    "fold_max": 0.22967293858528137
  },
  "ranking_mean": {
    "precision_at_5": 0.6666666666666666,
    "precision_at_10": 0.5,
    "precision_at_30": 0.4444444444444444,
    "ndcg_at_5": 0.06599312438318325,
    "ndcg_at_10": 0.060721217431098984,
    "ndcg_at_30": 0.07899594080223697,
    "hit_rate_at_10": 1.0,
    "hit_rate_at_30": 1.0
  },
  "split_leakage_mean": {
    "train_rows": 5153.333333333333,
    "test_rows": 2576.6666666666665,
    "train_unique_drugs": 196.66666666666666,
    "test_unique_drugs": 98.33333333333333,
    "train_unique_scaffolds": 151.66666666666666,
    "test_unique_scaffolds": 79.33333333333333,
    "train_test_drug_overlap_count": 0.0,
    "train_test_drug_overlap_rate": 0.0,
    "train_test_scaffold_overlap_count": 11.0,
    "train_test_scaffold_overlap_rate": 0.13833615608336078
  },
  "label_drift_mean": {
    "train_label_mean": 3.1267468134562173,
    "test_label_mean": 3.126758575439453,
    "train_label_std": 2.623774607976278,
    "test_label_std": 2.61930243174235,
    "label_mean_diff": -1.1761983235677084e-05,
    "label_ks_statistic": 0.057240233151776086,
    "label_ks_pvalue": 0.0004423519704285981
  },
  "imputation_summary": {
    "nan_imputation_applied": false,
    "nan_imputation_value": 0.0,
    "nan_before_count": 0,
    "nan_after_count": 0,
    "inf_before_count": 0,
    "inf_after_count": 0,
    "imputation_scope": "model_input_only",
    "original_input_modified": false
  },
  "folds": [
    {
      "split_id": "groupcv_fold1",
      "train": {
        "spearman": 0.23891608388399532,
        "pearson": 0.21246393024921417,
        "kendall_tau": 0.16381866112937118,
        "rmse": 2.5557744225013597,
        "mae": 1.8915148973464966,
        "r2": -0.008673310279846191
      },
      "test": {
        "spearman": 0.20759400683039916,
        "pearson": 0.1858603060245514,
        "kendall_tau": 0.14196629447677173,
        "rmse": 2.807814955670488,
        "mae": 2.0639469623565674,
        "r2": -0.02379608154296875
      },
      "ranking": {
        "precision_at_5": 0.8,
        "precision_at_10": 0.5,
        "precision_at_30": 0.5333333333333333,
        "ndcg_at_5": 0.01755601855992895,
        "ndcg_at_10": 0.016123520338154444,
        "ndcg_at_30": 0.041155652260156175,
        "hit_rate_at_10": 1.0,
        "hit_rate_at_30": 1.0
      },
      "split": {
        "train_rows": 5153,
        "test_rows": 2577,
        "train_unique_drugs": 197,
        "test_unique_drugs": 98,
        "train_unique_scaffolds": 155,
        "test_unique_scaffolds": 79,
        "train_test_drug_overlap_count": 0,
        "train_test_drug_overlap_rate": 0.0,
        "train_test_scaffold_overlap_count": 14,
        "train_test_scaffold_overlap_rate": 0.17721518987341772,
        "drug_overlap_rule_ok": true,
        "scaffold_overlap_rule_ok": true
      },
      "drift": {
        "train_label_mean": 3.189368486404419,
        "test_label_mean": 3.001516103744507,
        "train_label_std": 2.54476261138916,
        "test_label_std": 2.7749922275543213,
        "label_mean_diff": 0.1878523826599121,
        "label_ks_statistic": 0.04672609910129923,
        "label_ks_pvalue": 0.001045070763142173
      }
    },
    {
      "split_id": "groupcv_fold2",
      "train": {
        "spearman": 0.19313033703032767,
        "pearson": 0.17563414573669434,
        "kendall_tau": 0.13204909331903006,
        "rmse": 2.7221370951864703,
        "mae": 2.094801425933838,
        "r2": -0.001786351203918457
      },
      "test": {
        "spearman": 0.2101680015513908,
        "pearson": 0.19970808923244476,
        "kendall_tau": 0.14376478975362358,
        "rmse": 2.4283919728917587,
        "mae": 1.7986308336257935,
        "r2": -0.0024902820587158203
      },
      "ranking": {
        "precision_at_5": 0.8,
        "precision_at_10": 0.5,
        "precision_at_30": 0.43333333333333335,
        "ndcg_at_5": 0.167935974598658,
        "ndcg_at_10": 0.14569002676895618,
        "ndcg_at_30": 0.16499290624145885,
        "hit_rate_at_10": 1.0,
        "hit_rate_at_30": 1.0
      },
      "split": {
        "train_rows": 5153,
        "test_rows": 2577,
        "train_unique_drugs": 196,
        "test_unique_drugs": 99,
        "train_unique_scaffolds": 152,
        "test_unique_scaffolds": 76,
        "train_test_drug_overlap_count": 0,
        "train_test_drug_overlap_rate": 0.0,
        "train_test_scaffold_overlap_count": 8,
        "train_test_scaffold_overlap_rate": 0.10526315789473684,
        "drug_overlap_rule_ok": true,
        "scaffold_overlap_rule_ok": true
      },
      "drift": {
        "train_label_mean": 3.124788284301758,
        "test_label_mean": 3.1306509971618652,
        "train_label_std": 2.7197089195251465,
        "test_label_std": 2.4253740310668945,
        "label_mean_diff": -0.005862712860107422,
        "label_ks_statistic": 0.050713815002483946,
        "label_ks_pvalue": 0.00028197411329578263
      }
    },
    {
      "split_id": "groupcv_fold3",
      "train": {
        "spearman": 0.2410577306209619,
        "pearson": 0.2079644799232483,
        "kendall_tau": 0.16576107416696212,
        "rmse": 2.6055288693928342,
        "mae": 1.9383717775344849,
        "r2": 0.0010151267051696777
      },
      "test": {
        "spearman": 0.22967294380214903,
        "pearson": 0.19670403003692627,
        "kendall_tau": 0.15813138600226903,
        "rmse": 2.6635683557881165,
        "mae": 2.082949161529541,
        "r2": -0.004541158676147461
      },
      "ranking": {
        "precision_at_5": 0.4,
        "precision_at_10": 0.5,
        "precision_at_30": 0.36666666666666664,
        "ndcg_at_5": 0.012487379990962794,
        "ndcg_at_10": 0.02035010518618632,
        "ndcg_at_30": 0.03083926390509591,
        "hit_rate_at_10": 1.0,
        "hit_rate_at_30": 1.0
      },
      "split": {
        "train_rows": 5154,
        "test_rows": 2576,
        "train_unique_drugs": 197,
        "test_unique_drugs": 98,
        "train_unique_scaffolds": 148,
        "test_unique_scaffolds": 83,
        "train_test_drug_overlap_count": 0,
        "train_test_drug_overlap_rate": 0.0,
        "train_test_scaffold_overlap_count": 11,
        "train_test_scaffold_overlap_rate": 0.13253012048192772,
        "drug_overlap_rule_ok": true,
        "scaffold_overlap_rule_ok": true
      },
      "drift": {
        "train_label_mean": 3.0660836696624756,
        "test_label_mean": 3.2481086254119873,
        "train_label_std": 2.6068522930145264,
        "test_label_std": 2.657541036605835,
        "label_mean_diff": -0.18202495574951172,
        "label_ks_statistic": 0.07428078535154509,
        "label_ks_pvalue": 1.1034847838719117e-08
      }
    }
  ]
}