{
  "cancer": "brca",
  "track": "2B_numeric_smiles",
  "model": "GAT",
  "eval_mode": "groupcv",
  "core_mean": {
    "spearman": 0.2597016983405628,
    "pearson": 0.31319984625066777,
    "kendall_tau": 0.17833700129578353,
    "rmse": 2.7997910781370705,
    "mae": 2.157288636125565,
    "r2": -0.14598401567689848
  },
  "overfit": {
    "train_spearman": 0.7948200106620789,
    "test_spearman": 0.2597016990184784,
    "spearman_gap": 0.5351182818412781,
    "train_rmse": 1.3483840227127075,
    "test_rmse": 2.799791097640991,
    "rmse_gap": -1.4514069557189941,
    "fold_mean": 0.2597016990184784,
    "fold_std": 0.10133934020996094,
    "fold_min": 0.18145203590393066,
    "fold_max": 0.40280842781066895
  },
  "ranking_mean": {
    "precision_at_5": 0.6,
    "precision_at_10": 0.5333333333333333,
    "precision_at_30": 0.37777777777777777,
    "ndcg_at_5": 0.05814983905512657,
    "ndcg_at_10": 0.06842776680114727,
    "ndcg_at_30": 0.07565912989045986,
    "hit_rate_at_10": 1.0,
    "hit_rate_at_30": 1.0
  },
  "split_leakage_mean": {
    "train_rows": 5153.333333333333,
    "test_rows": 2576.6666666666665,
    "train_unique_drugs": 196.66666666666666,
    "test_unique_drugs": 98.33333333333333,
    "train_unique_scaffolds": 151.66666666666666,
    "test_unique_scaffolds": 79.33333333333333,
    "train_test_drug_overlap_count": 0.0,
    "train_test_drug_overlap_rate": 0.0,
    "train_test_scaffold_overlap_count": 11.0,
    "train_test_scaffold_overlap_rate": 0.13833615608336078
  },
  "label_drift_mean": {
    "train_label_mean": 3.1267468134562173,
    "test_label_mean": 3.126758575439453,
    "train_label_std": 2.623774607976278,
    "test_label_std": 2.61930243174235,
    "label_mean_diff": -1.1761983235677084e-05,
    "label_ks_statistic": 0.057240233151776086,
    "label_ks_pvalue": 0.0004423519704285981
  },
  "imputation_summary": {
    "nan_imputation_applied": true,
    "nan_imputation_value": 0.0,
    "nan_before_count": 12276,
    "nan_after_count": 0,
    "inf_before_count": 0,
    "inf_after_count": 0,
    "imputation_scope": "model_input_only",
    "original_input_modified": false
  },
  "folds": [
    {
      "split_id": "groupcv_fold1",
      "train": {
        "spearman": 0.7893194766143825,
        "pearson": 0.8508054223813364,
        "kendall_tau": 0.6076160784030007,
        "rmse": 1.3372267712341988,
        "mae": 0.9652272314408389,
        "r2": 0.7238687096858254
      },
      "test": {
        "spearman": 0.40280841920824784,
        "pearson": 0.4128625619119328,
        "kendall_tau": 0.2793621881319469,
        "rmse": 2.8335608070538423,
        "mae": 2.138574970554573,
        "r2": -0.042657140053771414
      },
      "ranking": {
        "precision_at_5": 0.8,
        "precision_at_10": 0.8,
        "precision_at_30": 0.5,
        "ndcg_at_5": 0.016621206769609653,
        "ndcg_at_10": 0.027633921307523204,
        "ndcg_at_30": 0.049254546884221304,
        "hit_rate_at_10": 1.0,
        "hit_rate_at_30": 1.0
      },
      "split": {
        "train_rows": 5153,
        "test_rows": 2577,
        "train_unique_drugs": 197,
        "test_unique_drugs": 98,
        "train_unique_scaffolds": 155,
        "test_unique_scaffolds": 79,
        "train_test_drug_overlap_count": 0,
        "train_test_drug_overlap_rate": 0.0,
        "train_test_scaffold_overlap_count": 14,
        "train_test_scaffold_overlap_rate": 0.17721518987341772,
        "drug_overlap_rule_ok": true,
        "scaffold_overlap_rule_ok": true
      },
      "drift": {
        "train_label_mean": 3.189368486404419,
        "test_label_mean": 3.001516103744507,
        "train_label_std": 2.54476261138916,
        "test_label_std": 2.7749922275543213,
        "label_mean_diff": 0.1878523826599121,
        "label_ks_statistic": 0.04672609910129923,
        "label_ks_pvalue": 0.001045070763142173
      }
    },
    {
      "split_id": "groupcv_fold2",
      "train": {
        "spearman": 0.8210075526393936,
        "pearson": 0.8757023134261805,
        "kendall_tau": 0.6405668531344572,
        "rmse": 1.3132188815934585,
        "mae": 0.9706038052869173,
        "r2": 0.7668532494524711
      },
      "test": {
        "spearman": 0.19484463260355903,
        "pearson": 0.22471461077420213,
        "kendall_tau": 0.13155511525490401,
        "rmse": 2.6136169319123934,
        "mae": 2.016612638104117,
        "r2": -0.1612519238621517
      },
      "ranking": {
        "precision_at_5": 0.8,
        "precision_at_10": 0.7,
        "precision_at_30": 0.4,
        "ndcg_at_5": 0.14883615234828415,
        "ndcg_at_10": 0.16939471473389123,
        "ndcg_at_30": 0.15282216735709198,
        "hit_rate_at_10": 1.0,
        "hit_rate_at_30": 1.0
      },
      "split": {
        "train_rows": 5153,
        "test_rows": 2577,
        "train_unique_drugs": 196,
        "test_unique_drugs": 99,
        "train_unique_scaffolds": 152,
        "test_unique_scaffolds": 76,
        "train_test_drug_overlap_count": 0,
        "train_test_drug_overlap_rate": 0.0,
        "train_test_scaffold_overlap_count": 8,
        "train_test_scaffold_overlap_rate": 0.10526315789473684,
        "drug_overlap_rule_ok": true,
        "scaffold_overlap_rule_ok": true
      },
      "drift": {
        "train_label_mean": 3.124788284301758,
        "test_label_mean": 3.1306509971618652,
        "train_label_std": 2.7197089195251465,
        "test_label_std": 2.4253740310668945,
        "label_mean_diff": -0.005862712860107422,
        "label_ks_statistic": 0.050713815002483946,
        "label_ks_pvalue": 0.00028197411329578263
      }
    },
    {
      "split_id": "groupcv_fold3",
      "train": {
        "spearman": 0.7741329708322197,
        "pearson": 0.8448431038145788,
        "kendall_tau": 0.5921909395124272,
        "rmse": 1.3947065605237654,
        "mae": 1.0095709196640532,
        "r2": 0.7137583645112867
      },
      "test": {
        "spearman": 0.1814520432098815,
        "pearson": 0.30202236606586835,
        "kendall_tau": 0.12409370050049957,
        "rmse": 2.9521954954449745,
        "mae": 2.3166782997180055,
        "r2": -0.23404298311477234
      },
      "ranking": {
        "precision_at_5": 0.2,
        "precision_at_10": 0.1,
        "precision_at_30": 0.23333333333333334,
        "ndcg_at_5": 0.008992158047485908,
        "ndcg_at_10": 0.008254664362027373,
        "ndcg_at_30": 0.024900675430066306,
        "hit_rate_at_10": 1.0,
        "hit_rate_at_30": 1.0
      },
      "split": {
        "train_rows": 5154,
        "test_rows": 2576,
        "train_unique_drugs": 197,
        "test_unique_drugs": 98,
        "train_unique_scaffolds": 148,
        "test_unique_scaffolds": 83,
        "train_test_drug_overlap_count": 0,
        "train_test_drug_overlap_rate": 0.0,
        "train_test_scaffold_overlap_count": 11,
        "train_test_scaffold_overlap_rate": 0.13253012048192772,
        "drug_overlap_rule_ok": true,
        "scaffold_overlap_rule_ok": true
      },
      "drift": {
        "train_label_mean": 3.0660836696624756,
        "test_label_mean": 3.2481086254119873,
        "train_label_std": 2.6068522930145264,
        "test_label_std": 2.657541036605835,
        "label_mean_diff": -0.18202495574951172,
        "label_ks_statistic": 0.07428078535154509,
        "label_ks_pvalue": 1.1034847838719117e-08
      }
    }
  ]
}