{
  "cancer": "brca",
  "track": "2C_numeric_smiles_context",
  "model": "TabNet",
  "eval_mode": "scaffoldcv",
  "core_mean": {
    "spearman": 0.33513438366811177,
    "pearson": 0.3574296335379283,
    "kendall_tau": 0.23098005860237594,
    "rmse": 3.428367254569528,
    "mae": 2.7623615662256875,
    "r2": -0.9114172458648682
  },
  "overfit": {
    "train_spearman": 0.7997705340385437,
    "test_spearman": 0.3351343870162964,
    "spearman_gap": 0.4646361768245697,
    "train_rmse": 1.4194828271865845,
    "test_rmse": 3.4283673763275146,
    "rmse_gap": -2.0088846683502197,
    "fold_mean": 0.3351343870162964,
    "fold_std": 0.046282701194286346,
    "fold_min": 0.29052790999412537,
    "fold_max": 0.3989205062389374
  },
  "ranking_mean": {
    "precision_at_5": 0.6,
    "precision_at_10": 0.6,
    "precision_at_30": 0.5888888888888889,
    "ndcg_at_5": 0.19235923239016942,
    "ndcg_at_10": 0.23630769967018098,
    "ndcg_at_30": 0.26511366558190125,
    "hit_rate_at_10": 1.0,
    "hit_rate_at_30": 1.0
  },
  "split_leakage_mean": {
    "train_rows": 5153.333333333333,
    "test_rows": 2576.6666666666665,
    "train_unique_drugs": 196.66666666666666,
    "test_unique_drugs": 98.33333333333333,
    "train_unique_scaffolds": 146.66666666666666,
    "test_unique_scaffolds": 73.33333333333333,
    "train_test_drug_overlap_count": 0.0,
    "train_test_drug_overlap_rate": 0.0,
    "train_test_scaffold_overlap_count": 0.0,
    "train_test_scaffold_overlap_rate": 0.0
  },
  "label_drift_mean": {
    "train_label_mean": 3.1267479260762534,
    "test_label_mean": 3.1267632643381753,
    "train_label_std": 2.6233232021331787,
    "test_label_std": 2.61772886912028,
    "label_mean_diff": -1.533826192220052e-05,
    "label_ks_statistic": 0.038841211054895276,
    "label_ks_pvalue": 0.12885177723524274
  },
  "imputation_summary": {
    "nan_imputation_applied": true,
    "nan_imputation_value": 0.0,
    "nan_before_count": 12276,
    "nan_after_count": 0,
    "inf_before_count": 0,
    "inf_after_count": 0,
    "imputation_scope": "model_input_only",
    "original_input_modified": false
  },
  "folds": [
    {
      "split_id": "scaffoldcv_fold1",
      "train": {
        "spearman": 0.8784513659251114,
        "pearson": 0.9149132370948792,
        "kendall_tau": 0.704610299165223,
        "rmse": 1.2647729996420205,
        "mae": 0.9886858463287354,
        "r2": 0.7701075077056885
      },
      "test": {
        "spearman": 0.2905279104710129,
        "pearson": 0.2707465589046478,
        "kendall_tau": 0.19844340160847632,
        "rmse": 4.995161385587697,
        "mae": 4.139319896697998,
        "r2": -2.717825412750244
      },
      "ranking": {
        "precision_at_5": 0.6,
        "precision_at_10": 0.6,
        "precision_at_30": 0.5333333333333333,
        "ndcg_at_5": 0.1809963780991061,
        "ndcg_at_10": 0.27475420979022047,
        "ndcg_at_30": 0.31815337864261134,
        "hit_rate_at_10": 1.0,
        "hit_rate_at_30": 1.0
      },
      "split": {
        "train_rows": 5153,
        "test_rows": 2577,
        "train_unique_drugs": 197,
        "test_unique_drugs": 98,
        "train_unique_scaffolds": 173,
        "test_unique_scaffolds": 47,
        "train_test_drug_overlap_count": 0,
        "train_test_drug_overlap_rate": 0.0,
        "train_test_scaffold_overlap_count": 0,
        "train_test_scaffold_overlap_rate": 0.0,
        "drug_overlap_rule_ok": true,
        "scaffold_overlap_rule_ok": true
      },
      "drift": {
        "train_label_mean": 3.2162575721740723,
        "test_label_mean": 2.9477479457855225,
        "train_label_std": 2.637850522994995,
        "test_label_std": 2.590627908706665,
        "label_mean_diff": 0.2685096263885498,
        "label_ks_statistic": 0.045896536115170694,
        "label_ks_pvalue": 0.001373907485466587
      }
    },
    {
      "split_id": "scaffoldcv_fold2",
      "train": {
        "spearman": 0.7395299208255901,
        "pearson": 0.8370341658592224,
        "kendall_tau": 0.5671351887740005,
        "rmse": 1.5127422012735805,
        "mae": 1.1470788717269897,
        "r2": 0.6872779130935669
      },
      "test": {
        "spearman": 0.31595473111161065,
        "pearson": 0.37869974970817566,
        "kendall_tau": 0.21692945468134472,
        "rmse": 2.41893299208989,
        "mae": 1.969967246055603,
        "r2": 0.03126800060272217
      },
      "ranking": {
        "precision_at_5": 0.8,
        "precision_at_10": 0.8,
        "precision_at_30": 0.6333333333333333,
        "ndcg_at_5": 0.3829845641495416,
        "ndcg_at_10": 0.4206025346259722,
        "ndcg_at_30": 0.4526759123016311,
        "hit_rate_at_10": 1.0,
        "hit_rate_at_30": 1.0
      },
      "split": {
        "train_rows": 5153,
        "test_rows": 2577,
        "train_unique_drugs": 196,
        "test_unique_drugs": 99,
        "train_unique_scaffolds": 133,
        "test_unique_scaffolds": 87,
        "train_test_drug_overlap_count": 0,
        "train_test_drug_overlap_rate": 0.0,
        "train_test_scaffold_overlap_count": 0,
        "train_test_scaffold_overlap_rate": 0.0,
        "drug_overlap_rule_ok": true,
        "scaffold_overlap_rule_ok": true
      },
      "drift": {
        "train_label_mean": 3.1161015033721924,
        "test_label_mean": 3.148021697998047,
        "train_label_std": 2.7051143646240234,
        "test_label_std": 2.4576611518859863,
        "label_mean_diff": -0.03192019462585449,
        "label_ks_statistic": 0.021706672221184265,
        "label_ks_pvalue": 0.3846689822805079
      }
    },
    {
      "split_id": "scaffoldcv_fold3",
      "train": {
        "spearman": 0.7813304841037464,
        "pearson": 0.8320731520652771,
        "kendall_tau": 0.601463165582225,
        "rmse": 1.4809332851036803,
        "mae": 1.1220769882202148,
        "r2": 0.6565536856651306
      },
      "test": {
        "spearman": 0.39892050942171176,
        "pearson": 0.4228425920009613,
        "kendall_tau": 0.27756731951730684,
        "rmse": 2.8710073860309957,
        "mae": 2.177797555923462,
        "r2": -0.04769432544708252
      },
      "ranking": {
        "precision_at_5": 0.4,
        "precision_at_10": 0.4,
        "precision_at_30": 0.6,
        "ndcg_at_5": 0.013096754921860606,
        "ndcg_at_10": 0.01356635459435034,
        "ndcg_at_30": 0.024511705801461357,
        "hit_rate_at_10": 1.0,
        "hit_rate_at_30": 1.0
      },
      "split": {
        "train_rows": 5154,
        "test_rows": 2576,
        "train_unique_drugs": 197,
        "test_unique_drugs": 98,
        "train_unique_scaffolds": 134,
        "test_unique_scaffolds": 86,
        "train_test_drug_overlap_count": 0,
        "train_test_drug_overlap_rate": 0.0,
        "train_test_scaffold_overlap_count": 0,
        "train_test_scaffold_overlap_rate": 0.0,
        "drug_overlap_rule_ok": true,
        "scaffold_overlap_rule_ok": true
      },
      "drift": {
        "train_label_mean": 3.047884702682495,
        "test_label_mean": 3.284520149230957,
        "train_label_std": 2.5270047187805176,
        "test_label_std": 2.8048975467681885,
        "label_mean_diff": -0.23663544654846191,
        "label_ks_statistic": 0.04892042482833089,
        "label_ks_pvalue": 0.000512441939753741
      }
    }
  ]
}