{
  "cancer": "brca",
  "track": "2B_numeric_smiles",
  "model": "CrossAttention",
  "eval_mode": "cv",
  "core_mean": {
    "spearman": 0.762035842238454,
    "pearson": 0.8274479707082113,
    "kendall_tau": 0.5792066464881086,
    "rmse": 1.50710671008578,
    "mae": 1.1310996214548747,
    "r2": 0.6702077388763428
  },
  "overfit": {
    "train_spearman": 0.7807707786560059,
    "test_spearman": 0.7620358467102051,
    "spearman_gap": 0.018735012039542198,
    "train_rmse": 1.4451828002929688,
    "test_rmse": 1.5071067810058594,
    "rmse_gap": -0.061923980712890625,
    "fold_mean": 0.7620358467102051,
    "fold_std": 0.008891419507563114,
    "fold_min": 0.7500571608543396,
    "fold_max": 0.7713372111320496
  },
  "ranking_mean": {
    "precision_at_5": 1.0,
    "precision_at_10": 1.0,
    "precision_at_30": 1.0,
    "ndcg_at_5": 0.526789853987805,
    "ndcg_at_10": 0.5869103190585838,
    "ndcg_at_30": 0.7537962974963376,
    "hit_rate_at_10": 1.0,
    "hit_rate_at_30": 1.0
  },
  "split_leakage_mean": {
    "train_rows": 5153.333333333333,
    "test_rows": 2576.6666666666665,
    "train_unique_drugs": 291.6666666666667,
    "test_unique_drugs": 288.3333333333333,
    "train_unique_scaffolds": 216.66666666666666,
    "test_unique_scaffolds": 213.33333333333334,
    "train_test_drug_overlap_count": 285.0,
    "train_test_drug_overlap_rate": 0.9884894243785997,
    "train_test_scaffold_overlap_count": 210.0,
    "train_test_scaffold_overlap_rate": 0.9844661262290259
  },
  "label_drift_mean": {
    "train_label_mean": 3.126741568247477,
    "test_label_mean": 3.126737912495931,
    "train_label_std": 2.625060240427653,
    "test_label_std": 2.6244657834370932,
    "label_mean_diff": 3.6557515462239585e-06,
    "label_ks_statistic": 0.02649029456841759,
    "label_ks_pvalue": 0.2171403552506631
  },
  "imputation_summary": {
    "nan_imputation_applied": true,
    "nan_imputation_value": 0.0,
    "nan_before_count": 12276,
    "nan_after_count": 0,
    "inf_before_count": 0,
    "inf_after_count": 0,
    "imputation_scope": "model_input_only",
    "original_input_modified": false
  },
  "folds": [
    {
      "split_id": "cv_fold1",
      "train": {
        "spearman": 0.7770403237931298,
        "pearson": 0.8420265913009644,
        "kendall_tau": 0.5941899962332664,
        "rmse": 1.4324827956785942,
        "mae": 1.0695579051971436,
        "r2": 0.7011893391609192
      },
      "test": {
        "spearman": 0.7647131120399321,
        "pearson": 0.8216478824615479,
        "kendall_tau": 0.5804906514824916,
        "rmse": 1.5109642176351752,
        "mae": 1.1295313835144043,
        "r2": 0.6709673404693604
      },
      "ranking": {
        "precision_at_5": 1.0,
        "precision_at_10": 1.0,
        "precision_at_30": 1.0,
        "ndcg_at_5": 0.4051567764810485,
        "ndcg_at_10": 0.6118965224093931,
        "ndcg_at_30": 0.6774730005269446,
        "hit_rate_at_10": 1.0,
        "hit_rate_at_30": 1.0
      },
      "split": {
        "train_rows": 5153,
        "test_rows": 2577,
        "train_unique_drugs": 294,
        "test_unique_drugs": 286,
        "train_unique_scaffolds": 219,
        "test_unique_scaffolds": 211,
        "train_test_drug_overlap_count": 285,
        "train_test_drug_overlap_rate": 0.9965034965034965,
        "train_test_scaffold_overlap_count": 210,
        "train_test_scaffold_overlap_rate": 0.995260663507109,
        "drug_overlap_rule_ok": true,
        "scaffold_overlap_rule_ok": true
      },
      "drift": {
        "train_label_mean": 3.1484804153442383,
        "test_label_mean": 3.0832760334014893,
        "train_label_std": 2.6205434799194336,
        "test_label_std": 2.6341145038604736,
        "label_mean_diff": 0.06520438194274902,
        "label_ks_statistic": 0.028447699841580278,
        "label_ks_pvalue": 0.12048829067256756
      }
    },
    {
      "split_id": "cv_fold2",
      "train": {
        "spearman": 0.7798263958984775,
        "pearson": 0.8428032994270325,
        "kendall_tau": 0.5968028712923655,
        "rmse": 1.4620273217493667,
        "mae": 1.107448935508728,
        "r2": 0.694375216960907
      },
      "test": {
        "spearman": 0.7713372275253344,
        "pearson": 0.8325997591018677,
        "kendall_tau": 0.5887895524523401,
        "rmse": 1.4902931691741998,
        "mae": 1.1310603618621826,
        "r2": 0.6674299240112305
      },
      "ranking": {
        "precision_at_5": 1.0,
        "precision_at_10": 1.0,
        "precision_at_30": 1.0,
        "ndcg_at_5": 0.7970078879519895,
        "ndcg_at_10": 0.7346344060430585,
        "ndcg_at_30": 0.8785204674825111,
        "hit_rate_at_10": 1.0,
        "hit_rate_at_30": 1.0
      },
      "split": {
        "train_rows": 5153,
        "test_rows": 2577,
        "train_unique_drugs": 289,
        "test_unique_drugs": 291,
        "train_unique_scaffolds": 214,
        "test_unique_scaffolds": 216,
        "train_test_drug_overlap_count": 285,
        "train_test_drug_overlap_rate": 0.979381443298969,
        "train_test_scaffold_overlap_count": 210,
        "train_test_scaffold_overlap_rate": 0.9722222222222222,
        "drug_overlap_rule_ok": true,
        "scaffold_overlap_rule_ok": true
      },
      "drift": {
        "train_label_mean": 3.086256504058838,
        "test_label_mean": 3.2076992988586426,
        "train_label_std": 2.6446073055267334,
        "test_label_std": 2.584223747253418,
        "label_mean_diff": -0.12144279479980469,
        "label_ks_statistic": 0.030380560513780828,
        "label_ks_pvalue": 0.08145073769473357
      }
    },
    {
      "split_id": "cv_fold3",
      "train": {
        "spearman": 0.7854458372154904,
        "pearson": 0.840613842010498,
        "kendall_tau": 0.6028031990796412,
        "rmse": 1.4410380071409992,
        "mae": 1.0536704063415527,
        "r2": 0.6951684951782227
      },
      "test": {
        "spearman": 0.7500571871500955,
        "pearson": 0.8280962705612183,
        "kendall_tau": 0.5683397355294942,
        "rmse": 1.5200627434479652,
        "mae": 1.132707118988037,
        "r2": 0.6722259521484375
      },
      "ranking": {
        "precision_at_5": 1.0,
        "precision_at_10": 1.0,
        "precision_at_30": 1.0,
        "ndcg_at_5": 0.37820489753037695,
        "ndcg_at_10": 0.4142000287232999,
        "ndcg_at_30": 0.7053954244795568,
        "hit_rate_at_10": 1.0,
        "hit_rate_at_30": 1.0
      },
      "split": {
        "train_rows": 5154,
        "test_rows": 2576,
        "train_unique_drugs": 292,
        "test_unique_drugs": 288,
        "train_unique_scaffolds": 217,
        "test_unique_scaffolds": 213,
        "train_test_drug_overlap_count": 285,
        "train_test_drug_overlap_rate": 0.9895833333333334,
        "train_test_scaffold_overlap_count": 210,
        "train_test_scaffold_overlap_rate": 0.9859154929577465,
        "drug_overlap_rule_ok": true,
        "scaffold_overlap_rule_ok": true
      },
      "drift": {
        "train_label_mean": 3.1454877853393555,
        "test_label_mean": 3.089238405227661,
        "train_label_std": 2.610029935836792,
        "test_label_std": 2.6550590991973877,
        "label_mean_diff": 0.056249380111694336,
        "label_ks_statistic": 0.02064262334989166,
        "label_ks_pvalue": 0.44948203738468817
      }
    }
  ]
}