{
  "cancer": "brca",
  "track": "2C_numeric_smiles_context",
  "model": "TabTransformer",
  "eval_mode": "scaffoldcv",
  "core_mean": {
    "spearman": 0.38548489363419886,
    "pearson": 0.39255361755688983,
    "kendall_tau": 0.2685544650081655,
    "rmse": 3.2632934111075116,
    "mae": 2.5493529240290322,
    "r2": -0.8229251503944397
  },
  "overfit": {
    "train_spearman": 0.7780441641807556,
    "test_spearman": 0.385484904050827,
    "spearman_gap": 0.392559289932251,
    "train_rmse": 1.417326807975769,
    "test_rmse": 3.263293504714966,
    "rmse_gap": -1.8459666967391968,
    "fold_mean": 0.385484904050827,
    "fold_std": 0.0981510728597641,
    "fold_min": 0.24668674170970917,
    "fold_max": 0.45620787143707275
  },
  "ranking_mean": {
    "precision_at_5": 0.7333333333333334,
    "precision_at_10": 0.6999999999999998,
    "precision_at_30": 0.5444444444444444,
    "ndcg_at_5": 0.18654009105602068,
    "ndcg_at_10": 0.1766600563848154,
    "ndcg_at_30": 0.20328808478953972,
    "hit_rate_at_10": 1.0,
    "hit_rate_at_30": 1.0
  },
  "split_leakage_mean": {
    "train_rows": 5153.333333333333,
    "test_rows": 2576.6666666666665,
    "train_unique_drugs": 196.66666666666666,
    "test_unique_drugs": 98.33333333333333,
    "train_unique_scaffolds": 146.66666666666666,
    "test_unique_scaffolds": 73.33333333333333,
    "train_test_drug_overlap_count": 0.0,
    "train_test_drug_overlap_rate": 0.0,
    "train_test_scaffold_overlap_count": 0.0,
    "train_test_scaffold_overlap_rate": 0.0
  },
  "label_drift_mean": {
    "train_label_mean": 3.1267479260762534,
    "test_label_mean": 3.1267632643381753,
    "train_label_std": 2.6233232021331787,
    "test_label_std": 2.61772886912028,
    "label_mean_diff": -1.533826192220052e-05,
    "label_ks_statistic": 0.038841211054895276,
    "label_ks_pvalue": 0.12885177723524274
  },
  "imputation_summary": {
    "nan_imputation_applied": true,
    "nan_imputation_value": 0.0,
    "nan_before_count": 12276,
    "nan_after_count": 0,
    "inf_before_count": 0,
    "inf_after_count": 0,
    "imputation_scope": "model_input_only",
    "original_input_modified": false
  },
  "folds": [
    {
      "split_id": "scaffoldcv_fold1",
      "train": {
        "spearman": 0.8476609551566676,
        "pearson": 0.8881052732467651,
        "kendall_tau": 0.6709583012539047,
        "rmse": 1.245091959379835,
        "mae": 0.9331309795379639,
        "r2": 0.777206540107727
      },
      "test": {
        "spearman": 0.24668674056961595,
        "pearson": 0.25151368975639343,
        "kendall_tau": 0.166767890410237,
        "rmse": 5.1052864351533636,
        "mae": 4.146961688995361,
        "r2": -2.883561134338379
      },
      "ranking": {
        "precision_at_5": 0.4,
        "precision_at_10": 0.6,
        "precision_at_30": 0.36666666666666664,
        "ndcg_at_5": 0.07248434046439563,
        "ndcg_at_10": 0.11573786187486657,
        "ndcg_at_30": 0.12858573168048562,
        "hit_rate_at_10": 1.0,
        "hit_rate_at_30": 1.0
      },
      "split": {
        "train_rows": 5153,
        "test_rows": 2577,
        "train_unique_drugs": 197,
        "test_unique_drugs": 98,
        "train_unique_scaffolds": 173,
        "test_unique_scaffolds": 47,
        "train_test_drug_overlap_count": 0,
        "train_test_drug_overlap_rate": 0.0,
        "train_test_scaffold_overlap_count": 0,
        "train_test_scaffold_overlap_rate": 0.0,
        "drug_overlap_rule_ok": true,
        "scaffold_overlap_rule_ok": true
      },
      "drift": {
        "train_label_mean": 3.2162575721740723,
        "test_label_mean": 2.9477479457855225,
        "train_label_std": 2.637850522994995,
        "test_label_std": 2.590627908706665,
        "label_mean_diff": 0.2685096263885498,
        "label_ks_statistic": 0.045896536115170694,
        "label_ks_pvalue": 0.001373907485466587
      }
    },
    {
      "split_id": "scaffoldcv_fold2",
      "train": {
        "spearman": 0.7394277564441886,
        "pearson": 0.8300477862358093,
        "kendall_tau": 0.556992312546315,
        "rmse": 1.509928824029346,
        "mae": 1.1074937582015991,
        "r2": 0.6884399652481079
      },
      "test": {
        "spearman": 0.45356008325582464,
        "pearson": 0.4653697609901428,
        "kendall_tau": 0.31752693488916955,
        "rmse": 2.1920813406310615,
        "mae": 1.6704275608062744,
        "r2": 0.20444661378860474
      },
      "ranking": {
        "precision_at_5": 1.0,
        "precision_at_10": 0.7,
        "precision_at_30": 0.6,
        "ndcg_at_5": 0.47334323778912196,
        "ndcg_at_10": 0.3930523327421268,
        "ndcg_at_30": 0.4537128200934514,
        "hit_rate_at_10": 1.0,
        "hit_rate_at_30": 1.0
      },
      "split": {
        "train_rows": 5153,
        "test_rows": 2577,
        "train_unique_drugs": 196,
        "test_unique_drugs": 99,
        "train_unique_scaffolds": 133,
        "test_unique_scaffolds": 87,
        "train_test_drug_overlap_count": 0,
        "train_test_drug_overlap_rate": 0.0,
        "train_test_scaffold_overlap_count": 0,
        "train_test_scaffold_overlap_rate": 0.0,
        "drug_overlap_rule_ok": true,
        "scaffold_overlap_rule_ok": true
      },
      "drift": {
        "train_label_mean": 3.1161015033721924,
        "test_label_mean": 3.148021697998047,
        "train_label_std": 2.7051143646240234,
        "test_label_std": 2.4576611518859863,
        "label_mean_diff": -0.03192019462585449,
        "label_ks_statistic": 0.021706672221184265,
        "label_ks_pvalue": 0.3846689822805079
      }
    },
    {
      "split_id": "scaffoldcv_fold3",
      "train": {
        "spearman": 0.7470438098579252,
        "pearson": 0.8103053569793701,
        "kendall_tau": 0.5621558757832793,
        "rmse": 1.4969598638572892,
        "mae": 1.1075397729873657,
        "r2": 0.6490799188613892
      },
      "test": {
        "spearman": 0.45620785707715594,
        "pearson": 0.4607774019241333,
        "kendall_tau": 0.3213685697250898,
        "rmse": 2.4925124575381097,
        "mae": 1.8306695222854614,
        "r2": 0.21033906936645508
      },
      "ranking": {
        "precision_at_5": 0.8,
        "precision_at_10": 0.8,
        "precision_at_30": 0.6666666666666666,
        "ndcg_at_5": 0.013792694914544486,
        "ndcg_at_10": 0.021189974537452857,
        "ndcg_at_30": 0.027565702594682183,
        "hit_rate_at_10": 1.0,
        "hit_rate_at_30": 1.0
      },
      "split": {
        "train_rows": 5154,
        "test_rows": 2576,
        "train_unique_drugs": 197,
        "test_unique_drugs": 98,
        "train_unique_scaffolds": 134,
        "test_unique_scaffolds": 86,
        "train_test_drug_overlap_count": 0,
        "train_test_drug_overlap_rate": 0.0,
        "train_test_scaffold_overlap_count": 0,
        "train_test_scaffold_overlap_rate": 0.0,
        "drug_overlap_rule_ok": true,
        "scaffold_overlap_rule_ok": true
      },
      "drift": {
        "train_label_mean": 3.047884702682495,
        "test_label_mean": 3.284520149230957,
        "train_label_std": 2.5270047187805176,
        "test_label_std": 2.8048975467681885,
        "label_mean_diff": -0.23663544654846191,
        "label_ks_statistic": 0.04892042482833089,
        "label_ks_pvalue": 0.000512441939753741
      }
    }
  ]
}