{
  "cancer": "brca",
  "track": "2C_numeric_smiles_context",
  "model": "CatBoost",
  "eval_mode": "groupcv",
  "core_mean": {
    "spearman": 0.4695311330000176,
    "pearson": 0.5087621391798037,
    "kendall_tau": 0.32838928384567095,
    "rmse": 2.256064947637992,
    "mae": 1.7138703861058733,
    "r2": 0.2522025826311304
  },
  "overfit": {
    "train_spearman": 0.7560463785394435,
    "test_spearman": 0.4695311330000176,
    "spearman_gap": 0.28651524553942587,
    "train_rmse": 1.5477758398297687,
    "test_rmse": 2.256064947637992,
    "rmse_gap": -0.7082891078082234,
    "fold_mean": 0.4695311330000176,
    "fold_std": 0.06521598496648276,
    "fold_min": 0.3844089910100211,
    "fold_max": 0.5428387932367336
  },
  "ranking_mean": {
    "precision_at_5": 0.9333333333333332,
    "precision_at_10": 0.7999999999999999,
    "precision_at_30": 0.7222222222222223,
    "ndcg_at_5": 0.3298729036301127,
    "ndcg_at_10": 0.3530834296515469,
    "ndcg_at_30": 0.4104471168962132,
    "hit_rate_at_10": 1.0,
    "hit_rate_at_30": 1.0
  },
  "split_leakage_mean": {
    "train_rows": 5153.333333333333,
    "test_rows": 2576.6666666666665,
    "train_unique_drugs": 196.66666666666666,
    "test_unique_drugs": 98.33333333333333,
    "train_unique_scaffolds": 151.66666666666666,
    "test_unique_scaffolds": 79.33333333333333,
    "train_test_drug_overlap_count": 0.0,
    "train_test_drug_overlap_rate": 0.0,
    "train_test_scaffold_overlap_count": 11.0,
    "train_test_scaffold_overlap_rate": 0.13833615608336078
  },
  "label_drift_mean": {
    "train_label_mean": 3.1267468134562173,
    "test_label_mean": 3.126758575439453,
    "train_label_std": 2.623774607976278,
    "test_label_std": 2.61930243174235,
    "label_mean_diff": -1.1761983235677084e-05,
    "label_ks_statistic": 0.057240233151776086,
    "label_ks_pvalue": 0.0004423519704285981
  },
  "folds": [
    {
      "split_id": "groupcv_fold1",
      "train": {
        "spearman": 0.7492191150352226,
        "pearson": 0.8254599261314454,
        "kendall_tau": 0.5673925964925203,
        "rmse": 1.5404314526284577,
        "mae": 1.194412666549544,
        "r2": 0.633570650052768
      },
      "test": {
        "spearman": 0.5428387932367336,
        "pearson": 0.5634076094616128,
        "kendall_tau": 0.3829413506302845,
        "rmse": 2.3184543103994613,
        "mae": 1.706596217948933,
        "r2": 0.3019708950540533
      },
      "ranking": {
        "precision_at_5": 1.0,
        "precision_at_10": 0.9,
        "precision_at_30": 0.8333333333333334,
        "ndcg_at_5": 0.1469691731235259,
        "ndcg_at_10": 0.16351178649707024,
        "ndcg_at_30": 0.19630586045154605,
        "hit_rate_at_10": 1.0,
        "hit_rate_at_30": 1.0
      },
      "split": {
        "train_rows": 5153,
        "test_rows": 2577,
        "train_unique_drugs": 197,
        "test_unique_drugs": 98,
        "train_unique_scaffolds": 155,
        "test_unique_scaffolds": 79,
        "train_test_drug_overlap_count": 0,
        "train_test_drug_overlap_rate": 0.0,
        "train_test_scaffold_overlap_count": 14,
        "train_test_scaffold_overlap_rate": 0.17721518987341772,
        "drug_overlap_rule_ok": true,
        "scaffold_overlap_rule_ok": true
      },
      "drift": {
        "train_label_mean": 3.189368486404419,
        "test_label_mean": 3.001516103744507,
        "train_label_std": 2.54476261138916,
        "test_label_std": 2.7749922275543213,
        "label_mean_diff": 0.1878523826599121,
        "label_ks_statistic": 0.04672609910129923,
        "label_ks_pvalue": 0.001045070763142173
      }
    },
    {
      "split_id": "groupcv_fold2",
      "train": {
        "spearman": 0.7809355882945074,
        "pearson": 0.8537959167366087,
        "kendall_tau": 0.597027811615637,
        "rmse": 1.51651231649504,
        "mae": 1.2033534198693485,
        "r2": 0.6890811779291741
      },
      "test": {
        "spearman": 0.3844089910100211,
        "pearson": 0.38973701107033587,
        "kendall_tau": 0.2646239193272518,
        "rmse": 2.247201942039008,
        "mae": 1.6612471453299678,
        "r2": 0.14152672538695066
      },
      "ranking": {
        "precision_at_5": 0.8,
        "precision_at_10": 0.5,
        "precision_at_30": 0.4666666666666667,
        "ndcg_at_5": 0.1479554080090043,
        "ndcg_at_10": 0.13674993138777988,
        "ndcg_at_30": 0.24357192676251674,
        "hit_rate_at_10": 1.0,
        "hit_rate_at_30": 1.0
      },
      "split": {
        "train_rows": 5153,
        "test_rows": 2577,
        "train_unique_drugs": 196,
        "test_unique_drugs": 99,
        "train_unique_scaffolds": 152,
        "test_unique_scaffolds": 76,
        "train_test_drug_overlap_count": 0,
        "train_test_drug_overlap_rate": 0.0,
        "train_test_scaffold_overlap_count": 8,
        "train_test_scaffold_overlap_rate": 0.10526315789473684,
        "drug_overlap_rule_ok": true,
        "scaffold_overlap_rule_ok": true
      },
      "drift": {
        "train_label_mean": 3.124788284301758,
        "test_label_mean": 3.1306509971618652,
        "train_label_std": 2.7197089195251465,
        "test_label_std": 2.4253740310668945,
        "label_mean_diff": -0.005862712860107422,
        "label_ks_statistic": 0.050713815002483946,
        "label_ks_pvalue": 0.00028197411329578263
      }
    },
    {
      "split_id": "groupcv_fold3",
      "train": {
        "spearman": 0.7379844322886004,
        "pearson": 0.8199390800345502,
        "kendall_tau": 0.5576948223265404,
        "rmse": 1.586383750365808,
        "mae": 1.2127594344822026,
        "r2": 0.6296744961335758
      },
      "test": {
        "spearman": 0.4813456147532983,
        "pearson": 0.5731417970074624,
        "kendall_tau": 0.33760258157947665,
        "rmse": 2.2025385904755064,
        "mae": 1.7737677950387192,
        "r2": 0.3131101274523872
      },
      "ranking": {
        "precision_at_5": 1.0,
        "precision_at_10": 1.0,
        "precision_at_30": 0.8666666666666667,
        "ndcg_at_5": 0.6946941297578079,
        "ndcg_at_10": 0.7589885710697905,
        "ndcg_at_30": 0.7914635634745769,
        "hit_rate_at_10": 1.0,
        "hit_rate_at_30": 1.0
      },
      "split": {
        "train_rows": 5154,
        "test_rows": 2576,
        "train_unique_drugs": 197,
        "test_unique_drugs": 98,
        "train_unique_scaffolds": 148,
        "test_unique_scaffolds": 83,
        "train_test_drug_overlap_count": 0,
        "train_test_drug_overlap_rate": 0.0,
        "train_test_scaffold_overlap_count": 11,
        "train_test_scaffold_overlap_rate": 0.13253012048192772,
        "drug_overlap_rule_ok": true,
        "scaffold_overlap_rule_ok": true
      },
      "drift": {
        "train_label_mean": 3.0660836696624756,
        "test_label_mean": 3.2481086254119873,
        "train_label_std": 2.6068522930145264,
        "test_label_std": 2.657541036605835,
        "label_mean_diff": -0.18202495574951172,
        "label_ks_statistic": 0.07428078535154509,
        "label_ks_pvalue": 1.1034847838719117e-08
      }
    }
  ]
}