config,eval_mode,row_count,spearman,pearson,kendall_tau,rmse,mae,r2,component_pred_std_mean,component_pred_std_median
A,groupcv,7730,0.48344488078154496,0.5279444606221917,0.3387946545336649,2.2362146370844025,1.6740536589148824,0.27442249681584774,0.5863455814887842,0.525335753499799
A,scaffoldcv,7730,0.36436887811739455,0.32888377244968187,0.252496488537726,2.677854669784981,2.0127751746014724,-0.04047307097340802,0.6769497376081293,0.5386248614712923
A,holdout,1546,0.7846587659120976,0.8438542486086946,0.6003003542240058,1.4343112062232057,1.0935843912036682,0.6996174495153402,0.5432974121668415,0.5095282474097156
B,groupcv,7730,0.48255157380680724,0.5281777308514063,0.3379942594894355,2.2309646728815413,1.6830873353080043,0.2778253762687606,0.46323271762277946,0.4017492445265677
B,scaffoldcv,7730,0.36221835951460235,0.3399278504747468,0.2508617638645098,2.632073011844811,1.9715893420408444,-0.005200512700338944,0.598812099071851,0.5619750634538062
B,holdout,1546,0.7878475900597044,0.8473345033226528,0.6036337044061623,1.4258734238332358,1.0922957439174477,0.7031412418511176,0.44325809522728726,0.38589214984074627
