{
  "cancer": "brca",
  "track": "2B_numeric_smiles",
  "model": "LightGBM",
  "eval_mode": "cv",
  "core_mean": {
    "spearman": 0.7504550896841606,
    "pearson": 0.8292006674979951,
    "kendall_tau": 0.568561147907841,
    "rmse": 1.50628055760511,
    "mae": 1.1486982882156862,
    "r2": 0.6705626173520143
  },
  "overfit": {
    "train_spearman": 0.7922214229191019,
    "test_spearman": 0.7504550896841606,
    "spearman_gap": 0.04176633323494124,
    "train_rmse": 1.391022062867289,
    "test_rmse": 1.50628055760511,
    "rmse_gap": -0.11525849473782072,
    "fold_mean": 0.7504550896841606,
    "fold_std": 0.007874971417966113,
    "fold_min": 0.7396616410831358,
    "fold_max": 0.7582285476095144
  },
  "ranking_mean": {
    "precision_at_5": 1.0,
    "precision_at_10": 1.0,
    "precision_at_30": 1.0,
    "ndcg_at_5": 0.6618221077921026,
    "ndcg_at_10": 0.7735214101533018,
    "ndcg_at_30": 0.8660126581846525,
    "hit_rate_at_10": 1.0,
    "hit_rate_at_30": 1.0
  },
  "split_leakage_mean": {
    "train_rows": 5153.333333333333,
    "test_rows": 2576.6666666666665,
    "train_unique_drugs": 291.6666666666667,
    "test_unique_drugs": 288.3333333333333,
    "train_unique_scaffolds": 216.66666666666666,
    "test_unique_scaffolds": 213.33333333333334,
    "train_test_drug_overlap_count": 285.0,
    "train_test_drug_overlap_rate": 0.9884894243785997,
    "train_test_scaffold_overlap_count": 210.0,
    "train_test_scaffold_overlap_rate": 0.9844661262290259
  },
  "label_drift_mean": {
    "train_label_mean": 3.126741568247477,
    "test_label_mean": 3.126737912495931,
    "train_label_std": 2.625060240427653,
    "test_label_std": 2.6244657834370932,
    "label_mean_diff": 3.6557515462239585e-06,
    "label_ks_statistic": 0.02649029456841759,
    "label_ks_pvalue": 0.2171403552506631
  },
  "folds": [
    {
      "split_id": "cv_fold1",
      "train": {
        "spearman": 0.7905474333857456,
        "pearson": 0.8598001102183929,
        "kendall_tau": 0.6096326419562541,
        "rmse": 1.3876346410444707,
        "mae": 1.0495383702329018,
        "r2": 0.7196067823671086
      },
      "test": {
        "spearman": 0.7582285476095144,
        "pearson": 0.825794375856419,
        "kendall_tau": 0.5749896167788962,
        "rmse": 1.5182472159396787,
        "mae": 1.1500789681808385,
        "r2": 0.6677877034175264
      },
      "ranking": {
        "precision_at_5": 1.0,
        "precision_at_10": 1.0,
        "precision_at_30": 1.0,
        "ndcg_at_5": 0.6633959813136918,
        "ndcg_at_10": 0.785549254417032,
        "ndcg_at_30": 0.8460700931728725,
        "hit_rate_at_10": 1.0,
        "hit_rate_at_30": 1.0
      },
      "split": {
        "train_rows": 5153,
        "test_rows": 2577,
        "train_unique_drugs": 294,
        "test_unique_drugs": 286,
        "train_unique_scaffolds": 219,
        "test_unique_scaffolds": 211,
        "train_test_drug_overlap_count": 285,
        "train_test_drug_overlap_rate": 0.9965034965034965,
        "train_test_scaffold_overlap_count": 210,
        "train_test_scaffold_overlap_rate": 0.995260663507109,
        "drug_overlap_rule_ok": true,
        "scaffold_overlap_rule_ok": true
      },
      "drift": {
        "train_label_mean": 3.1484804153442383,
        "test_label_mean": 3.0832760334014893,
        "train_label_std": 2.6205434799194336,
        "test_label_std": 2.6341145038604736,
        "label_mean_diff": 0.06520438194274902,
        "label_ks_statistic": 0.028447699841580278,
        "label_ks_pvalue": 0.12048829067256756
      }
    },
    {
      "split_id": "cv_fold2",
      "train": {
        "spearman": 0.7901745797965753,
        "pearson": 0.8599090425043241,
        "kendall_tau": 0.6094533064092988,
        "rmse": 1.4008347238544496,
        "mae": 1.062293842468731,
        "r2": 0.7194234029976185
      },
      "test": {
        "spearman": 0.7534750803598316,
        "pearson": 0.829607855988034,
        "kendall_tau": 0.571375777659684,
        "rmse": 1.487466392297158,
        "mae": 1.1424682241515598,
        "r2": 0.6686903800939261
      },
      "ranking": {
        "precision_at_5": 1.0,
        "precision_at_10": 1.0,
        "precision_at_30": 1.0,
        "ndcg_at_5": 0.8737802972787077,
        "ndcg_at_10": 0.8443556624998223,
        "ndcg_at_30": 0.9397503629059923,
        "hit_rate_at_10": 1.0,
        "hit_rate_at_30": 1.0
      },
      "split": {
        "train_rows": 5153,
        "test_rows": 2577,
        "train_unique_drugs": 289,
        "test_unique_drugs": 291,
        "train_unique_scaffolds": 214,
        "test_unique_scaffolds": 216,
        "train_test_drug_overlap_count": 285,
        "train_test_drug_overlap_rate": 0.979381443298969,
        "train_test_scaffold_overlap_count": 210,
        "train_test_scaffold_overlap_rate": 0.9722222222222222,
        "drug_overlap_rule_ok": true,
        "scaffold_overlap_rule_ok": true
      },
      "drift": {
        "train_label_mean": 3.086256504058838,
        "test_label_mean": 3.2076992988586426,
        "train_label_std": 2.6446073055267334,
        "test_label_std": 2.584223747253418,
        "label_mean_diff": -0.12144279479980469,
        "label_ks_statistic": 0.030380560513780828,
        "label_ks_pvalue": 0.08145073769473357
      }
    },
    {
      "split_id": "cv_fold3",
      "train": {
        "spearman": 0.7959422555749845,
        "pearson": 0.8595466267618252,
        "kendall_tau": 0.6151973147950536,
        "rmse": 1.3845968237029471,
        "mae": 1.0402775316525545,
        "r2": 0.718579533639543
      },
      "test": {
        "spearman": 0.7396616410831358,
        "pearson": 0.8321997706495323,
        "kendall_tau": 0.5593180492849428,
        "rmse": 1.5131280645784928,
        "mae": 1.15354767231466,
        "r2": 0.6752097685445901
      },
      "ranking": {
        "precision_at_5": 1.0,
        "precision_at_10": 1.0,
        "precision_at_30": 1.0,
        "ndcg_at_5": 0.4482900447839082,
        "ndcg_at_10": 0.6906593135430511,
        "ndcg_at_30": 0.8122175184750923,
        "hit_rate_at_10": 1.0,
        "hit_rate_at_30": 1.0
      },
      "split": {
        "train_rows": 5154,
        "test_rows": 2576,
        "train_unique_drugs": 292,
        "test_unique_drugs": 288,
        "train_unique_scaffolds": 217,
        "test_unique_scaffolds": 213,
        "train_test_drug_overlap_count": 285,
        "train_test_drug_overlap_rate": 0.9895833333333334,
        "train_test_scaffold_overlap_count": 210,
        "train_test_scaffold_overlap_rate": 0.9859154929577465,
        "drug_overlap_rule_ok": true,
        "scaffold_overlap_rule_ok": true
      },
      "drift": {
        "train_label_mean": 3.1454877853393555,
        "test_label_mean": 3.089238405227661,
        "train_label_std": 2.610029935836792,
        "test_label_std": 2.6550590991973877,
        "label_mean_diff": 0.056249380111694336,
        "label_ks_statistic": 0.02064262334989166,
        "label_ks_pvalue": 0.44948203738468817
      }
    }
  ]
}