{
  "cancer": "brca",
  "track": "2B_numeric_smiles",
  "model": "ResidualMLP",
  "eval_mode": "cv",
  "core_mean": {
    "spearman": 0.7514408801985993,
    "pearson": 0.8271228273709615,
    "kendall_tau": 0.5707653545644044,
    "rmse": 1.5201046038217012,
    "mae": 1.1273843050003052,
    "r2": 0.6643956899642944
  },
  "overfit": {
    "train_spearman": 0.7730043530464172,
    "test_spearman": 0.7514408230781555,
    "spearman_gap": 0.021563449874520302,
    "train_rmse": 1.4542303085327148,
    "test_rmse": 1.5201045274734497,
    "rmse_gap": -0.06587433815002441,
    "fold_mean": 0.7514408230781555,
    "fold_std": 0.02112221159040928,
    "fold_min": 0.7216299772262573,
    "fold_max": 0.76799076795578
  },
  "ranking_mean": {
    "precision_at_5": 1.0,
    "precision_at_10": 1.0,
    "precision_at_30": 1.0,
    "ndcg_at_5": 0.6021939672237157,
    "ndcg_at_10": 0.6632297047374853,
    "ndcg_at_30": 0.8195654606414732,
    "hit_rate_at_10": 1.0,
    "hit_rate_at_30": 1.0
  },
  "split_leakage_mean": {
    "train_rows": 5153.333333333333,
    "test_rows": 2576.6666666666665,
    "train_unique_drugs": 291.6666666666667,
    "test_unique_drugs": 288.3333333333333,
    "train_unique_scaffolds": 216.66666666666666,
    "test_unique_scaffolds": 213.33333333333334,
    "train_test_drug_overlap_count": 285.0,
    "train_test_drug_overlap_rate": 0.9884894243785997,
    "train_test_scaffold_overlap_count": 210.0,
    "train_test_scaffold_overlap_rate": 0.9844661262290259
  },
  "label_drift_mean": {
    "train_label_mean": 3.126741568247477,
    "test_label_mean": 3.126737912495931,
    "train_label_std": 2.625060240427653,
    "test_label_std": 2.6244657834370932,
    "label_mean_diff": 3.6557515462239585e-06,
    "label_ks_statistic": 0.02649029456841759,
    "label_ks_pvalue": 0.2171403552506631
  },
  "imputation_summary": {
    "nan_imputation_applied": true,
    "nan_imputation_value": 0.0,
    "nan_before_count": 12276,
    "nan_after_count": 0,
    "inf_before_count": 0,
    "inf_after_count": 0,
    "imputation_scope": "model_input_only",
    "original_input_modified": false
  },
  "folds": [
    {
      "split_id": "cv_fold1",
      "train": {
        "spearman": 0.7824044733280295,
        "pearson": 0.8491784930229187,
        "kendall_tau": 0.599858593084987,
        "rmse": 1.4658343005037109,
        "mae": 1.0869131088256836,
        "r2": 0.687113344669342
      },
      "test": {
        "spearman": 0.7647018862291084,
        "pearson": 0.8277673721313477,
        "kendall_tau": 0.5799359749925247,
        "rmse": 1.5687938577668878,
        "mae": 1.1615705490112305,
        "r2": 0.645298957824707
      },
      "ranking": {
        "precision_at_5": 1.0,
        "precision_at_10": 1.0,
        "precision_at_30": 1.0,
        "ndcg_at_5": 0.5084778534462039,
        "ndcg_at_10": 0.661632988591517,
        "ndcg_at_30": 0.7559942674357625,
        "hit_rate_at_10": 1.0,
        "hit_rate_at_30": 1.0
      },
      "split": {
        "train_rows": 5153,
        "test_rows": 2577,
        "train_unique_drugs": 294,
        "test_unique_drugs": 286,
        "train_unique_scaffolds": 219,
        "test_unique_scaffolds": 211,
        "train_test_drug_overlap_count": 285,
        "train_test_drug_overlap_rate": 0.9965034965034965,
        "train_test_scaffold_overlap_count": 210,
        "train_test_scaffold_overlap_rate": 0.995260663507109,
        "drug_overlap_rule_ok": true,
        "scaffold_overlap_rule_ok": true
      },
      "drift": {
        "train_label_mean": 3.1484804153442383,
        "test_label_mean": 3.0832760334014893,
        "train_label_std": 2.6205434799194336,
        "test_label_std": 2.6341145038604736,
        "label_mean_diff": 0.06520438194274902,
        "label_ks_statistic": 0.028447699841580278,
        "label_ks_pvalue": 0.12048829067256756
      }
    },
    {
      "split_id": "cv_fold2",
      "train": {
        "spearman": 0.7840789027925688,
        "pearson": 0.8528496623039246,
        "kendall_tau": 0.6017599228921372,
        "rmse": 1.415858861203988,
        "mae": 1.0420340299606323,
        "r2": 0.7133727073669434
      },
      "test": {
        "spearman": 0.7679907730611087,
        "pearson": 0.8375002145767212,
        "kendall_tau": 0.5861940873316028,
        "rmse": 1.4293089818949953,
        "mae": 1.0518430471420288,
        "r2": 0.6940912008285522
      },
      "ranking": {
        "precision_at_5": 1.0,
        "precision_at_10": 1.0,
        "precision_at_30": 1.0,
        "ndcg_at_5": 0.810751603517298,
        "ndcg_at_10": 0.7786751153850374,
        "ndcg_at_30": 0.9203373835227531,
        "hit_rate_at_10": 1.0,
        "hit_rate_at_30": 1.0
      },
      "split": {
        "train_rows": 5153,
        "test_rows": 2577,
        "train_unique_drugs": 289,
        "test_unique_drugs": 291,
        "train_unique_scaffolds": 214,
        "test_unique_scaffolds": 216,
        "train_test_drug_overlap_count": 285,
        "train_test_drug_overlap_rate": 0.979381443298969,
        "train_test_scaffold_overlap_count": 210,
        "train_test_scaffold_overlap_rate": 0.9722222222222222,
        "drug_overlap_rule_ok": true,
        "scaffold_overlap_rule_ok": true
      },
      "drift": {
        "train_label_mean": 3.086256504058838,
        "test_label_mean": 3.2076992988586426,
        "train_label_std": 2.6446073055267334,
        "test_label_std": 2.584223747253418,
        "label_mean_diff": -0.12144279479980469,
        "label_ks_statistic": 0.030380560513780828,
        "label_ks_pvalue": 0.08145073769473357
      }
    },
    {
      "split_id": "cv_fold3",
      "train": {
        "spearman": 0.752529593761398,
        "pearson": 0.8314007520675659,
        "kendall_tau": 0.5772375950438762,
        "rmse": 1.480997680548913,
        "mae": 1.0984382629394531,
        "r2": 0.6780282855033875
      },
      "test": {
        "spearman": 0.721629981305581,
        "pearson": 0.8161008954048157,
        "kendall_tau": 0.5461660013690856,
        "rmse": 1.5622109718032207,
        "mae": 1.1687393188476562,
        "r2": 0.653796911239624
      },
      "ranking": {
        "precision_at_5": 1.0,
        "precision_at_10": 1.0,
        "precision_at_30": 1.0,
        "ndcg_at_5": 0.48735244470764505,
        "ndcg_at_10": 0.5493810102359016,
        "ndcg_at_30": 0.7823647309659038,
        "hit_rate_at_10": 1.0,
        "hit_rate_at_30": 1.0
      },
      "split": {
        "train_rows": 5154,
        "test_rows": 2576,
        "train_unique_drugs": 292,
        "test_unique_drugs": 288,
        "train_unique_scaffolds": 217,
        "test_unique_scaffolds": 213,
        "train_test_drug_overlap_count": 285,
        "train_test_drug_overlap_rate": 0.9895833333333334,
        "train_test_scaffold_overlap_count": 210,
        "train_test_scaffold_overlap_rate": 0.9859154929577465,
        "drug_overlap_rule_ok": true,
        "scaffold_overlap_rule_ok": true
      },
      "drift": {
        "train_label_mean": 3.1454877853393555,
        "test_label_mean": 3.089238405227661,
        "train_label_std": 2.610029935836792,
        "test_label_std": 2.6550590991973877,
        "label_mean_diff": 0.056249380111694336,
        "label_ks_statistic": 0.02064262334989166,
        "label_ks_pvalue": 0.44948203738468817
      }
    }
  ]
}