{
  "cancer": "brca",
  "track": "2B_numeric_smiles",
  "model": "RandomForest",
  "eval_mode": "groupcv",
  "core_mean": {
    "spearman": 0.43289098299047685,
    "pearson": 0.4642295002309413,
    "kendall_tau": 0.30037963731724965,
    "rmse": 2.3565530063641913,
    "mae": 1.790056665024918,
    "r2": 0.1805183817867696
  },
  "overfit": {
    "train_spearman": 0.8993190829820218,
    "test_spearman": 0.43289098299047685,
    "spearman_gap": 0.4664280999915449,
    "train_rmse": 0.9773254347803005,
    "test_rmse": 2.3565530063641913,
    "rmse_gap": -1.3792275715838904,
    "fold_mean": 0.43289098299047685,
    "fold_std": 0.06205230196178684,
    "fold_min": 0.3467522845312911,
    "fold_max": 0.4904801717148183
  },
  "ranking_mean": {
    "precision_at_5": 0.39999999999999997,
    "precision_at_10": 0.5666666666666668,
    "precision_at_30": 0.6000000000000001,
    "ndcg_at_5": 0.20830247961877033,
    "ndcg_at_10": 0.22378795256231077,
    "ndcg_at_30": 0.27974898735972764,
    "hit_rate_at_10": 1.0,
    "hit_rate_at_30": 1.0
  },
  "split_leakage_mean": {
    "train_rows": 5153.333333333333,
    "test_rows": 2576.6666666666665,
    "train_unique_drugs": 196.66666666666666,
    "test_unique_drugs": 98.33333333333333,
    "train_unique_scaffolds": 151.66666666666666,
    "test_unique_scaffolds": 79.33333333333333,
    "train_test_drug_overlap_count": 0.0,
    "train_test_drug_overlap_rate": 0.0,
    "train_test_scaffold_overlap_count": 11.0,
    "train_test_scaffold_overlap_rate": 0.13833615608336078
  },
  "label_drift_mean": {
    "train_label_mean": 3.1267468134562173,
    "test_label_mean": 3.126758575439453,
    "train_label_std": 2.623774607976278,
    "test_label_std": 2.61930243174235,
    "label_mean_diff": -1.1761983235677084e-05,
    "label_ks_statistic": 0.057240233151776086,
    "label_ks_pvalue": 0.0004423519704285981
  },
  "folds": [
    {
      "split_id": "groupcv_fold1",
      "train": {
        "spearman": 0.8980963089626106,
        "pearson": 0.9270225402240952,
        "kendall_tau": 0.7642004311567787,
        "rmse": 0.9620413108716945,
        "mae": 0.5542099139047737,
        "r2": 0.8570800222307859
      },
      "test": {
        "spearman": 0.4904801717148183,
        "pearson": 0.49699772024332,
        "kendall_tau": 0.34146343917134614,
        "rmse": 2.4465618919280967,
        "mae": 1.7951821135031878,
        "r2": 0.22269965316594698
      },
      "ranking": {
        "precision_at_5": 0.8,
        "precision_at_10": 0.8,
        "precision_at_30": 0.8,
        "ndcg_at_5": 0.014678471658751491,
        "ndcg_at_10": 0.05417853011016666,
        "ndcg_at_30": 0.15350921647277221,
        "hit_rate_at_10": 1.0,
        "hit_rate_at_30": 1.0
      },
      "split": {
        "train_rows": 5153,
        "test_rows": 2577,
        "train_unique_drugs": 197,
        "test_unique_drugs": 98,
        "train_unique_scaffolds": 155,
        "test_unique_scaffolds": 79,
        "train_test_drug_overlap_count": 0,
        "train_test_drug_overlap_rate": 0.0,
        "train_test_scaffold_overlap_count": 14,
        "train_test_scaffold_overlap_rate": 0.17721518987341772,
        "drug_overlap_rule_ok": true,
        "scaffold_overlap_rule_ok": true
      },
      "drift": {
        "train_label_mean": 3.189368486404419,
        "test_label_mean": 3.001516103744507,
        "train_label_std": 2.54476261138916,
        "test_label_std": 2.7749922275543213,
        "label_mean_diff": 0.1878523826599121,
        "label_ks_statistic": 0.04672609910129923,
        "label_ks_pvalue": 0.001045070763142173
      }
    },
    {
      "split_id": "groupcv_fold2",
      "train": {
        "spearman": 0.9127196943777159,
        "pearson": 0.9403836009680588,
        "kendall_tau": 0.7831982311058341,
        "rmse": 0.9309491805240715,
        "mae": 0.5580230166583918,
        "r2": 0.8828325230640073
      },
      "test": {
        "spearman": 0.3467522845312911,
        "pearson": 0.33504316567813014,
        "kendall_tau": 0.23576750432459484,
        "rmse": 2.411504832856511,
        "mae": 1.820591420825274,
        "r2": 0.011403998035450225
      },
      "ranking": {
        "precision_at_5": 0.2,
        "precision_at_10": 0.5,
        "precision_at_30": 0.5333333333333333,
        "ndcg_at_5": 0.06412197155120881,
        "ndcg_at_10": 0.08096865856300905,
        "ndcg_at_30": 0.15045684387800531,
        "hit_rate_at_10": 1.0,
        "hit_rate_at_30": 1.0
      },
      "split": {
        "train_rows": 5153,
        "test_rows": 2577,
        "train_unique_drugs": 196,
        "test_unique_drugs": 99,
        "train_unique_scaffolds": 152,
        "test_unique_scaffolds": 76,
        "train_test_drug_overlap_count": 0,
        "train_test_drug_overlap_rate": 0.0,
        "train_test_scaffold_overlap_count": 8,
        "train_test_scaffold_overlap_rate": 0.10526315789473684,
        "drug_overlap_rule_ok": true,
        "scaffold_overlap_rule_ok": true
      },
      "drift": {
        "train_label_mean": 3.124788284301758,
        "test_label_mean": 3.1306509971618652,
        "train_label_std": 2.7197089195251465,
        "test_label_std": 2.4253740310668945,
        "label_mean_diff": -0.005862712860107422,
        "label_ks_statistic": 0.050713815002483946,
        "label_ks_pvalue": 0.00028197411329578263
      }
    },
    {
      "split_id": "groupcv_fold3",
      "train": {
        "spearman": 0.8871412456057387,
        "pearson": 0.9183174046171135,
        "kendall_tau": 0.7513709759529339,
        "rmse": 1.0389858129451355,
        "mae": 0.5895948233439564,
        "r2": 0.8411503171941995
      },
      "test": {
        "spearman": 0.46144049272532134,
        "pearson": 0.5606476147713737,
        "kendall_tau": 0.32390796845580805,
        "rmse": 2.211592294307965,
        "mae": 1.7543964607462919,
        "r2": 0.3074514941589116
      },
      "ranking": {
        "precision_at_5": 0.2,
        "precision_at_10": 0.4,
        "precision_at_30": 0.4666666666666667,
        "ndcg_at_5": 0.5461069956463507,
        "ndcg_at_10": 0.5362166690137565,
        "ndcg_at_30": 0.5352809017284054,
        "hit_rate_at_10": 1.0,
        "hit_rate_at_30": 1.0
      },
      "split": {
        "train_rows": 5154,
        "test_rows": 2576,
        "train_unique_drugs": 197,
        "test_unique_drugs": 98,
        "train_unique_scaffolds": 148,
        "test_unique_scaffolds": 83,
        "train_test_drug_overlap_count": 0,
        "train_test_drug_overlap_rate": 0.0,
        "train_test_scaffold_overlap_count": 11,
        "train_test_scaffold_overlap_rate": 0.13253012048192772,
        "drug_overlap_rule_ok": true,
        "scaffold_overlap_rule_ok": true
      },
      "drift": {
        "train_label_mean": 3.0660836696624756,
        "test_label_mean": 3.2481086254119873,
        "train_label_std": 2.6068522930145264,
        "test_label_std": 2.657541036605835,
        "label_mean_diff": -0.18202495574951172,
        "label_ks_statistic": 0.07428078535154509,
        "label_ks_pvalue": 1.1034847838719117e-08
      }
    }
  ]
}