{
  "cancer": "brca",
  "track": "2B_numeric_smiles",
  "model": "TabNet",
  "eval_mode": "groupcv",
  "core_mean": {
    "spearman": 0.3465463925298166,
    "pearson": 0.41939427455266315,
    "kendall_tau": 0.24044464910657162,
    "rmse": 2.4293739249229267,
    "mae": 1.8329127232233684,
    "r2": 0.13639853398005167
  },
  "overfit": {
    "train_spearman": 0.8114756941795349,
    "test_spearman": 0.34654638171195984,
    "spearman_gap": 0.4649292528629303,
    "train_rmse": 1.296737790107727,
    "test_rmse": 2.4293739795684814,
    "rmse_gap": -1.1326360702514648,
    "fold_mean": 0.34654638171195984,
    "fold_std": 0.029773419722914696,
    "fold_min": 0.30766820907592773,
    "fold_max": 0.37998726963996887
  },
  "ranking_mean": {
    "precision_at_5": 0.7333333333333334,
    "precision_at_10": 0.6333333333333334,
    "precision_at_30": 0.5222222222222223,
    "ndcg_at_5": 0.17563824580604728,
    "ndcg_at_10": 0.19069886248872056,
    "ndcg_at_30": 0.18449490193680315,
    "hit_rate_at_10": 1.0,
    "hit_rate_at_30": 1.0
  },
  "split_leakage_mean": {
    "train_rows": 5153.333333333333,
    "test_rows": 2576.6666666666665,
    "train_unique_drugs": 196.66666666666666,
    "test_unique_drugs": 98.33333333333333,
    "train_unique_scaffolds": 151.66666666666666,
    "test_unique_scaffolds": 79.33333333333333,
    "train_test_drug_overlap_count": 0.0,
    "train_test_drug_overlap_rate": 0.0,
    "train_test_scaffold_overlap_count": 11.0,
    "train_test_scaffold_overlap_rate": 0.13833615608336078
  },
  "label_drift_mean": {
    "train_label_mean": 3.1267468134562173,
    "test_label_mean": 3.126758575439453,
    "train_label_std": 2.623774607976278,
    "test_label_std": 2.61930243174235,
    "label_mean_diff": -1.1761983235677084e-05,
    "label_ks_statistic": 0.057240233151776086,
    "label_ks_pvalue": 0.0004423519704285981
  },
  "imputation_summary": {
    "nan_imputation_applied": true,
    "nan_imputation_value": 0.0,
    "nan_before_count": 12276,
    "nan_after_count": 0,
    "inf_before_count": 0,
    "inf_after_count": 0,
    "imputation_scope": "model_input_only",
    "original_input_modified": false
  },
  "folds": [
    {
      "split_id": "groupcv_fold1",
      "train": {
        "spearman": 0.8118429519236582,
        "pearson": 0.8689045906066895,
        "kendall_tau": 0.6316550908287216,
        "rmse": 1.2606673923942888,
        "mae": 0.9091250896453857,
        "r2": 0.7545819282531738
      },
      "test": {
        "spearman": 0.37998727573174973,
        "pearson": 0.45429566502571106,
        "kendall_tau": 0.26834271711616076,
        "rmse": 2.502802994074531,
        "mae": 1.8441376686096191,
        "r2": 0.1865519881248474
      },
      "ranking": {
        "precision_at_5": 1.0,
        "precision_at_10": 1.0,
        "precision_at_30": 0.9,
        "ndcg_at_5": 0.3023295637931626,
        "ndcg_at_10": 0.32114354279266716,
        "ndcg_at_30": 0.3075761782873115,
        "hit_rate_at_10": 1.0,
        "hit_rate_at_30": 1.0
      },
      "split": {
        "train_rows": 5153,
        "test_rows": 2577,
        "train_unique_drugs": 197,
        "test_unique_drugs": 98,
        "train_unique_scaffolds": 155,
        "test_unique_scaffolds": 79,
        "train_test_drug_overlap_count": 0,
        "train_test_drug_overlap_rate": 0.0,
        "train_test_scaffold_overlap_count": 14,
        "train_test_scaffold_overlap_rate": 0.17721518987341772,
        "drug_overlap_rule_ok": true,
        "scaffold_overlap_rule_ok": true
      },
      "drift": {
        "train_label_mean": 3.189368486404419,
        "test_label_mean": 3.001516103744507,
        "train_label_std": 2.54476261138916,
        "test_label_std": 2.7749922275543213,
        "label_mean_diff": 0.1878523826599121,
        "label_ks_statistic": 0.04672609910129923,
        "label_ks_pvalue": 0.001045070763142173
      }
    },
    {
      "split_id": "groupcv_fold2",
      "train": {
        "spearman": 0.8422143411210908,
        "pearson": 0.8908028602600098,
        "kendall_tau": 0.6650286317445994,
        "rmse": 1.2587476298850664,
        "mae": 0.9295963644981384,
        "r2": 0.7857936024665833
      },
      "test": {
        "spearman": 0.3076682229283529,
        "pearson": 0.33147576451301575,
        "kendall_tau": 0.20954648840437445,
        "rmse": 2.3385791959632747,
        "mae": 1.727565050125122,
        "r2": 0.07029163837432861
      },
      "ranking": {
        "precision_at_5": 1.0,
        "precision_at_10": 0.8,
        "precision_at_30": 0.5666666666666667,
        "ndcg_at_5": 0.20870855067665944,
        "ndcg_at_10": 0.23427669897642908,
        "ndcg_at_30": 0.2227002526523287,
        "hit_rate_at_10": 1.0,
        "hit_rate_at_30": 1.0
      },
      "split": {
        "train_rows": 5153,
        "test_rows": 2577,
        "train_unique_drugs": 196,
        "test_unique_drugs": 99,
        "train_unique_scaffolds": 152,
        "test_unique_scaffolds": 76,
        "train_test_drug_overlap_count": 0,
        "train_test_drug_overlap_rate": 0.0,
        "train_test_scaffold_overlap_count": 8,
        "train_test_scaffold_overlap_rate": 0.10526315789473684,
        "drug_overlap_rule_ok": true,
        "scaffold_overlap_rule_ok": true
      },
      "drift": {
        "train_label_mean": 3.124788284301758,
        "test_label_mean": 3.1306509971618652,
        "train_label_std": 2.7197089195251465,
        "test_label_std": 2.4253740310668945,
        "label_mean_diff": -0.005862712860107422,
        "label_ks_statistic": 0.050713815002483946,
        "label_ks_pvalue": 0.00028197411329578263
      }
    },
    {
      "split_id": "groupcv_fold3",
      "train": {
        "spearman": 0.7803696760600974,
        "pearson": 0.8568007946014404,
        "kendall_tau": 0.6022506421765572,
        "rmse": 1.3707987584833379,
        "mae": 1.0005909204483032,
        "r2": 0.7234876155853271
      },
      "test": {
        "spearman": 0.3519836789293472,
        "pearson": 0.4724113941192627,
        "kendall_tau": 0.24344474179917963,
        "rmse": 2.4467395847309747,
        "mae": 1.9270354509353638,
        "r2": 0.152351975440979
      },
      "ranking": {
        "precision_at_5": 0.2,
        "precision_at_10": 0.1,
        "precision_at_30": 0.1,
        "ndcg_at_5": 0.015876622948319825,
        "ndcg_at_10": 0.016676345697065414,
        "ndcg_at_30": 0.0232082748707693,
        "hit_rate_at_10": 1.0,
        "hit_rate_at_30": 1.0
      },
      "split": {
        "train_rows": 5154,
        "test_rows": 2576,
        "train_unique_drugs": 197,
        "test_unique_drugs": 98,
        "train_unique_scaffolds": 148,
        "test_unique_scaffolds": 83,
        "train_test_drug_overlap_count": 0,
        "train_test_drug_overlap_rate": 0.0,
        "train_test_scaffold_overlap_count": 11,
        "train_test_scaffold_overlap_rate": 0.13253012048192772,
        "drug_overlap_rule_ok": true,
        "scaffold_overlap_rule_ok": true
      },
      "drift": {
        "train_label_mean": 3.0660836696624756,
        "test_label_mean": 3.2481086254119873,
        "train_label_std": 2.6068522930145264,
        "test_label_std": 2.657541036605835,
        "label_mean_diff": -0.18202495574951172,
        "label_ks_statistic": 0.07428078535154509,
        "label_ks_pvalue": 1.1034847838719117e-08
      }
    }
  ]
}