{
  "cancer": "brca",
  "track": "2C_numeric_smiles_context",
  "model": "TabTransformer",
  "eval_mode": "cv",
  "core_mean": {
    "spearman": 0.7552302988566032,
    "pearson": 0.8123187224070231,
    "kendall_tau": 0.5720865714368569,
    "rmse": 1.6119644963380544,
    "mae": 1.2202665408452351,
    "r2": 0.6223726272583008
  },
  "overfit": {
    "train_spearman": 0.7748801708221436,
    "test_spearman": 0.7552302479743958,
    "spearman_gap": 0.01964990235865116,
    "train_rmse": 1.5685386657714844,
    "test_rmse": 1.6119645833969116,
    "rmse_gap": -0.04342583939433098,
    "fold_mean": 0.7552302479743958,
    "fold_std": 0.008986278437077999,
    "fold_min": 0.7471665740013123,
    "fold_max": 0.7677687406539917
  },
  "ranking_mean": {
    "precision_at_5": 1.0,
    "precision_at_10": 0.9333333333333332,
    "precision_at_30": 0.9555555555555556,
    "ndcg_at_5": 0.6292511284496697,
    "ndcg_at_10": 0.5952098315805529,
    "ndcg_at_30": 0.6797954743909039,
    "hit_rate_at_10": 1.0,
    "hit_rate_at_30": 1.0
  },
  "split_leakage_mean": {
    "train_rows": 5153.333333333333,
    "test_rows": 2576.6666666666665,
    "train_unique_drugs": 291.6666666666667,
    "test_unique_drugs": 288.3333333333333,
    "train_unique_scaffolds": 216.66666666666666,
    "test_unique_scaffolds": 213.33333333333334,
    "train_test_drug_overlap_count": 285.0,
    "train_test_drug_overlap_rate": 0.9884894243785997,
    "train_test_scaffold_overlap_count": 210.0,
    "train_test_scaffold_overlap_rate": 0.9844661262290259
  },
  "label_drift_mean": {
    "train_label_mean": 3.126741568247477,
    "test_label_mean": 3.126737912495931,
    "train_label_std": 2.625060240427653,
    "test_label_std": 2.6244657834370932,
    "label_mean_diff": 3.6557515462239585e-06,
    "label_ks_statistic": 0.02649029456841759,
    "label_ks_pvalue": 0.2171403552506631
  },
  "imputation_summary": {
    "nan_imputation_applied": true,
    "nan_imputation_value": 0.0,
    "nan_before_count": 12276,
    "nan_after_count": 0,
    "inf_before_count": 0,
    "inf_after_count": 0,
    "imputation_scope": "model_input_only",
    "original_input_modified": false
  },
  "folds": [
    {
      "split_id": "cv_fold1",
      "train": {
        "spearman": 0.7647502637515384,
        "pearson": 0.8270848989486694,
        "kendall_tau": 0.5856049595526842,
        "rmse": 1.5050811537853965,
        "mae": 1.1347293853759766,
        "r2": 0.6701343059539795
      },
      "test": {
        "spearman": 0.7471666027027868,
        "pearson": 0.8031899333000183,
        "kendall_tau": 0.5655460466135257,
        "rmse": 1.5905067504816308,
        "mae": 1.2025275230407715,
        "r2": 0.6354125738143921
      },
      "ranking": {
        "precision_at_5": 1.0,
        "precision_at_10": 0.9,
        "precision_at_30": 0.9333333333333333,
        "ndcg_at_5": 0.9466034858892897,
        "ndcg_at_10": 0.786221290463737,
        "ndcg_at_30": 0.7899363423437502,
        "hit_rate_at_10": 1.0,
        "hit_rate_at_30": 1.0
      },
      "split": {
        "train_rows": 5153,
        "test_rows": 2577,
        "train_unique_drugs": 294,
        "test_unique_drugs": 286,
        "train_unique_scaffolds": 219,
        "test_unique_scaffolds": 211,
        "train_test_drug_overlap_count": 285,
        "train_test_drug_overlap_rate": 0.9965034965034965,
        "train_test_scaffold_overlap_count": 210,
        "train_test_scaffold_overlap_rate": 0.995260663507109,
        "drug_overlap_rule_ok": true,
        "scaffold_overlap_rule_ok": true
      },
      "drift": {
        "train_label_mean": 3.1484804153442383,
        "test_label_mean": 3.0832760334014893,
        "train_label_std": 2.6205434799194336,
        "test_label_std": 2.6341145038604736,
        "label_mean_diff": 0.06520438194274902,
        "label_ks_statistic": 0.028447699841580278,
        "label_ks_pvalue": 0.12048829067256756
      }
    },
    {
      "split_id": "cv_fold2",
      "train": {
        "spearman": 0.7707858054692809,
        "pearson": 0.8231461048126221,
        "kendall_tau": 0.5865085093481957,
        "rmse": 1.5328712444344958,
        "mae": 1.1257976293563843,
        "r2": 0.664038896560669
      },
      "test": {
        "spearman": 0.7677687492603016,
        "pearson": 0.8173831105232239,
        "kendall_tau": 0.5829149379391538,
        "rmse": 1.5191167349394743,
        "mae": 1.1093546152114868,
        "r2": 0.6544411182403564
      },
      "ranking": {
        "precision_at_5": 1.0,
        "precision_at_10": 0.9,
        "precision_at_30": 0.9666666666666667,
        "ndcg_at_5": 0.5572411807575669,
        "ndcg_at_10": 0.49049740852641427,
        "ndcg_at_30": 0.5441410873988647,
        "hit_rate_at_10": 1.0,
        "hit_rate_at_30": 1.0
      },
      "split": {
        "train_rows": 5153,
        "test_rows": 2577,
        "train_unique_drugs": 289,
        "test_unique_drugs": 291,
        "train_unique_scaffolds": 214,
        "test_unique_scaffolds": 216,
        "train_test_drug_overlap_count": 285,
        "train_test_drug_overlap_rate": 0.979381443298969,
        "train_test_scaffold_overlap_count": 210,
        "train_test_scaffold_overlap_rate": 0.9722222222222222,
        "drug_overlap_rule_ok": true,
        "scaffold_overlap_rule_ok": true
      },
      "drift": {
        "train_label_mean": 3.086256504058838,
        "test_label_mean": 3.2076992988586426,
        "train_label_std": 2.6446073055267334,
        "test_label_std": 2.584223747253418,
        "label_mean_diff": -0.12144279479980469,
        "label_ks_statistic": 0.030380560513780828,
        "label_ks_pvalue": 0.08145073769473357
      }
    },
    {
      "split_id": "cv_fold3",
      "train": {
        "spearman": 0.7891045236006708,
        "pearson": 0.8313062787055969,
        "kendall_tau": 0.6035341337321469,
        "rmse": 1.6676636177785908,
        "mae": 1.307818055152893,
        "r2": 0.5917502641677856
      },
      "test": {
        "spearman": 0.7507555446067213,
        "pearson": 0.8163831233978271,
        "kendall_tau": 0.5677987297578914,
        "rmse": 1.7262700035930578,
        "mae": 1.3489174842834473,
        "r2": 0.5772641897201538
      },
      "ranking": {
        "precision_at_5": 1.0,
        "precision_at_10": 1.0,
        "precision_at_30": 0.9666666666666667,
        "ndcg_at_5": 0.3839087187021524,
        "ndcg_at_10": 0.5089107957515072,
        "ndcg_at_30": 0.7053089934300969,
        "hit_rate_at_10": 1.0,
        "hit_rate_at_30": 1.0
      },
      "split": {
        "train_rows": 5154,
        "test_rows": 2576,
        "train_unique_drugs": 292,
        "test_unique_drugs": 288,
        "train_unique_scaffolds": 217,
        "test_unique_scaffolds": 213,
        "train_test_drug_overlap_count": 285,
        "train_test_drug_overlap_rate": 0.9895833333333334,
        "train_test_scaffold_overlap_count": 210,
        "train_test_scaffold_overlap_rate": 0.9859154929577465,
        "drug_overlap_rule_ok": true,
        "scaffold_overlap_rule_ok": true
      },
      "drift": {
        "train_label_mean": 3.1454877853393555,
        "test_label_mean": 3.089238405227661,
        "train_label_std": 2.610029935836792,
        "test_label_std": 2.6550590991973877,
        "label_mean_diff": 0.056249380111694336,
        "label_ks_statistic": 0.02064262334989166,
        "label_ks_pvalue": 0.44948203738468817
      }
    }
  ]
}