{
  "cancer": "brca",
  "track": "2B_numeric_smiles",
  "model": "CrossAttention",
  "eval_mode": "groupcv",
  "core_mean": {
    "spearman": 0.40134530464279755,
    "pearson": 0.4482169250647227,
    "kendall_tau": 0.28058248526274204,
    "rmse": 2.400560851042028,
    "mae": 1.8340545495351155,
    "r2": 0.15768865744272867
  },
  "overfit": {
    "train_spearman": 0.7720792889595032,
    "test_spearman": 0.4013453423976898,
    "spearman_gap": 0.37073400616645813,
    "train_rmse": 1.51439368724823,
    "test_rmse": 2.4005608558654785,
    "rmse_gap": -0.8861672282218933,
    "fold_mean": 0.4013453423976898,
    "fold_std": 0.01526630762964487,
    "fold_min": 0.37977325916290283,
    "fold_max": 0.41288989782333374
  },
  "ranking_mean": {
    "precision_at_5": 0.7999999999999999,
    "precision_at_10": 0.7333333333333334,
    "precision_at_30": 0.7000000000000001,
    "ndcg_at_5": 0.2621880921745983,
    "ndcg_at_10": 0.2752117086503783,
    "ndcg_at_30": 0.3159189541606696,
    "hit_rate_at_10": 1.0,
    "hit_rate_at_30": 1.0
  },
  "split_leakage_mean": {
    "train_rows": 5153.333333333333,
    "test_rows": 2576.6666666666665,
    "train_unique_drugs": 196.66666666666666,
    "test_unique_drugs": 98.33333333333333,
    "train_unique_scaffolds": 151.66666666666666,
    "test_unique_scaffolds": 79.33333333333333,
    "train_test_drug_overlap_count": 0.0,
    "train_test_drug_overlap_rate": 0.0,
    "train_test_scaffold_overlap_count": 11.0,
    "train_test_scaffold_overlap_rate": 0.13833615608336078
  },
  "label_drift_mean": {
    "train_label_mean": 3.1267468134562173,
    "test_label_mean": 3.126758575439453,
    "train_label_std": 2.623774607976278,
    "test_label_std": 2.61930243174235,
    "label_mean_diff": -1.1761983235677084e-05,
    "label_ks_statistic": 0.057240233151776086,
    "label_ks_pvalue": 0.0004423519704285981
  },
  "imputation_summary": {
    "nan_imputation_applied": true,
    "nan_imputation_value": 0.0,
    "nan_before_count": 12276,
    "nan_after_count": 0,
    "inf_before_count": 0,
    "inf_after_count": 0,
    "imputation_scope": "model_input_only",
    "original_input_modified": false
  },
  "folds": [
    {
      "split_id": "groupcv_fold1",
      "train": {
        "spearman": 0.7501869033458308,
        "pearson": 0.8235240578651428,
        "kendall_tau": 0.5771487219771523,
        "rmse": 1.637319158803883,
        "mae": 1.3070673942565918,
        "r2": 0.5860269069671631
      },
      "test": {
        "spearman": 0.4113727478274977,
        "pearson": 0.4566614031791687,
        "kendall_tau": 0.29098028788665065,
        "rmse": 2.565814317230331,
        "mae": 2.009247303009033,
        "r2": 0.1450771689414978
      },
      "ranking": {
        "precision_at_5": 1.0,
        "precision_at_10": 1.0,
        "precision_at_30": 0.7,
        "ndcg_at_5": 0.2408194712658934,
        "ndcg_at_10": 0.2650469807657926,
        "ndcg_at_30": 0.25582607841359045,
        "hit_rate_at_10": 1.0,
        "hit_rate_at_30": 1.0
      },
      "split": {
        "train_rows": 5153,
        "test_rows": 2577,
        "train_unique_drugs": 197,
        "test_unique_drugs": 98,
        "train_unique_scaffolds": 155,
        "test_unique_scaffolds": 79,
        "train_test_drug_overlap_count": 0,
        "train_test_drug_overlap_rate": 0.0,
        "train_test_scaffold_overlap_count": 14,
        "train_test_scaffold_overlap_rate": 0.17721518987341772,
        "drug_overlap_rule_ok": true,
        "scaffold_overlap_rule_ok": true
      },
      "drift": {
        "train_label_mean": 3.189368486404419,
        "test_label_mean": 3.001516103744507,
        "train_label_std": 2.54476261138916,
        "test_label_std": 2.7749922275543213,
        "label_mean_diff": 0.1878523826599121,
        "label_ks_statistic": 0.04672609910129923,
        "label_ks_pvalue": 0.001045070763142173
      }
    },
    {
      "split_id": "groupcv_fold2",
      "train": {
        "spearman": 0.8037384824142312,
        "pearson": 0.8634445071220398,
        "kendall_tau": 0.6241852893433494,
        "rmse": 1.4344991792268955,
        "mae": 1.0472545623779297,
        "r2": 0.7218008637428284
      },
      "test": {
        "spearman": 0.37977326934558586,
        "pearson": 0.3800390660762787,
        "kendall_tau": 0.26104326622843005,
        "rmse": 2.3012926864187557,
        "mae": 1.6455421447753906,
        "r2": 0.09970200061798096
      },
      "ranking": {
        "precision_at_5": 1.0,
        "precision_at_10": 0.8,
        "precision_at_30": 0.8,
        "ndcg_at_5": 0.1930368838148345,
        "ndcg_at_10": 0.26809974529955083,
        "ndcg_at_30": 0.38079245974429327,
        "hit_rate_at_10": 1.0,
        "hit_rate_at_30": 1.0
      },
      "split": {
        "train_rows": 5153,
        "test_rows": 2577,
        "train_unique_drugs": 196,
        "test_unique_drugs": 99,
        "train_unique_scaffolds": 152,
        "test_unique_scaffolds": 76,
        "train_test_drug_overlap_count": 0,
        "train_test_drug_overlap_rate": 0.0,
        "train_test_scaffold_overlap_count": 8,
        "train_test_scaffold_overlap_rate": 0.10526315789473684,
        "drug_overlap_rule_ok": true,
        "scaffold_overlap_rule_ok": true
      },
      "drift": {
        "train_label_mean": 3.124788284301758,
        "test_label_mean": 3.1306509971618652,
        "train_label_std": 2.7197089195251465,
        "test_label_std": 2.4253740310668945,
        "label_mean_diff": -0.005862712860107422,
        "label_ks_statistic": 0.050713815002483946,
        "label_ks_pvalue": 0.00028197411329578263
      }
    },
    {
      "split_id": "groupcv_fold3",
      "train": {
        "spearman": 0.7623126083782096,
        "pearson": 0.8366981148719788,
        "kendall_tau": 0.5797972001562213,
        "rmse": 1.4713626107392745,
        "mae": 1.1074899435043335,
        "r2": 0.6814287900924683
      },
      "test": {
        "spearman": 0.41288989675530907,
        "pearson": 0.5079503059387207,
        "kendall_tau": 0.28972390167314543,
        "rmse": 2.3345755494769964,
        "mae": 1.8473742008209229,
        "r2": 0.22828680276870728
      },
      "ranking": {
        "precision_at_5": 0.4,
        "precision_at_10": 0.4,
        "precision_at_30": 0.6,
        "ndcg_at_5": 0.35270792144306706,
        "ndcg_at_10": 0.2924883998857916,
        "ndcg_at_30": 0.31113832432412514,
        "hit_rate_at_10": 1.0,
        "hit_rate_at_30": 1.0
      },
      "split": {
        "train_rows": 5154,
        "test_rows": 2576,
        "train_unique_drugs": 197,
        "test_unique_drugs": 98,
        "train_unique_scaffolds": 148,
        "test_unique_scaffolds": 83,
        "train_test_drug_overlap_count": 0,
        "train_test_drug_overlap_rate": 0.0,
        "train_test_scaffold_overlap_count": 11,
        "train_test_scaffold_overlap_rate": 0.13253012048192772,
        "drug_overlap_rule_ok": true,
        "scaffold_overlap_rule_ok": true
      },
      "drift": {
        "train_label_mean": 3.0660836696624756,
        "test_label_mean": 3.2481086254119873,
        "train_label_std": 2.6068522930145264,
        "test_label_std": 2.657541036605835,
        "label_mean_diff": -0.18202495574951172,
        "label_ks_statistic": 0.07428078535154509,
        "label_ks_pvalue": 1.1034847838719117e-08
      }
    }
  ]
}