{
  "cancer": "brca",
  "track": "2B_numeric_smiles",
  "model": "FlatMLP",
  "eval_mode": "groupcv",
  "core_mean": {
    "spearman": 0.3791910469387744,
    "pearson": 0.4272540211677551,
    "kendall_tau": 0.26464147331025983,
    "rmse": 2.433261318740183,
    "mae": 1.8273303508758545,
    "r2": 0.135582705338796
  },
  "overfit": {
    "train_spearman": 0.7658678889274597,
    "test_spearman": 0.3791910409927368,
    "spearman_gap": 0.3866768777370453,
    "train_rmse": 1.5233091115951538,
    "test_rmse": 2.4332611560821533,
    "rmse_gap": -0.9099521636962891,
    "fold_mean": 0.3791910409927368,
    "fold_std": 0.034180138260126114,
    "fold_min": 0.3450186550617218,
    "fold_max": 0.42588481307029724
  },
  "ranking_mean": {
    "precision_at_5": 0.7333333333333334,
    "precision_at_10": 0.5666666666666668,
    "precision_at_30": 0.5222222222222221,
    "ndcg_at_5": 0.1294789872122374,
    "ndcg_at_10": 0.13742354577146712,
    "ndcg_at_30": 0.18674595434532879,
    "hit_rate_at_10": 1.0,
    "hit_rate_at_30": 1.0
  },
  "split_leakage_mean": {
    "train_rows": 5153.333333333333,
    "test_rows": 2576.6666666666665,
    "train_unique_drugs": 196.66666666666666,
    "test_unique_drugs": 98.33333333333333,
    "train_unique_scaffolds": 151.66666666666666,
    "test_unique_scaffolds": 79.33333333333333,
    "train_test_drug_overlap_count": 0.0,
    "train_test_drug_overlap_rate": 0.0,
    "train_test_scaffold_overlap_count": 11.0,
    "train_test_scaffold_overlap_rate": 0.13833615608336078
  },
  "label_drift_mean": {
    "train_label_mean": 3.1267468134562173,
    "test_label_mean": 3.126758575439453,
    "train_label_std": 2.623774607976278,
    "test_label_std": 2.61930243174235,
    "label_mean_diff": -1.1761983235677084e-05,
    "label_ks_statistic": 0.057240233151776086,
    "label_ks_pvalue": 0.0004423519704285981
  },
  "imputation_summary": {
    "nan_imputation_applied": true,
    "nan_imputation_value": 0.0,
    "nan_before_count": 12276,
    "nan_after_count": 0,
    "inf_before_count": 0,
    "inf_after_count": 0,
    "imputation_scope": "model_input_only",
    "original_input_modified": false
  },
  "folds": [
    {
      "split_id": "groupcv_fold1",
      "train": {
        "spearman": 0.7783549898981748,
        "pearson": 0.8415712118148804,
        "kendall_tau": 0.5969501140751081,
        "rmse": 1.4715294207510308,
        "mae": 1.1161131858825684,
        "r2": 0.6656176447868347
      },
      "test": {
        "spearman": 0.42588482403453504,
        "pearson": 0.45892253518104553,
        "kendall_tau": 0.3025125273186865,
        "rmse": 2.4961958552387635,
        "mae": 1.8915295600891113,
        "r2": 0.19084113836288452
      },
      "ranking": {
        "precision_at_5": 1.0,
        "precision_at_10": 0.8,
        "precision_at_30": 0.7,
        "ndcg_at_5": 0.1806837367081101,
        "ndcg_at_10": 0.2144780600923425,
        "ndcg_at_30": 0.22704381668309095,
        "hit_rate_at_10": 1.0,
        "hit_rate_at_30": 1.0
      },
      "split": {
        "train_rows": 5153,
        "test_rows": 2577,
        "train_unique_drugs": 197,
        "test_unique_drugs": 98,
        "train_unique_scaffolds": 155,
        "test_unique_scaffolds": 79,
        "train_test_drug_overlap_count": 0,
        "train_test_drug_overlap_rate": 0.0,
        "train_test_scaffold_overlap_count": 14,
        "train_test_scaffold_overlap_rate": 0.17721518987341772,
        "drug_overlap_rule_ok": true,
        "scaffold_overlap_rule_ok": true
      },
      "drift": {
        "train_label_mean": 3.189368486404419,
        "test_label_mean": 3.001516103744507,
        "train_label_std": 2.54476261138916,
        "test_label_std": 2.7749922275543213,
        "label_mean_diff": 0.1878523826599121,
        "label_ks_statistic": 0.04672609910129923,
        "label_ks_pvalue": 0.001045070763142173
      }
    },
    {
      "split_id": "groupcv_fold2",
      "train": {
        "spearman": 0.8121171423748286,
        "pearson": 0.8666725158691406,
        "kendall_tau": 0.6310547682951632,
        "rmse": 1.3722690424780202,
        "mae": 1.0249583721160889,
        "r2": 0.7454144954681396
      },
      "test": {
        "spearman": 0.36666966962887443,
        "pearson": 0.3874979317188263,
        "kendall_tau": 0.2515355320606094,
        "rmse": 2.254236577254954,
        "mae": 1.6643785238265991,
        "r2": 0.13614356517791748
      },
      "ranking": {
        "precision_at_5": 1.0,
        "precision_at_10": 0.8,
        "precision_at_30": 0.7333333333333333,
        "ndcg_at_5": 0.1976323989205892,
        "ndcg_at_10": 0.18745793816025844,
        "ndcg_at_30": 0.3154738597266106,
        "hit_rate_at_10": 1.0,
        "hit_rate_at_30": 1.0
      },
      "split": {
        "train_rows": 5153,
        "test_rows": 2577,
        "train_unique_drugs": 196,
        "test_unique_drugs": 99,
        "train_unique_scaffolds": 152,
        "test_unique_scaffolds": 76,
        "train_test_drug_overlap_count": 0,
        "train_test_drug_overlap_rate": 0.0,
        "train_test_scaffold_overlap_count": 8,
        "train_test_scaffold_overlap_rate": 0.10526315789473684,
        "drug_overlap_rule_ok": true,
        "scaffold_overlap_rule_ok": true
      },
      "drift": {
        "train_label_mean": 3.124788284301758,
        "test_label_mean": 3.1306509971618652,
        "train_label_std": 2.7197089195251465,
        "test_label_std": 2.4253740310668945,
        "label_mean_diff": -0.005862712860107422,
        "label_ks_statistic": 0.050713815002483946,
        "label_ks_pvalue": 0.00028197411329578263
      }
    },
    {
      "split_id": "groupcv_fold3",
      "train": {
        "spearman": 0.7071314950970594,
        "pearson": 0.8101584315299988,
        "kendall_tau": 0.5340692512289718,
        "rmse": 1.7261286401869806,
        "mae": 1.3141788244247437,
        "r2": 0.5615566968917847
      },
      "test": {
        "spearman": 0.34501864715291375,
        "pearson": 0.43534159660339355,
        "kendall_tau": 0.2398763605514836,
        "rmse": 2.5493515237268323,
        "mae": 1.926082968711853,
        "r2": 0.07976341247558594
      },
      "ranking": {
        "precision_at_5": 0.2,
        "precision_at_10": 0.1,
        "precision_at_30": 0.13333333333333333,
        "ndcg_at_5": 0.010120826008012942,
        "ndcg_at_10": 0.010334639061800405,
        "ndcg_at_30": 0.01772018662628485,
        "hit_rate_at_10": 1.0,
        "hit_rate_at_30": 1.0
      },
      "split": {
        "train_rows": 5154,
        "test_rows": 2576,
        "train_unique_drugs": 197,
        "test_unique_drugs": 98,
        "train_unique_scaffolds": 148,
        "test_unique_scaffolds": 83,
        "train_test_drug_overlap_count": 0,
        "train_test_drug_overlap_rate": 0.0,
        "train_test_scaffold_overlap_count": 11,
        "train_test_scaffold_overlap_rate": 0.13253012048192772,
        "drug_overlap_rule_ok": true,
        "scaffold_overlap_rule_ok": true
      },
      "drift": {
        "train_label_mean": 3.0660836696624756,
        "test_label_mean": 3.2481086254119873,
        "train_label_std": 2.6068522930145264,
        "test_label_std": 2.657541036605835,
        "label_mean_diff": -0.18202495574951172,
        "label_ks_statistic": 0.07428078535154509,
        "label_ks_pvalue": 1.1034847838719117e-08
      }
    }
  ]
}