{
  "cancer": "brca",
  "track": "2A_numeric",
  "model": "GraphSAGE",
  "eval_mode": "groupcv",
  "core_mean": {
    "spearman": 0.26267076296694786,
    "pearson": 0.23964418470859528,
    "kendall_tau": 0.18095999487058578,
    "rmse": 2.547928543015006,
    "mae": 1.9174461364746094,
    "r2": 0.054438273111979164
  },
  "overfit": {
    "train_spearman": 0.26822569966316223,
    "test_spearman": 0.26267075538635254,
    "spearman_gap": 0.005554959177970886,
    "train_rmse": 2.544409990310669,
    "test_rmse": 2.54792857170105,
    "rmse_gap": -0.0035185019951313734,
    "fold_mean": 0.26267075538635254,
    "fold_std": 0.026904676109552383,
    "fold_min": 0.2406049519777298,
    "fold_max": 0.3005479872226715
  },
  "ranking_mean": {
    "precision_at_5": 0.3333333333333333,
    "precision_at_10": 0.5666666666666667,
    "precision_at_30": 0.4888888888888889,
    "ndcg_at_5": 0.03050868494608654,
    "ndcg_at_10": 0.044727177715236016,
    "ndcg_at_30": 0.06712346486133393,
    "hit_rate_at_10": 1.0,
    "hit_rate_at_30": 1.0
  },
  "split_leakage_mean": {
    "train_rows": 5153.333333333333,
    "test_rows": 2576.6666666666665,
    "train_unique_drugs": 196.66666666666666,
    "test_unique_drugs": 98.33333333333333,
    "train_unique_scaffolds": 151.66666666666666,
    "test_unique_scaffolds": 79.33333333333333,
    "train_test_drug_overlap_count": 0.0,
    "train_test_drug_overlap_rate": 0.0,
    "train_test_scaffold_overlap_count": 11.0,
    "train_test_scaffold_overlap_rate": 0.13833615608336078
  },
  "label_drift_mean": {
    "train_label_mean": 3.1267468134562173,
    "test_label_mean": 3.126758575439453,
    "train_label_std": 2.623774607976278,
    "test_label_std": 2.61930243174235,
    "label_mean_diff": -1.1761983235677084e-05,
    "label_ks_statistic": 0.057240233151776086,
    "label_ks_pvalue": 0.0004423519704285981
  },
  "imputation_summary": {
    "nan_imputation_applied": false,
    "nan_imputation_value": 0.0,
    "nan_before_count": 0,
    "nan_after_count": 0,
    "inf_before_count": 0,
    "inf_after_count": 0,
    "imputation_scope": "model_input_only",
    "original_input_modified": false
  },
  "folds": [
    {
      "split_id": "groupcv_fold1",
      "train": {
        "spearman": 0.27682239380031304,
        "pearson": 0.2528311312198639,
        "kendall_tau": 0.19091739912549588,
        "rmse": 2.462084693548946,
        "mae": 1.8448313474655151,
        "r2": 0.06392329931259155
      },
      "test": {
        "spearman": 0.24685935407518148,
        "pearson": 0.22300420701503754,
        "kendall_tau": 0.16954103415845484,
        "rmse": 2.7113530173105014,
        "mae": 2.0143849849700928,
        "r2": 0.04534024000167847
      },
      "ranking": {
        "precision_at_5": 0.2,
        "precision_at_10": 0.5,
        "precision_at_30": 0.4666666666666667,
        "ndcg_at_5": 0.005783138911655876,
        "ndcg_at_10": 0.010141403961941025,
        "ndcg_at_30": 0.02073251783407062,
        "hit_rate_at_10": 1.0,
        "hit_rate_at_30": 1.0
      },
      "split": {
        "train_rows": 5153,
        "test_rows": 2577,
        "train_unique_drugs": 197,
        "test_unique_drugs": 98,
        "train_unique_scaffolds": 155,
        "test_unique_scaffolds": 79,
        "train_test_drug_overlap_count": 0,
        "train_test_drug_overlap_rate": 0.0,
        "train_test_scaffold_overlap_count": 14,
        "train_test_scaffold_overlap_rate": 0.17721518987341772,
        "drug_overlap_rule_ok": true,
        "scaffold_overlap_rule_ok": true
      },
      "drift": {
        "train_label_mean": 3.189368486404419,
        "test_label_mean": 3.001516103744507,
        "train_label_std": 2.54476261138916,
        "test_label_std": 2.7749922275543213,
        "label_mean_diff": 0.1878523826599121,
        "label_ks_statistic": 0.04672609910129923,
        "label_ks_pvalue": 0.001045070763142173
      }
    },
    {
      "split_id": "groupcv_fold2",
      "train": {
        "spearman": 0.2496686083647002,
        "pearson": 0.22721640765666962,
        "kendall_tau": 0.1715816215526338,
        "rmse": 2.6485731602135636,
        "mae": 2.01790714263916,
        "r2": 0.05162721872329712
      },
      "test": {
        "spearman": 0.30054797769794567,
        "pearson": 0.27397942543029785,
        "kendall_tau": 0.20795394327451788,
        "rmse": 2.3330109805009362,
        "mae": 1.6997005939483643,
        "r2": 0.07471364736557007
      },
      "ranking": {
        "precision_at_5": 0.4,
        "precision_at_10": 0.5,
        "precision_at_30": 0.5666666666666667,
        "ndcg_at_5": 0.0682827886526025,
        "ndcg_at_10": 0.09788478840419122,
        "ndcg_at_30": 0.14824167046472067,
        "hit_rate_at_10": 1.0,
        "hit_rate_at_30": 1.0
      },
      "split": {
        "train_rows": 5153,
        "test_rows": 2577,
        "train_unique_drugs": 196,
        "test_unique_drugs": 99,
        "train_unique_scaffolds": 152,
        "test_unique_scaffolds": 76,
        "train_test_drug_overlap_count": 0,
        "train_test_drug_overlap_rate": 0.0,
        "train_test_scaffold_overlap_count": 8,
        "train_test_scaffold_overlap_rate": 0.10526315789473684,
        "drug_overlap_rule_ok": true,
        "scaffold_overlap_rule_ok": true
      },
      "drift": {
        "train_label_mean": 3.124788284301758,
        "test_label_mean": 3.1306509971618652,
        "train_label_std": 2.7197089195251465,
        "test_label_std": 2.4253740310668945,
        "label_mean_diff": -0.005862712860107422,
        "label_ks_statistic": 0.050713815002483946,
        "label_ks_pvalue": 0.00028197411329578263
      }
    },
    {
      "split_id": "groupcv_fold3",
      "train": {
        "spearman": 0.2781861777601016,
        "pearson": 0.2522209882736206,
        "kendall_tau": 0.19200073547601118,
        "rmse": 2.5225722775345294,
        "mae": 1.8670010566711426,
        "r2": 0.06361520290374756
      },
      "test": {
        "spearman": 0.24060495712771643,
        "pearson": 0.22194892168045044,
        "kendall_tau": 0.1653850071787846,
        "rmse": 2.5994216312335805,
        "mae": 2.038252830505371,
        "r2": 0.043260931968688965
      },
      "ranking": {
        "precision_at_5": 0.4,
        "precision_at_10": 0.7,
        "precision_at_30": 0.43333333333333335,
        "ndcg_at_5": 0.017460127274001258,
        "ndcg_at_10": 0.026155340779575806,
        "ndcg_at_30": 0.032396206285210484,
        "hit_rate_at_10": 1.0,
        "hit_rate_at_30": 1.0
      },
      "split": {
        "train_rows": 5154,
        "test_rows": 2576,
        "train_unique_drugs": 197,
        "test_unique_drugs": 98,
        "train_unique_scaffolds": 148,
        "test_unique_scaffolds": 83,
        "train_test_drug_overlap_count": 0,
        "train_test_drug_overlap_rate": 0.0,
        "train_test_scaffold_overlap_count": 11,
        "train_test_scaffold_overlap_rate": 0.13253012048192772,
        "drug_overlap_rule_ok": true,
        "scaffold_overlap_rule_ok": true
      },
      "drift": {
        "train_label_mean": 3.0660836696624756,
        "test_label_mean": 3.2481086254119873,
        "train_label_std": 2.6068522930145264,
        "test_label_std": 2.657541036605835,
        "label_mean_diff": -0.18202495574951172,
        "label_ks_statistic": 0.07428078535154509,
        "label_ks_pvalue": 1.1034847838719117e-08
      }
    }
  ]
}