{
  "cancer": "brca",
  "track": "2A_numeric",
  "model": "LightGBM",
  "eval_mode": "cv",
  "core_mean": {
    "spearman": 0.2444955376727652,
    "pearson": 0.22035553385133466,
    "kendall_tau": 0.16767170996029424,
    "rmse": 2.5628884449269926,
    "mae": 1.9243408480788808,
    "r2": 0.046299343544374705
  },
  "overfit": {
    "train_spearman": 0.2737221878799709,
    "test_spearman": 0.2444955376727652,
    "spearman_gap": 0.029226650207205745,
    "train_rmse": 2.541229407648423,
    "test_rmse": 2.5628884449269926,
    "rmse_gap": -0.021659037278569365,
    "fold_mean": 0.2444955376727652,
    "fold_std": 0.012948928764659475,
    "fold_min": 0.23127473127217488,
    "fold_max": 0.2620795384060903
  },
  "ranking_mean": {
    "precision_at_5": 0.13333333333333333,
    "precision_at_10": 0.3333333333333333,
    "precision_at_30": 0.37777777777777777,
    "ndcg_at_5": 0.008217018602496557,
    "ndcg_at_10": 0.016575670005332825,
    "ndcg_at_30": 0.03167920243664501,
    "hit_rate_at_10": 1.0,
    "hit_rate_at_30": 1.0
  },
  "split_leakage_mean": {
    "train_rows": 5153.333333333333,
    "test_rows": 2576.6666666666665,
    "train_unique_drugs": 291.6666666666667,
    "test_unique_drugs": 288.3333333333333,
    "train_unique_scaffolds": 216.66666666666666,
    "test_unique_scaffolds": 213.33333333333334,
    "train_test_drug_overlap_count": 285.0,
    "train_test_drug_overlap_rate": 0.9884894243785997,
    "train_test_scaffold_overlap_count": 210.0,
    "train_test_scaffold_overlap_rate": 0.9844661262290259
  },
  "label_drift_mean": {
    "train_label_mean": 3.126741568247477,
    "test_label_mean": 3.126737912495931,
    "train_label_std": 2.625060240427653,
    "test_label_std": 2.6244657834370932,
    "label_mean_diff": 3.6557515462239585e-06,
    "label_ks_statistic": 0.02649029456841759,
    "label_ks_pvalue": 0.2171403552506631
  },
  "folds": [
    {
      "split_id": "cv_fold1",
      "train": {
        "spearman": 0.2770092941035537,
        "pearson": 0.25528963203602,
        "kendall_tau": 0.19120094594092346,
        "rmse": 2.5339090964573323,
        "mae": 1.8966931548107935,
        "r2": 0.06502650520172171
      },
      "test": {
        "spearman": 0.23127473127217488,
        "pearson": 0.21111151633493175,
        "kendall_tau": 0.1576981041965317,
        "rmse": 2.576847528193246,
        "mae": 1.9378108920006027,
        "r2": 0.043008322458876314
      },
      "ranking": {
        "precision_at_5": 0.2,
        "precision_at_10": 0.2,
        "precision_at_30": 0.23333333333333334,
        "ndcg_at_5": 0.00893268927536804,
        "ndcg_at_10": 0.010854046210806781,
        "ndcg_at_30": 0.01682944260312573,
        "hit_rate_at_10": 1.0,
        "hit_rate_at_30": 1.0
      },
      "split": {
        "train_rows": 5153,
        "test_rows": 2577,
        "train_unique_drugs": 294,
        "test_unique_drugs": 286,
        "train_unique_scaffolds": 219,
        "test_unique_scaffolds": 211,
        "train_test_drug_overlap_count": 285,
        "train_test_drug_overlap_rate": 0.9965034965034965,
        "train_test_scaffold_overlap_count": 210,
        "train_test_scaffold_overlap_rate": 0.995260663507109,
        "drug_overlap_rule_ok": true,
        "scaffold_overlap_rule_ok": true
      },
      "drift": {
        "train_label_mean": 3.1484804153442383,
        "test_label_mean": 3.0832760334014893,
        "train_label_std": 2.6205434799194336,
        "test_label_std": 2.6341145038604736,
        "label_mean_diff": 0.06520438194274902,
        "label_ks_statistic": 0.028447699841580278,
        "label_ks_pvalue": 0.12048829067256756
      }
    },
    {
      "split_id": "cv_fold2",
      "train": {
        "spearman": 0.28119235235490225,
        "pearson": 0.2568812790130919,
        "kendall_tau": 0.19334412585893176,
        "rmse": 2.5560671634830334,
        "mae": 1.9146641841482503,
        "r2": 0.06583806031281458
      },
      "test": {
        "spearman": 0.2401323433400303,
        "pearson": 0.21157157532079646,
        "kendall_tau": 0.16553267253947734,
        "rmse": 2.531772696037109,
        "mae": 1.9271917401392802,
        "r2": 0.04018143510440908
      },
      "ranking": {
        "precision_at_5": 0.2,
        "precision_at_10": 0.4,
        "precision_at_30": 0.5,
        "ndcg_at_5": 0.011986206936365566,
        "ndcg_at_10": 0.020124463495281228,
        "ndcg_at_30": 0.049520511785479046,
        "hit_rate_at_10": 1.0,
        "hit_rate_at_30": 1.0
      },
      "split": {
        "train_rows": 5153,
        "test_rows": 2577,
        "train_unique_drugs": 289,
        "test_unique_drugs": 291,
        "train_unique_scaffolds": 214,
        "test_unique_scaffolds": 216,
        "train_test_drug_overlap_count": 285,
        "train_test_drug_overlap_rate": 0.979381443298969,
        "train_test_scaffold_overlap_count": 210,
        "train_test_scaffold_overlap_rate": 0.9722222222222222,
        "drug_overlap_rule_ok": true,
        "scaffold_overlap_rule_ok": true
      },
      "drift": {
        "train_label_mean": 3.086256504058838,
        "test_label_mean": 3.2076992988586426,
        "train_label_std": 2.6446073055267334,
        "test_label_std": 2.584223747253418,
        "label_mean_diff": -0.12144279479980469,
        "label_ks_statistic": 0.030380560513780828,
        "label_ks_pvalue": 0.08145073769473357
      }
    },
    {
      "split_id": "cv_fold3",
      "train": {
        "spearman": 0.26296491718145676,
        "pearson": 0.24032951830094057,
        "kendall_tau": 0.18107656982755738,
        "rmse": 2.533711963004903,
        "mae": 1.905791048772555,
        "r2": 0.0576255554475914
      },
      "test": {
        "spearman": 0.2620795384060903,
        "pearson": 0.23838350989827578,
        "kendall_tau": 0.17978435314487365,
        "rmse": 2.580045110550622,
        "mae": 1.9080199120967598,
        "r2": 0.05570827306983872
      },
      "ranking": {
        "precision_at_5": 0.0,
        "precision_at_10": 0.4,
        "precision_at_30": 0.4,
        "ndcg_at_5": 0.003732159595756069,
        "ndcg_at_10": 0.018748500309910467,
        "ndcg_at_30": 0.028687652921330246,
        "hit_rate_at_10": 1.0,
        "hit_rate_at_30": 1.0
      },
      "split": {
        "train_rows": 5154,
        "test_rows": 2576,
        "train_unique_drugs": 292,
        "test_unique_drugs": 288,
        "train_unique_scaffolds": 217,
        "test_unique_scaffolds": 213,
        "train_test_drug_overlap_count": 285,
        "train_test_drug_overlap_rate": 0.9895833333333334,
        "train_test_scaffold_overlap_count": 210,
        "train_test_scaffold_overlap_rate": 0.9859154929577465,
        "drug_overlap_rule_ok": true,
        "scaffold_overlap_rule_ok": true
      },
      "drift": {
        "train_label_mean": 3.1454877853393555,
        "test_label_mean": 3.089238405227661,
        "train_label_std": 2.610029935836792,
        "test_label_std": 2.6550590991973877,
        "label_mean_diff": 0.056249380111694336,
        "label_ks_statistic": 0.02064262334989166,
        "label_ks_pvalue": 0.44948203738468817
      }
    }
  ]
}