{
  "cancer": "brca",
  "track": "2C_numeric_smiles_context",
  "model": "WideDeep",
  "eval_mode": "groupcv",
  "core_mean": {
    "spearman": 0.4327692077966631,
    "pearson": 0.4690643052260081,
    "kendall_tau": 0.3032169854373404,
    "rmse": 2.313094444066174,
    "mae": 1.7417714993158977,
    "r2": 0.21763541301091513
  },
  "overfit": {
    "train_spearman": 0.7851726412773132,
    "test_spearman": 0.43276920914649963,
    "spearman_gap": 0.3524033725261688,
    "train_rmse": 1.4342803955078125,
    "test_rmse": 2.3130943775177,
    "rmse_gap": -0.8788142204284668,
    "fold_mean": 0.43276920914649963,
    "fold_std": 0.034075044095516205,
    "fold_min": 0.38833120465278625,
    "fold_max": 0.47113165259361267
  },
  "ranking_mean": {
    "precision_at_5": 0.7999999999999999,
    "precision_at_10": 0.7999999999999999,
    "precision_at_30": 0.7000000000000001,
    "ndcg_at_5": 0.26622955234076323,
    "ndcg_at_10": 0.26197940527119234,
    "ndcg_at_30": 0.30142799228581213,
    "hit_rate_at_10": 1.0,
    "hit_rate_at_30": 1.0
  },
  "split_leakage_mean": {
    "train_rows": 5153.333333333333,
    "test_rows": 2576.6666666666665,
    "train_unique_drugs": 196.66666666666666,
    "test_unique_drugs": 98.33333333333333,
    "train_unique_scaffolds": 151.66666666666666,
    "test_unique_scaffolds": 79.33333333333333,
    "train_test_drug_overlap_count": 0.0,
    "train_test_drug_overlap_rate": 0.0,
    "train_test_scaffold_overlap_count": 11.0,
    "train_test_scaffold_overlap_rate": 0.13833615608336078
  },
  "label_drift_mean": {
    "train_label_mean": 3.1267468134562173,
    "test_label_mean": 3.126758575439453,
    "train_label_std": 2.623774607976278,
    "test_label_std": 2.61930243174235,
    "label_mean_diff": -1.1761983235677084e-05,
    "label_ks_statistic": 0.057240233151776086,
    "label_ks_pvalue": 0.0004423519704285981
  },
  "imputation_summary": {
    "nan_imputation_applied": true,
    "nan_imputation_value": 0.0,
    "nan_before_count": 12276,
    "nan_after_count": 0,
    "inf_before_count": 0,
    "inf_after_count": 0,
    "imputation_scope": "model_input_only",
    "original_input_modified": false
  },
  "folds": [
    {
      "split_id": "groupcv_fold1",
      "train": {
        "spearman": 0.7808490081533475,
        "pearson": 0.8419240117073059,
        "kendall_tau": 0.5984317721156441,
        "rmse": 1.3758966816659544,
        "mae": 0.9963948726654053,
        "r2": 0.7076674699783325
      },
      "test": {
        "spearman": 0.47113164504018995,
        "pearson": 0.48217150568962097,
        "kendall_tau": 0.3350030220660885,
        "rmse": 2.4437982422732833,
        "mae": 1.7713240385055542,
        "r2": 0.22445470094680786
      },
      "ranking": {
        "precision_at_5": 1.0,
        "precision_at_10": 1.0,
        "precision_at_30": 0.6666666666666666,
        "ndcg_at_5": 0.26311076798254823,
        "ndcg_at_10": 0.2897584244220396,
        "ndcg_at_30": 0.2528780889024128,
        "hit_rate_at_10": 1.0,
        "hit_rate_at_30": 1.0
      },
      "split": {
        "train_rows": 5153,
        "test_rows": 2577,
        "train_unique_drugs": 197,
        "test_unique_drugs": 98,
        "train_unique_scaffolds": 155,
        "test_unique_scaffolds": 79,
        "train_test_drug_overlap_count": 0,
        "train_test_drug_overlap_rate": 0.0,
        "train_test_scaffold_overlap_count": 14,
        "train_test_scaffold_overlap_rate": 0.17721518987341772,
        "drug_overlap_rule_ok": true,
        "scaffold_overlap_rule_ok": true
      },
      "drift": {
        "train_label_mean": 3.189368486404419,
        "test_label_mean": 3.001516103744507,
        "train_label_std": 2.54476261138916,
        "test_label_std": 2.7749922275543213,
        "label_mean_diff": 0.1878523826599121,
        "label_ks_statistic": 0.04672609910129923,
        "label_ks_pvalue": 0.001045070763142173
      }
    },
    {
      "split_id": "groupcv_fold2",
      "train": {
        "spearman": 0.8114127614824457,
        "pearson": 0.8609312176704407,
        "kendall_tau": 0.6283655187810192,
        "rmse": 1.411929719294329,
        "mae": 1.0674505233764648,
        "r2": 0.7304860353469849
      },
      "test": {
        "spearman": 0.3883312034995413,
        "pearson": 0.3980051279067993,
        "kendall_tau": 0.2661117055343062,
        "rmse": 2.2252727855668226,
        "mae": 1.6544215679168701,
        "r2": 0.15819966793060303
      },
      "ranking": {
        "precision_at_5": 1.0,
        "precision_at_10": 0.9,
        "precision_at_30": 0.8333333333333334,
        "ndcg_at_5": 0.20547683783633872,
        "ndcg_at_10": 0.22069310738346623,
        "ndcg_at_30": 0.35352291050458495,
        "hit_rate_at_10": 1.0,
        "hit_rate_at_30": 1.0
      },
      "split": {
        "train_rows": 5153,
        "test_rows": 2577,
        "train_unique_drugs": 196,
        "test_unique_drugs": 99,
        "train_unique_scaffolds": 152,
        "test_unique_scaffolds": 76,
        "train_test_drug_overlap_count": 0,
        "train_test_drug_overlap_rate": 0.0,
        "train_test_scaffold_overlap_count": 8,
        "train_test_scaffold_overlap_rate": 0.10526315789473684,
        "drug_overlap_rule_ok": true,
        "scaffold_overlap_rule_ok": true
      },
      "drift": {
        "train_label_mean": 3.124788284301758,
        "test_label_mean": 3.1306509971618652,
        "train_label_std": 2.7197089195251465,
        "test_label_std": 2.4253740310668945,
        "label_mean_diff": -0.005862712860107422,
        "label_ks_statistic": 0.050713815002483946,
        "label_ks_pvalue": 0.00028197411329578263
      }
    },
    {
      "split_id": "groupcv_fold3",
      "train": {
        "spearman": 0.7632559725144995,
        "pearson": 0.8207976818084717,
        "kendall_tau": 0.5788245512051041,
        "rmse": 1.5150146828622917,
        "mae": 1.1206958293914795,
        "r2": 0.6622457504272461
      },
      "test": {
        "spearman": 0.4388447748502579,
        "pearson": 0.527016282081604,
        "kendall_tau": 0.30853622871162645,
        "rmse": 2.2702123043584166,
        "mae": 1.7995688915252686,
        "r2": 0.2702518701553345
      },
      "ranking": {
        "precision_at_5": 0.4,
        "precision_at_10": 0.5,
        "precision_at_30": 0.6,
        "ndcg_at_5": 0.33010105120340283,
        "ndcg_at_10": 0.27548668400807114,
        "ndcg_at_30": 0.2978829774504386,
        "hit_rate_at_10": 1.0,
        "hit_rate_at_30": 1.0
      },
      "split": {
        "train_rows": 5154,
        "test_rows": 2576,
        "train_unique_drugs": 197,
        "test_unique_drugs": 98,
        "train_unique_scaffolds": 148,
        "test_unique_scaffolds": 83,
        "train_test_drug_overlap_count": 0,
        "train_test_drug_overlap_rate": 0.0,
        "train_test_scaffold_overlap_count": 11,
        "train_test_scaffold_overlap_rate": 0.13253012048192772,
        "drug_overlap_rule_ok": true,
        "scaffold_overlap_rule_ok": true
      },
      "drift": {
        "train_label_mean": 3.0660836696624756,
        "test_label_mean": 3.2481086254119873,
        "train_label_std": 2.6068522930145264,
        "test_label_std": 2.657541036605835,
        "label_mean_diff": -0.18202495574951172,
        "label_ks_statistic": 0.07428078535154509,
        "label_ks_pvalue": 1.1034847838719117e-08
      }
    }
  ]
}