{
  "cancer": "brca",
  "track": "2A_numeric",
  "model": "GraphSAGE",
  "eval_mode": "scaffoldcv",
  "core_mean": {
    "spearman": 0.25798498083156235,
    "pearson": 0.23183045287926993,
    "kendall_tau": 0.17852752069586597,
    "rmse": 2.5603099396034117,
    "mae": 1.9364496072133381,
    "r2": 0.044002016385396324
  },
  "overfit": {
    "train_spearman": 0.26861199736595154,
    "test_spearman": 0.25798499584198,
    "spearman_gap": 0.010627011768519878,
    "train_rmse": 2.5420992374420166,
    "test_rmse": 2.560309886932373,
    "rmse_gap": -0.01821080781519413,
    "fold_mean": 0.25798499584198,
    "fold_std": 0.004398098215460777,
    "fold_min": 0.25371792912483215,
    "fold_max": 0.2640375792980194
  },
  "ranking_mean": {
    "precision_at_5": 0.26666666666666666,
    "precision_at_10": 0.3333333333333333,
    "precision_at_30": 0.5,
    "ndcg_at_5": 0.029124552460478126,
    "ndcg_at_10": 0.049808466841787136,
    "ndcg_at_30": 0.13319813464076863,
    "hit_rate_at_10": 1.0,
    "hit_rate_at_30": 1.0
  },
  "split_leakage_mean": {
    "train_rows": 5153.333333333333,
    "test_rows": 2576.6666666666665,
    "train_unique_drugs": 196.66666666666666,
    "test_unique_drugs": 98.33333333333333,
    "train_unique_scaffolds": 146.66666666666666,
    "test_unique_scaffolds": 73.33333333333333,
    "train_test_drug_overlap_count": 0.0,
    "train_test_drug_overlap_rate": 0.0,
    "train_test_scaffold_overlap_count": 0.0,
    "train_test_scaffold_overlap_rate": 0.0
  },
  "label_drift_mean": {
    "train_label_mean": 3.1267479260762534,
    "test_label_mean": 3.1267632643381753,
    "train_label_std": 2.6233232021331787,
    "test_label_std": 2.61772886912028,
    "label_mean_diff": -1.533826192220052e-05,
    "label_ks_statistic": 0.038841211054895276,
    "label_ks_pvalue": 0.12885177723524274
  },
  "imputation_summary": {
    "nan_imputation_applied": false,
    "nan_imputation_value": 0.0,
    "nan_before_count": 0,
    "nan_after_count": 0,
    "inf_before_count": 0,
    "inf_after_count": 0,
    "imputation_scope": "model_input_only",
    "original_input_modified": false
  },
  "folds": [
    {
      "split_id": "scaffoldcv_fold1",
      "train": {
        "spearman": 0.26891626476478503,
        "pearson": 0.24389174580574036,
        "kendall_tau": 0.1863209420588766,
        "rmse": 2.5581938685903407,
        "mae": 1.9094547033309937,
        "r2": 0.059483230113983154
      },
      "test": {
        "spearman": 0.2537179332371717,
        "pearson": 0.22956152260303497,
        "kendall_tau": 0.1745842595773187,
        "rmse": 2.537522444602284,
        "mae": 1.8747514486312866,
        "r2": 0.04057788848876953
      },
      "ranking": {
        "precision_at_5": 0.0,
        "precision_at_10": 0.1,
        "precision_at_30": 0.4666666666666667,
        "ndcg_at_5": 0.03917938047443687,
        "ndcg_at_10": 0.05117559556239674,
        "ndcg_at_30": 0.2017064074874428,
        "hit_rate_at_10": 1.0,
        "hit_rate_at_30": 1.0
      },
      "split": {
        "train_rows": 5153,
        "test_rows": 2577,
        "train_unique_drugs": 197,
        "test_unique_drugs": 98,
        "train_unique_scaffolds": 173,
        "test_unique_scaffolds": 47,
        "train_test_drug_overlap_count": 0,
        "train_test_drug_overlap_rate": 0.0,
        "train_test_scaffold_overlap_count": 0,
        "train_test_scaffold_overlap_rate": 0.0,
        "drug_overlap_rule_ok": true,
        "scaffold_overlap_rule_ok": true
      },
      "drift": {
        "train_label_mean": 3.2162575721740723,
        "test_label_mean": 2.9477479457855225,
        "train_label_std": 2.637850522994995,
        "test_label_std": 2.590627908706665,
        "label_mean_diff": 0.2685096263885498,
        "label_ks_statistic": 0.045896536115170694,
        "label_ks_pvalue": 0.001373907485466587
      }
    },
    {
      "split_id": "scaffoldcv_fold2",
      "train": {
        "spearman": 0.26271800053100747,
        "pearson": 0.23651918768882751,
        "kendall_tau": 0.18082302655737256,
        "rmse": 2.6283618652433547,
        "mae": 1.9481862783432007,
        "r2": 0.055941104888916016
      },
      "test": {
        "spearman": 0.2640375727890344,
        "pearson": 0.2512126863002777,
        "kendall_tau": 0.1825683534833864,
        "rmse": 2.3816022957746865,
        "mae": 1.8660534620285034,
        "r2": 0.060937583446502686
      },
      "ranking": {
        "precision_at_5": 0.2,
        "precision_at_10": 0.3,
        "precision_at_30": 0.43333333333333335,
        "ndcg_at_5": 0.039065256957821225,
        "ndcg_at_10": 0.08590145729593773,
        "ndcg_at_30": 0.14962515246219577,
        "hit_rate_at_10": 1.0,
        "hit_rate_at_30": 1.0
      },
      "split": {
        "train_rows": 5153,
        "test_rows": 2577,
        "train_unique_drugs": 196,
        "test_unique_drugs": 99,
        "train_unique_scaffolds": 133,
        "test_unique_scaffolds": 87,
        "train_test_drug_overlap_count": 0,
        "train_test_drug_overlap_rate": 0.0,
        "train_test_scaffold_overlap_count": 0,
        "train_test_scaffold_overlap_rate": 0.0,
        "drug_overlap_rule_ok": true,
        "scaffold_overlap_rule_ok": true
      },
      "drift": {
        "train_label_mean": 3.1161015033721924,
        "test_label_mean": 3.148021697998047,
        "train_label_std": 2.7051143646240234,
        "test_label_std": 2.4576611518859863,
        "label_mean_diff": -0.03192019462585449,
        "label_ks_statistic": 0.021706672221184265,
        "label_ks_pvalue": 0.3846689822805079
      }
    },
    {
      "split_id": "scaffoldcv_fold3",
      "train": {
        "spearman": 0.27420172341993587,
        "pearson": 0.2605232000350952,
        "kendall_tau": 0.18799187661952588,
        "rmse": 2.4397417177235052,
        "mae": 1.867424726486206,
        "r2": 0.06787192821502686
      },
      "test": {
        "spearman": 0.2561994364684811,
        "pearson": 0.21471714973449707,
        "kendall_tau": 0.17842994902689277,
        "rmse": 2.7618050784332637,
        "mae": 2.0685439109802246,
        "r2": 0.030490577220916748
      },
      "ranking": {
        "precision_at_5": 0.6,
        "precision_at_10": 0.6,
        "precision_at_30": 0.6,
        "ndcg_at_5": 0.009129019949176283,
        "ndcg_at_10": 0.012348347667026957,
        "ndcg_at_30": 0.048262843972667294,
        "hit_rate_at_10": 1.0,
        "hit_rate_at_30": 1.0
      },
      "split": {
        "train_rows": 5154,
        "test_rows": 2576,
        "train_unique_drugs": 197,
        "test_unique_drugs": 98,
        "train_unique_scaffolds": 134,
        "test_unique_scaffolds": 86,
        "train_test_drug_overlap_count": 0,
        "train_test_drug_overlap_rate": 0.0,
        "train_test_scaffold_overlap_count": 0,
        "train_test_scaffold_overlap_rate": 0.0,
        "drug_overlap_rule_ok": true,
        "scaffold_overlap_rule_ok": true
      },
      "drift": {
        "train_label_mean": 3.047884702682495,
        "test_label_mean": 3.284520149230957,
        "train_label_std": 2.5270047187805176,
        "test_label_std": 2.8048975467681885,
        "label_mean_diff": -0.23663544654846191,
        "label_ks_statistic": 0.04892042482833089,
        "label_ks_pvalue": 0.000512441939753741
      }
    }
  ]
}