{
  "cancer": "brca",
  "track": "2A_numeric",
  "model": "FlatMLP",
  "eval_mode": "groupcv",
  "core_mean": {
    "spearman": 0.26313724570159414,
    "pearson": 0.23655351996421814,
    "kendall_tau": 0.18110742056377113,
    "rmse": 2.562532634789886,
    "mae": 1.9554019371668498,
    "r2": 0.0427353580792745
  },
  "overfit": {
    "train_spearman": 0.26450881361961365,
    "test_spearman": 0.26313725113868713,
    "spearman_gap": 0.0013715574750676751,
    "train_rmse": 2.5591249465942383,
    "test_rmse": 2.562532663345337,
    "rmse_gap": -0.003407716751098633,
    "fold_mean": 0.26313725113868713,
    "fold_std": 0.020267263054847717,
    "fold_min": 0.2460603415966034,
    "fold_max": 0.29161128401756287
  },
  "ranking_mean": {
    "precision_at_5": 0.7333333333333334,
    "precision_at_10": 0.6,
    "precision_at_30": 0.5222222222222221,
    "ndcg_at_5": 0.02518877933618933,
    "ndcg_at_10": 0.03728079942747676,
    "ndcg_at_30": 0.06204377667785555,
    "hit_rate_at_10": 1.0,
    "hit_rate_at_30": 1.0
  },
  "split_leakage_mean": {
    "train_rows": 5153.333333333333,
    "test_rows": 2576.6666666666665,
    "train_unique_drugs": 196.66666666666666,
    "test_unique_drugs": 98.33333333333333,
    "train_unique_scaffolds": 151.66666666666666,
    "test_unique_scaffolds": 79.33333333333333,
    "train_test_drug_overlap_count": 0.0,
    "train_test_drug_overlap_rate": 0.0,
    "train_test_scaffold_overlap_count": 11.0,
    "train_test_scaffold_overlap_rate": 0.13833615608336078
  },
  "label_drift_mean": {
    "train_label_mean": 3.1267468134562173,
    "test_label_mean": 3.126758575439453,
    "train_label_std": 2.623774607976278,
    "test_label_std": 2.61930243174235,
    "label_mean_diff": -1.1761983235677084e-05,
    "label_ks_statistic": 0.057240233151776086,
    "label_ks_pvalue": 0.0004423519704285981
  },
  "imputation_summary": {
    "nan_imputation_applied": false,
    "nan_imputation_value": 0.0,
    "nan_before_count": 0,
    "nan_after_count": 0,
    "inf_before_count": 0,
    "inf_after_count": 0,
    "imputation_scope": "model_input_only",
    "original_input_modified": false
  },
  "folds": [
    {
      "split_id": "groupcv_fold1",
      "train": {
        "spearman": 0.2741277679416358,
        "pearson": 0.2488189935684204,
        "kendall_tau": 0.1887078449311159,
        "rmse": 2.4650160159505705,
        "mae": 1.8500958681106567,
        "r2": 0.06169295310974121
      },
      "test": {
        "spearman": 0.24606034695430132,
        "pearson": 0.21940529346466064,
        "kendall_tau": 0.16877372962300502,
        "rmse": 2.7120374926898356,
        "mae": 2.0185422897338867,
        "r2": 0.04485815763473511
      },
      "ranking": {
        "precision_at_5": 1.0,
        "precision_at_10": 0.7,
        "precision_at_30": 0.4666666666666667,
        "ndcg_at_5": 0.01803232657332069,
        "ndcg_at_10": 0.017848630092877862,
        "ndcg_at_30": 0.021143941395251935,
        "hit_rate_at_10": 1.0,
        "hit_rate_at_30": 1.0
      },
      "split": {
        "train_rows": 5153,
        "test_rows": 2577,
        "train_unique_drugs": 197,
        "test_unique_drugs": 98,
        "train_unique_scaffolds": 155,
        "test_unique_scaffolds": 79,
        "train_test_drug_overlap_count": 0,
        "train_test_drug_overlap_rate": 0.0,
        "train_test_scaffold_overlap_count": 14,
        "train_test_scaffold_overlap_rate": 0.17721518987341772,
        "drug_overlap_rule_ok": true,
        "scaffold_overlap_rule_ok": true
      },
      "drift": {
        "train_label_mean": 3.189368486404419,
        "test_label_mean": 3.001516103744507,
        "train_label_std": 2.54476261138916,
        "test_label_std": 2.7749922275543213,
        "label_mean_diff": 0.1878523826599121,
        "label_ks_statistic": 0.04672609910129923,
        "label_ks_pvalue": 0.001045070763142173
      }
    },
    {
      "split_id": "groupcv_fold2",
      "train": {
        "spearman": 0.24833393904045276,
        "pearson": 0.22427190840244293,
        "kendall_tau": 0.1705790104126905,
        "rmse": 2.6839064592187145,
        "mae": 2.11553692817688,
        "r2": 0.02615487575531006
      },
      "test": {
        "spearman": 0.29161126968169593,
        "pearson": 0.26671838760375977,
        "kendall_tau": 0.20121570711178477,
        "rmse": 2.3775374259369624,
        "mae": 1.8170474767684937,
        "r2": 0.03905767202377319
      },
      "ranking": {
        "precision_at_5": 0.4,
        "precision_at_10": 0.4,
        "precision_at_30": 0.5666666666666667,
        "ndcg_at_5": 0.036842092685986594,
        "ndcg_at_10": 0.06798054116854658,
        "ndcg_at_30": 0.12947478588505468,
        "hit_rate_at_10": 1.0,
        "hit_rate_at_30": 1.0
      },
      "split": {
        "train_rows": 5153,
        "test_rows": 2577,
        "train_unique_drugs": 196,
        "test_unique_drugs": 99,
        "train_unique_scaffolds": 152,
        "test_unique_scaffolds": 76,
        "train_test_drug_overlap_count": 0,
        "train_test_drug_overlap_rate": 0.0,
        "train_test_scaffold_overlap_count": 8,
        "train_test_scaffold_overlap_rate": 0.10526315789473684,
        "drug_overlap_rule_ok": true,
        "scaffold_overlap_rule_ok": true
      },
      "drift": {
        "train_label_mean": 3.124788284301758,
        "test_label_mean": 3.1306509971618652,
        "train_label_std": 2.7197089195251465,
        "test_label_std": 2.4253740310668945,
        "label_mean_diff": -0.005862712860107422,
        "label_ks_statistic": 0.050713815002483946,
        "label_ks_pvalue": 0.00028197411329578263
      }
    },
    {
      "split_id": "groupcv_fold3",
      "train": {
        "spearman": 0.2710646977600172,
        "pearson": 0.24396087229251862,
        "kendall_tau": 0.18667155010312178,
        "rmse": 2.5284521393428165,
        "mae": 1.876125693321228,
        "r2": 0.05924487113952637
      },
      "test": {
        "spearman": 0.25174012046878513,
        "pearson": 0.223536878824234,
        "kendall_tau": 0.17333282495652355,
        "rmse": 2.5980229857428596,
        "mae": 2.030616044998169,
        "r2": 0.044290244579315186
      },
      "ranking": {
        "precision_at_5": 0.8,
        "precision_at_10": 0.7,
        "precision_at_30": 0.5333333333333333,
        "ndcg_at_5": 0.0206919187492607,
        "ndcg_at_10": 0.026013227021005822,
        "ndcg_at_30": 0.035512602753260035,
        "hit_rate_at_10": 1.0,
        "hit_rate_at_30": 1.0
      },
      "split": {
        "train_rows": 5154,
        "test_rows": 2576,
        "train_unique_drugs": 197,
        "test_unique_drugs": 98,
        "train_unique_scaffolds": 148,
        "test_unique_scaffolds": 83,
        "train_test_drug_overlap_count": 0,
        "train_test_drug_overlap_rate": 0.0,
        "train_test_scaffold_overlap_count": 11,
        "train_test_scaffold_overlap_rate": 0.13253012048192772,
        "drug_overlap_rule_ok": true,
        "scaffold_overlap_rule_ok": true
      },
      "drift": {
        "train_label_mean": 3.0660836696624756,
        "test_label_mean": 3.2481086254119873,
        "train_label_std": 2.6068522930145264,
        "test_label_std": 2.657541036605835,
        "label_mean_diff": -0.18202495574951172,
        "label_ks_statistic": 0.07428078535154509,
        "label_ks_pvalue": 1.1034847838719117e-08
      }
    }
  ]
}