{
  "cancer": "brca",
  "track": "2A_numeric",
  "model": "TabNet",
  "eval_mode": "cv",
  "core_mean": {
    "spearman": 0.2403107298995173,
    "pearson": 0.21512208382288614,
    "kendall_tau": 0.16489190433411,
    "rmse": 2.567506080003724,
    "mae": 1.9314326445261638,
    "r2": 0.04284614324569702
  },
  "overfit": {
    "train_spearman": 0.25962767004966736,
    "test_spearman": 0.24031074345111847,
    "spearman_gap": 0.019316956400871277,
    "train_rmse": 2.552546262741089,
    "test_rmse": 2.5675060749053955,
    "rmse_gap": -0.01495981216430664,
    "fold_mean": 0.24031074345111847,
    "fold_std": 0.010675236582756042,
    "fold_min": 0.22866632044315338,
    "fold_max": 0.2544544041156769
  },
  "ranking_mean": {
    "precision_at_5": 0.5333333333333333,
    "precision_at_10": 0.43333333333333335,
    "precision_at_30": 0.5111111111111111,
    "ndcg_at_5": 0.017483719203505627,
    "ndcg_at_10": 0.019146307230523015,
    "ndcg_at_30": 0.03686372532699885,
    "hit_rate_at_10": 1.0,
    "hit_rate_at_30": 1.0
  },
  "split_leakage_mean": {
    "train_rows": 5153.333333333333,
    "test_rows": 2576.6666666666665,
    "train_unique_drugs": 291.6666666666667,
    "test_unique_drugs": 288.3333333333333,
    "train_unique_scaffolds": 216.66666666666666,
    "test_unique_scaffolds": 213.33333333333334,
    "train_test_drug_overlap_count": 285.0,
    "train_test_drug_overlap_rate": 0.9884894243785997,
    "train_test_scaffold_overlap_count": 210.0,
    "train_test_scaffold_overlap_rate": 0.9844661262290259
  },
  "label_drift_mean": {
    "train_label_mean": 3.126741568247477,
    "test_label_mean": 3.126737912495931,
    "train_label_std": 2.625060240427653,
    "test_label_std": 2.6244657834370932,
    "label_mean_diff": 3.6557515462239585e-06,
    "label_ks_statistic": 0.02649029456841759,
    "label_ks_pvalue": 0.2171403552506631
  },
  "imputation_summary": {
    "nan_imputation_applied": false,
    "nan_imputation_value": 0.0,
    "nan_before_count": 0,
    "nan_after_count": 0,
    "inf_before_count": 0,
    "inf_after_count": 0,
    "imputation_scope": "model_input_only",
    "original_input_modified": false
  },
  "folds": [
    {
      "split_id": "cv_fold1",
      "train": {
        "spearman": 0.2591837948711746,
        "pearson": 0.23761296272277832,
        "kendall_tau": 0.1781635206445692,
        "rmse": 2.548045538832194,
        "mae": 1.917767882347107,
        "r2": 0.05456507205963135
      },
      "test": {
        "spearman": 0.22866632054075778,
        "pearson": 0.2063048630952835,
        "kendall_tau": 0.15627115982476,
        "rmse": 2.5839245847674475,
        "mae": 1.9525136947631836,
        "r2": 0.03774458169937134
      },
      "ranking": {
        "precision_at_5": 0.4,
        "precision_at_10": 0.4,
        "precision_at_30": 0.5333333333333333,
        "ndcg_at_5": 0.00839111167545003,
        "ndcg_at_10": 0.011972739514872552,
        "ndcg_at_30": 0.02566262833018039,
        "hit_rate_at_10": 1.0,
        "hit_rate_at_30": 1.0
      },
      "split": {
        "train_rows": 5153,
        "test_rows": 2577,
        "train_unique_drugs": 294,
        "test_unique_drugs": 286,
        "train_unique_scaffolds": 219,
        "test_unique_scaffolds": 211,
        "train_test_drug_overlap_count": 285,
        "train_test_drug_overlap_rate": 0.9965034965034965,
        "train_test_scaffold_overlap_count": 210,
        "train_test_scaffold_overlap_rate": 0.995260663507109,
        "drug_overlap_rule_ok": true,
        "scaffold_overlap_rule_ok": true
      },
      "drift": {
        "train_label_mean": 3.1484804153442383,
        "test_label_mean": 3.0832760334014893,
        "train_label_std": 2.6205434799194336,
        "test_label_std": 2.6341145038604736,
        "label_mean_diff": 0.06520438194274902,
        "label_ks_statistic": 0.028447699841580278,
        "label_ks_pvalue": 0.12048829067256756
      }
    },
    {
      "split_id": "cv_fold2",
      "train": {
        "spearman": 0.2672716519734658,
        "pearson": 0.24002183973789215,
        "kendall_tau": 0.18312035790448092,
        "rmse": 2.567298954536957,
        "mae": 1.9265531301498413,
        "r2": 0.05761033296585083
      },
      "test": {
        "spearman": 0.2378114735110751,
        "pearson": 0.2026708573102951,
        "kendall_tau": 0.16389389230649085,
        "rmse": 2.5367948294539677,
        "mae": 1.9312739372253418,
        "r2": 0.03636974096298218
      },
      "ranking": {
        "precision_at_5": 1.0,
        "precision_at_10": 0.5,
        "precision_at_30": 0.5,
        "ndcg_at_5": 0.03697251278597521,
        "ndcg_at_10": 0.03123730379390546,
        "ndcg_at_30": 0.05361854518811749,
        "hit_rate_at_10": 1.0,
        "hit_rate_at_30": 1.0
      },
      "split": {
        "train_rows": 5153,
        "test_rows": 2577,
        "train_unique_drugs": 289,
        "test_unique_drugs": 291,
        "train_unique_scaffolds": 214,
        "test_unique_scaffolds": 216,
        "train_test_drug_overlap_count": 285,
        "train_test_drug_overlap_rate": 0.979381443298969,
        "train_test_scaffold_overlap_count": 210,
        "train_test_scaffold_overlap_rate": 0.9722222222222222,
        "drug_overlap_rule_ok": true,
        "scaffold_overlap_rule_ok": true
      },
      "drift": {
        "train_label_mean": 3.086256504058838,
        "test_label_mean": 3.2076992988586426,
        "train_label_std": 2.6446073055267334,
        "test_label_std": 2.584223747253418,
        "label_mean_diff": -0.12144279479980469,
        "label_ks_statistic": 0.030380560513780828,
        "label_ks_pvalue": 0.08145073769473357
      }
    },
    {
      "split_id": "cv_fold3",
      "train": {
        "spearman": 0.2524276294704623,
        "pearson": 0.2283209264278412,
        "kendall_tau": 0.17390040826514344,
        "rmse": 2.5422941798620493,
        "mae": 1.9125343561172485,
        "r2": 0.05123072862625122
      },
      "test": {
        "spearman": 0.254454395646719,
        "pearson": 0.23639053106307983,
        "kendall_tau": 0.17451066087107914,
        "rmse": 2.5817988257897566,
        "mae": 1.9105103015899658,
        "r2": 0.05442410707473755
      },
      "ranking": {
        "precision_at_5": 0.2,
        "precision_at_10": 0.4,
        "precision_at_30": 0.5,
        "ndcg_at_5": 0.0070875331490916444,
        "ndcg_at_10": 0.014228878382791035,
        "ndcg_at_30": 0.03131000246269866,
        "hit_rate_at_10": 1.0,
        "hit_rate_at_30": 1.0
      },
      "split": {
        "train_rows": 5154,
        "test_rows": 2576,
        "train_unique_drugs": 292,
        "test_unique_drugs": 288,
        "train_unique_scaffolds": 217,
        "test_unique_scaffolds": 213,
        "train_test_drug_overlap_count": 285,
        "train_test_drug_overlap_rate": 0.9895833333333334,
        "train_test_scaffold_overlap_count": 210,
        "train_test_scaffold_overlap_rate": 0.9859154929577465,
        "drug_overlap_rule_ok": true,
        "scaffold_overlap_rule_ok": true
      },
      "drift": {
        "train_label_mean": 3.1454877853393555,
        "test_label_mean": 3.089238405227661,
        "train_label_std": 2.610029935836792,
        "test_label_std": 2.6550590991973877,
        "label_mean_diff": 0.056249380111694336,
        "label_ks_statistic": 0.02064262334989166,
        "label_ks_pvalue": 0.44948203738468817
      }
    }
  ]
}