{
  "cancer": "brca",
  "track": "2B_numeric_smiles",
  "model": "GAT",
  "eval_mode": "scaffoldcv",
  "core_mean": {
    "spearman": 0.28205568816795207,
    "pearson": 0.37778966803949404,
    "kendall_tau": 0.19447654236755665,
    "rmse": 2.8751215660435854,
    "mae": 2.1989032861138815,
    "r2": -0.22503757184345244
  },
  "overfit": {
    "train_spearman": 0.791333019733429,
    "test_spearman": 0.28205570578575134,
    "spearman_gap": 0.50927734375,
    "train_rmse": 1.3481639623641968,
    "test_rmse": 2.8751213550567627,
    "rmse_gap": -1.526957631111145,
    "fold_mean": 0.28205570578575134,
    "fold_std": 0.07259183377027512,
    "fold_min": 0.20007939636707306,
    "fold_max": 0.37656277418136597
  },
  "ranking_mean": {
    "precision_at_5": 0.46666666666666673,
    "precision_at_10": 0.3333333333333333,
    "precision_at_30": 0.3444444444444444,
    "ndcg_at_5": 0.12894802341572242,
    "ndcg_at_10": 0.10973722403606645,
    "ndcg_at_30": 0.11202194991171215,
    "hit_rate_at_10": 1.0,
    "hit_rate_at_30": 1.0
  },
  "split_leakage_mean": {
    "train_rows": 5153.333333333333,
    "test_rows": 2576.6666666666665,
    "train_unique_drugs": 196.66666666666666,
    "test_unique_drugs": 98.33333333333333,
    "train_unique_scaffolds": 146.66666666666666,
    "test_unique_scaffolds": 73.33333333333333,
    "train_test_drug_overlap_count": 0.0,
    "train_test_drug_overlap_rate": 0.0,
    "train_test_scaffold_overlap_count": 0.0,
    "train_test_scaffold_overlap_rate": 0.0
  },
  "label_drift_mean": {
    "train_label_mean": 3.1267479260762534,
    "test_label_mean": 3.1267632643381753,
    "train_label_std": 2.6233232021331787,
    "test_label_std": 2.61772886912028,
    "label_mean_diff": -1.533826192220052e-05,
    "label_ks_statistic": 0.038841211054895276,
    "label_ks_pvalue": 0.12885177723524274
  },
  "imputation_summary": {
    "nan_imputation_applied": true,
    "nan_imputation_value": 0.0,
    "nan_before_count": 12276,
    "nan_after_count": 0,
    "inf_before_count": 0,
    "inf_after_count": 0,
    "imputation_scope": "model_input_only",
    "original_input_modified": false
  },
  "folds": [
    {
      "split_id": "scaffoldcv_fold1",
      "train": {
        "spearman": 0.8611586338108365,
        "pearson": 0.9022277674343506,
        "kendall_tau": 0.6859899203928496,
        "rmse": 1.1376036613409586,
        "mae": 0.84790095866746,
        "r2": 0.8140134246633565
      },
      "test": {
        "spearman": 0.26952489728674195,
        "pearson": 0.2842482413061711,
        "kendall_tau": 0.18590570503796044,
        "rmse": 2.584173760739203,
        "mae": 1.9773678851877992,
        "r2": 0.004976457380859944
      },
      "ranking": {
        "precision_at_5": 0.4,
        "precision_at_10": 0.3,
        "precision_at_30": 0.36666666666666664,
        "ndcg_at_5": 0.3193772884354624,
        "ndcg_at_10": 0.26009662417306895,
        "ndcg_at_30": 0.25219790012423327,
        "hit_rate_at_10": 1.0,
        "hit_rate_at_30": 1.0
      },
      "split": {
        "train_rows": 5153,
        "test_rows": 2577,
        "train_unique_drugs": 197,
        "test_unique_drugs": 98,
        "train_unique_scaffolds": 173,
        "test_unique_scaffolds": 47,
        "train_test_drug_overlap_count": 0,
        "train_test_drug_overlap_rate": 0.0,
        "train_test_scaffold_overlap_count": 0,
        "train_test_scaffold_overlap_rate": 0.0,
        "drug_overlap_rule_ok": true,
        "scaffold_overlap_rule_ok": true
      },
      "drift": {
        "train_label_mean": 3.2162575721740723,
        "test_label_mean": 2.9477479457855225,
        "train_label_std": 2.637850522994995,
        "test_label_std": 2.590627908706665,
        "label_mean_diff": 0.2685096263885498,
        "label_ks_statistic": 0.045896536115170694,
        "label_ks_pvalue": 0.001373907485466587
      }
    },
    {
      "split_id": "scaffoldcv_fold2",
      "train": {
        "spearman": 0.7478622549956256,
        "pearson": 0.8393532811467412,
        "kendall_tau": 0.5667878369252072,
        "rmse": 1.4704648420109037,
        "mae": 1.0749911550482985,
        "r2": 0.7045132230841862
      },
      "test": {
        "spearman": 0.20007939410560258,
        "pearson": 0.32251640680078086,
        "kendall_tau": 0.13635315298295142,
        "rmse": 3.0607643204094073,
        "mae": 2.3792503045562308,
        "r2": -0.5510140250865108
      },
      "ranking": {
        "precision_at_5": 0.2,
        "precision_at_10": 0.2,
        "precision_at_30": 0.2,
        "ndcg_at_5": 0.05345145492583825,
        "ndcg_at_10": 0.05616036737858785,
        "ndcg_at_30": 0.06594676633988099,
        "hit_rate_at_10": 1.0,
        "hit_rate_at_30": 1.0
      },
      "split": {
        "train_rows": 5153,
        "test_rows": 2577,
        "train_unique_drugs": 196,
        "test_unique_drugs": 99,
        "train_unique_scaffolds": 133,
        "test_unique_scaffolds": 87,
        "train_test_drug_overlap_count": 0,
        "train_test_drug_overlap_rate": 0.0,
        "train_test_scaffold_overlap_count": 0,
        "train_test_scaffold_overlap_rate": 0.0,
        "drug_overlap_rule_ok": true,
        "scaffold_overlap_rule_ok": true
      },
      "drift": {
        "train_label_mean": 3.1161015033721924,
        "test_label_mean": 3.148021697998047,
        "train_label_std": 2.7051143646240234,
        "test_label_std": 2.4576611518859863,
        "label_mean_diff": -0.03192019462585449,
        "label_ks_statistic": 0.021706672221184265,
        "label_ks_pvalue": 0.3846689822805079
      }
    },
    {
      "split_id": "scaffoldcv_fold3",
      "train": {
        "spearman": 0.7649782659906657,
        "pearson": 0.8227327839165881,
        "kendall_tau": 0.5820237026728813,
        "rmse": 1.4364232251131865,
        "mae": 1.0429599979303574,
        "r2": 0.6768882865256116
      },
      "test": {
        "spearman": 0.37656277311151165,
        "pearson": 0.5266043560115301,
        "kendall_tau": 0.2611707690817582,
        "rmse": 2.980426616982146,
        "mae": 2.240091668597615,
        "r2": -0.12907514782470653
      },
      "ranking": {
        "precision_at_5": 0.8,
        "precision_at_10": 0.5,
        "precision_at_30": 0.4666666666666667,
        "ndcg_at_5": 0.01401532688586661,
        "ndcg_at_10": 0.012954680556542544,
        "ndcg_at_30": 0.017921183271022167,
        "hit_rate_at_10": 1.0,
        "hit_rate_at_30": 1.0
      },
      "split": {
        "train_rows": 5154,
        "test_rows": 2576,
        "train_unique_drugs": 197,
        "test_unique_drugs": 98,
        "train_unique_scaffolds": 134,
        "test_unique_scaffolds": 86,
        "train_test_drug_overlap_count": 0,
        "train_test_drug_overlap_rate": 0.0,
        "train_test_scaffold_overlap_count": 0,
        "train_test_scaffold_overlap_rate": 0.0,
        "drug_overlap_rule_ok": true,
        "scaffold_overlap_rule_ok": true
      },
      "drift": {
        "train_label_mean": 3.047884702682495,
        "test_label_mean": 3.284520149230957,
        "train_label_std": 2.5270047187805176,
        "test_label_std": 2.8048975467681885,
        "label_mean_diff": -0.23663544654846191,
        "label_ks_statistic": 0.04892042482833089,
        "label_ks_pvalue": 0.000512441939753741
      }
    }
  ]
}