{
  "cancer": "brca",
  "track": "2A_numeric",
  "model": "GAT",
  "eval_mode": "groupcv",
  "core_mean": {
    "spearman": 0.26298586812461583,
    "pearson": 0.23955410245054468,
    "kendall_tau": 0.181137150740475,
    "rmse": 2.5479836258783704,
    "mae": 1.9174500611018226,
    "r2": 0.054400799547179655
  },
  "overfit": {
    "train_spearman": 0.268220990896225,
    "test_spearman": 0.26298585534095764,
    "spearman_gap": 0.0052351257763803005,
    "train_rmse": 2.544433832168579,
    "test_rmse": 2.547983407974243,
    "rmse_gap": -0.003549734828993678,
    "fold_mean": 0.26298585534095764,
    "fold_std": 0.02759847231209278,
    "fold_min": 0.2402595728635788,
    "fold_max": 0.3018290102481842
  },
  "ranking_mean": {
    "precision_at_5": 0.4666666666666666,
    "precision_at_10": 0.5,
    "precision_at_30": 0.4777777777777778,
    "ndcg_at_5": 0.04508794264871983,
    "ndcg_at_10": 0.04932282948216635,
    "ndcg_at_30": 0.06984253683166876,
    "hit_rate_at_10": 1.0,
    "hit_rate_at_30": 1.0
  },
  "split_leakage_mean": {
    "train_rows": 5153.333333333333,
    "test_rows": 2576.6666666666665,
    "train_unique_drugs": 196.66666666666666,
    "test_unique_drugs": 98.33333333333333,
    "train_unique_scaffolds": 151.66666666666666,
    "test_unique_scaffolds": 79.33333333333333,
    "train_test_drug_overlap_count": 0.0,
    "train_test_drug_overlap_rate": 0.0,
    "train_test_scaffold_overlap_count": 11.0,
    "train_test_scaffold_overlap_rate": 0.13833615608336078
  },
  "label_drift_mean": {
    "train_label_mean": 3.1267468134562173,
    "test_label_mean": 3.126758575439453,
    "train_label_std": 2.623774607976278,
    "test_label_std": 2.61930243174235,
    "label_mean_diff": -1.1761983235677084e-05,
    "label_ks_statistic": 0.057240233151776086,
    "label_ks_pvalue": 0.0004423519704285981
  },
  "imputation_summary": {
    "nan_imputation_applied": false,
    "nan_imputation_value": 0.0,
    "nan_before_count": 0,
    "nan_after_count": 0,
    "inf_before_count": 0,
    "inf_after_count": 0,
    "imputation_scope": "model_input_only",
    "original_input_modified": false
  },
  "folds": [
    {
      "split_id": "groupcv_fold1",
      "train": {
        "spearman": 0.276389150533978,
        "pearson": 0.25276979550860956,
        "kendall_tau": 0.19059010862436024,
        "rmse": 2.462125005424484,
        "mae": 1.844777783621347,
        "r2": 0.0638925644036965
      },
      "test": {
        "spearman": 0.24686901737528186,
        "pearson": 0.22284783088016996,
        "kendall_tau": 0.16954652798567765,
        "rmse": 2.7114523429993196,
        "mae": 2.014453970486599,
        "r2": 0.045270374430113614
      },
      "ranking": {
        "precision_at_5": 0.4,
        "precision_at_10": 0.4,
        "precision_at_30": 0.5,
        "ndcg_at_5": 0.00974526480100331,
        "ndcg_at_10": 0.01298496082558392,
        "ndcg_at_30": 0.022041193063862725,
        "hit_rate_at_10": 1.0,
        "hit_rate_at_30": 1.0
      },
      "split": {
        "train_rows": 5153,
        "test_rows": 2577,
        "train_unique_drugs": 197,
        "test_unique_drugs": 98,
        "train_unique_scaffolds": 155,
        "test_unique_scaffolds": 79,
        "train_test_drug_overlap_count": 0,
        "train_test_drug_overlap_rate": 0.0,
        "train_test_scaffold_overlap_count": 14,
        "train_test_scaffold_overlap_rate": 0.17721518987341772,
        "drug_overlap_rule_ok": true,
        "scaffold_overlap_rule_ok": true
      },
      "drift": {
        "train_label_mean": 3.189368486404419,
        "test_label_mean": 3.001516103744507,
        "train_label_std": 2.54476261138916,
        "test_label_std": 2.7749922275543213,
        "label_mean_diff": 0.1878523826599121,
        "label_ks_statistic": 0.04672609910129923,
        "label_ks_pvalue": 0.001045070763142173
      }
    },
    {
      "split_id": "groupcv_fold2",
      "train": {
        "spearman": 0.24992155797062515,
        "pearson": 0.22726976454560838,
        "kendall_tau": 0.17176742599260805,
        "rmse": 2.6485392122281675,
        "mae": 2.0177947798411418,
        "r2": 0.05165153771654862
      },
      "test": {
        "spearman": 0.30182901839631726,
        "pearson": 0.2741159827106521,
        "kendall_tau": 0.20886123631678977,
        "rmse": 2.3329064679634652,
        "mae": 1.699660342810995,
        "r2": 0.07479657689789732
      },
      "ranking": {
        "precision_at_5": 0.4,
        "precision_at_10": 0.5,
        "precision_at_30": 0.5,
        "ndcg_at_5": 0.10938790613063087,
        "ndcg_at_10": 0.11220585451108289,
        "ndcg_at_30": 0.1555986570056958,
        "hit_rate_at_10": 1.0,
        "hit_rate_at_30": 1.0
      },
      "split": {
        "train_rows": 5153,
        "test_rows": 2577,
        "train_unique_drugs": 196,
        "test_unique_drugs": 99,
        "train_unique_scaffolds": 152,
        "test_unique_scaffolds": 76,
        "train_test_drug_overlap_count": 0,
        "train_test_drug_overlap_rate": 0.0,
        "train_test_scaffold_overlap_count": 8,
        "train_test_scaffold_overlap_rate": 0.10526315789473684,
        "drug_overlap_rule_ok": true,
        "scaffold_overlap_rule_ok": true
      },
      "drift": {
        "train_label_mean": 3.124788284301758,
        "test_label_mean": 3.1306509971618652,
        "train_label_std": 2.7197089195251465,
        "test_label_std": 2.4253740310668945,
        "label_mean_diff": -0.005862712860107422,
        "label_ks_statistic": 0.050713815002483946,
        "label_ks_pvalue": 0.00028197411329578263
      }
    },
    {
      "split_id": "groupcv_fold3",
      "train": {
        "spearman": 0.27835226083515446,
        "pearson": 0.2521249387650937,
        "kendall_tau": 0.19207317396655696,
        "rmse": 2.52263722449735,
        "mae": 1.8671105451851366,
        "r2": 0.06356698456090859
      },
      "test": {
        "spearman": 0.24025956860224829,
        "pearson": 0.22169849376081197,
        "kendall_tau": 0.16500368791895764,
        "rmse": 2.5995920666723267,
        "mae": 2.038235870007873,
        "r2": 0.04313544731352803
      },
      "ranking": {
        "precision_at_5": 0.6,
        "precision_at_10": 0.6,
        "precision_at_30": 0.43333333333333335,
        "ndcg_at_5": 0.016130657014525318,
        "ndcg_at_10": 0.02277767310983222,
        "ndcg_at_30": 0.03188776042544776,
        "hit_rate_at_10": 1.0,
        "hit_rate_at_30": 1.0
      },
      "split": {
        "train_rows": 5154,
        "test_rows": 2576,
        "train_unique_drugs": 197,
        "test_unique_drugs": 98,
        "train_unique_scaffolds": 148,
        "test_unique_scaffolds": 83,
        "train_test_drug_overlap_count": 0,
        "train_test_drug_overlap_rate": 0.0,
        "train_test_scaffold_overlap_count": 11,
        "train_test_scaffold_overlap_rate": 0.13253012048192772,
        "drug_overlap_rule_ok": true,
        "scaffold_overlap_rule_ok": true
      },
      "drift": {
        "train_label_mean": 3.0660836696624756,
        "test_label_mean": 3.2481086254119873,
        "train_label_std": 2.6068522930145264,
        "test_label_std": 2.657541036605835,
        "label_mean_diff": -0.18202495574951172,
        "label_ks_statistic": 0.07428078535154509,
        "label_ks_pvalue": 1.1034847838719117e-08
      }
    }
  ]
}