{
  "cancer": "brca",
  "track": "2A_numeric",
  "model": "WideDeep",
  "eval_mode": "groupcv",
  "core_mean": {
    "spearman": 0.2631874620781682,
    "pearson": 0.23695150017738342,
    "kendall_tau": 0.1811450845993771,
    "rmse": 2.5500519997550564,
    "mae": 1.9341918230056763,
    "r2": 0.05262450377146403
  },
  "overfit": {
    "train_spearman": 0.26433613896369934,
    "test_spearman": 0.263187438249588,
    "spearman_gap": 0.0011486808070912957,
    "train_rmse": 2.5505332946777344,
    "test_rmse": 2.5500519275665283,
    "rmse_gap": 0.00048128762864507735,
    "fold_mean": 0.263187438249588,
    "fold_std": 0.020059501752257347,
    "fold_min": 0.24400143325328827,
    "fold_max": 0.2908773720264435
  },
  "ranking_mean": {
    "precision_at_5": 0.4000000000000001,
    "precision_at_10": 0.5666666666666667,
    "precision_at_30": 0.5111111111111111,
    "ndcg_at_5": 0.030859200649500578,
    "ndcg_at_10": 0.044712409455177966,
    "ndcg_at_30": 0.0656713463413504,
    "hit_rate_at_10": 1.0,
    "hit_rate_at_30": 1.0
  },
  "split_leakage_mean": {
    "train_rows": 5153.333333333333,
    "test_rows": 2576.6666666666665,
    "train_unique_drugs": 196.66666666666666,
    "test_unique_drugs": 98.33333333333333,
    "train_unique_scaffolds": 151.66666666666666,
    "test_unique_scaffolds": 79.33333333333333,
    "train_test_drug_overlap_count": 0.0,
    "train_test_drug_overlap_rate": 0.0,
    "train_test_scaffold_overlap_count": 11.0,
    "train_test_scaffold_overlap_rate": 0.13833615608336078
  },
  "label_drift_mean": {
    "train_label_mean": 3.1267468134562173,
    "test_label_mean": 3.126758575439453,
    "train_label_std": 2.623774607976278,
    "test_label_std": 2.61930243174235,
    "label_mean_diff": -1.1761983235677084e-05,
    "label_ks_statistic": 0.057240233151776086,
    "label_ks_pvalue": 0.0004423519704285981
  },
  "imputation_summary": {
    "nan_imputation_applied": false,
    "nan_imputation_value": 0.0,
    "nan_before_count": 0,
    "nan_after_count": 0,
    "inf_before_count": 0,
    "inf_after_count": 0,
    "imputation_scope": "model_input_only",
    "original_input_modified": false
  },
  "folds": [
    {
      "split_id": "groupcv_fold1",
      "train": {
        "spearman": 0.27362878135561963,
        "pearson": 0.24722492694854736,
        "kendall_tau": 0.1885712831602458,
        "rmse": 2.4686947587025636,
        "mae": 1.8698761463165283,
        "r2": 0.05889028310775757
      },
      "test": {
        "spearman": 0.2440014264066185,
        "pearson": 0.218101367354393,
        "kendall_tau": 0.1672140931169793,
        "rmse": 2.7090745840750303,
        "mae": 2.03017258644104,
        "r2": 0.0469440221786499
      },
      "ranking": {
        "precision_at_5": 0.2,
        "precision_at_10": 0.5,
        "precision_at_30": 0.5333333333333333,
        "ndcg_at_5": 0.007347062023745873,
        "ndcg_at_10": 0.011906731689975537,
        "ndcg_at_30": 0.02085675979990627,
        "hit_rate_at_10": 1.0,
        "hit_rate_at_30": 1.0
      },
      "split": {
        "train_rows": 5153,
        "test_rows": 2577,
        "train_unique_drugs": 197,
        "test_unique_drugs": 98,
        "train_unique_scaffolds": 155,
        "test_unique_scaffolds": 79,
        "train_test_drug_overlap_count": 0,
        "train_test_drug_overlap_rate": 0.0,
        "train_test_scaffold_overlap_count": 14,
        "train_test_scaffold_overlap_rate": 0.17721518987341772,
        "drug_overlap_rule_ok": true,
        "scaffold_overlap_rule_ok": true
      },
      "drift": {
        "train_label_mean": 3.189368486404419,
        "test_label_mean": 3.001516103744507,
        "train_label_std": 2.54476261138916,
        "test_label_std": 2.7749922275543213,
        "label_mean_diff": 0.1878523826599121,
        "label_ks_statistic": 0.04672609910129923,
        "label_ks_pvalue": 0.001045070763142173
      }
    },
    {
      "split_id": "groupcv_fold2",
      "train": {
        "spearman": 0.24785930871143094,
        "pearson": 0.22471261024475098,
        "kendall_tau": 0.17013304922192235,
        "rmse": 2.6551472787184123,
        "mae": 2.0487396717071533,
        "r2": 0.04691338539123535
      },
      "test": {
        "spearman": 0.2908773823095384,
        "pearson": 0.26560962200164795,
        "kendall_tau": 0.20062730806219312,
        "rmse": 2.3444836294847784,
        "mae": 1.7413662672042847,
        "r2": 0.06559103727340698
      },
      "ranking": {
        "precision_at_5": 0.4,
        "precision_at_10": 0.5,
        "precision_at_30": 0.5,
        "ndcg_at_5": 0.06626628996012073,
        "ndcg_at_10": 0.09839492887130782,
        "ndcg_at_30": 0.1465634592516331,
        "hit_rate_at_10": 1.0,
        "hit_rate_at_30": 1.0
      },
      "split": {
        "train_rows": 5153,
        "test_rows": 2577,
        "train_unique_drugs": 196,
        "test_unique_drugs": 99,
        "train_unique_scaffolds": 152,
        "test_unique_scaffolds": 76,
        "train_test_drug_overlap_count": 0,
        "train_test_drug_overlap_rate": 0.0,
        "train_test_scaffold_overlap_count": 8,
        "train_test_scaffold_overlap_rate": 0.10526315789473684,
        "drug_overlap_rule_ok": true,
        "scaffold_overlap_rule_ok": true
      },
      "drift": {
        "train_label_mean": 3.124788284301758,
        "test_label_mean": 3.1306509971618652,
        "train_label_std": 2.7197089195251465,
        "test_label_std": 2.4253740310668945,
        "label_mean_diff": -0.005862712860107422,
        "label_ks_statistic": 0.050713815002483946,
        "label_ks_pvalue": 0.00028197411329578263
      }
    },
    {
      "split_id": "groupcv_fold3",
      "train": {
        "spearman": 0.27152036028410703,
        "pearson": 0.24488948285579681,
        "kendall_tau": 0.18711655118820095,
        "rmse": 2.5277577551955837,
        "mae": 1.875617504119873,
        "r2": 0.05976146459579468
      },
      "test": {
        "spearman": 0.2546835775183477,
        "pearson": 0.22714351117610931,
        "kendall_tau": 0.1755938526189589,
        "rmse": 2.5965977857053604,
        "mae": 2.031036615371704,
        "r2": 0.045338451862335205
      },
      "ranking": {
        "precision_at_5": 0.6,
        "precision_at_10": 0.7,
        "precision_at_30": 0.5,
        "ndcg_at_5": 0.018964249964635145,
        "ndcg_at_10": 0.023835567804250536,
        "ndcg_at_30": 0.029593819972511818,
        "hit_rate_at_10": 1.0,
        "hit_rate_at_30": 1.0
      },
      "split": {
        "train_rows": 5154,
        "test_rows": 2576,
        "train_unique_drugs": 197,
        "test_unique_drugs": 98,
        "train_unique_scaffolds": 148,
        "test_unique_scaffolds": 83,
        "train_test_drug_overlap_count": 0,
        "train_test_drug_overlap_rate": 0.0,
        "train_test_scaffold_overlap_count": 11,
        "train_test_scaffold_overlap_rate": 0.13253012048192772,
        "drug_overlap_rule_ok": true,
        "scaffold_overlap_rule_ok": true
      },
      "drift": {
        "train_label_mean": 3.0660836696624756,
        "test_label_mean": 3.2481086254119873,
        "train_label_std": 2.6068522930145264,
        "test_label_std": 2.657541036605835,
        "label_mean_diff": -0.18202495574951172,
        "label_ks_statistic": 0.07428078535154509,
        "label_ks_pvalue": 1.1034847838719117e-08
      }
    }
  ]
}