{
  "cancer": "brca",
  "track": "2C_numeric_smiles_context",
  "model": "GraphSAGE",
  "eval_mode": "groupcv",
  "core_mean": {
    "spearman": 0.29386365072911896,
    "pearson": 0.2749770830074946,
    "kendall_tau": 0.20452259998310196,
    "rmse": 3.004287810852633,
    "mae": 2.1549818913141885,
    "r2": -0.37250572443008423
  },
  "overfit": {
    "train_spearman": 0.7481317520141602,
    "test_spearman": 0.2938636541366577,
    "spearman_gap": 0.45426812767982483,
    "train_rmse": 1.4939371347427368,
    "test_rmse": 3.0042877197265625,
    "rmse_gap": -1.5103507041931152,
    "fold_mean": 0.2938636541366577,
    "fold_std": 0.11408757418394089,
    "fold_min": 0.16932599246501923,
    "fold_max": 0.44496795535087585
  },
  "ranking_mean": {
    "precision_at_5": 0.5333333333333333,
    "precision_at_10": 0.4333333333333333,
    "precision_at_30": 0.35555555555555557,
    "ndcg_at_5": 0.06305917720104744,
    "ndcg_at_10": 0.06485869775410767,
    "ndcg_at_30": 0.09506716832313593,
    "hit_rate_at_10": 0.6666666666666666,
    "hit_rate_at_30": 1.0
  },
  "split_leakage_mean": {
    "train_rows": 5153.333333333333,
    "test_rows": 2576.6666666666665,
    "train_unique_drugs": 196.66666666666666,
    "test_unique_drugs": 98.33333333333333,
    "train_unique_scaffolds": 151.66666666666666,
    "test_unique_scaffolds": 79.33333333333333,
    "train_test_drug_overlap_count": 0.0,
    "train_test_drug_overlap_rate": 0.0,
    "train_test_scaffold_overlap_count": 11.0,
    "train_test_scaffold_overlap_rate": 0.13833615608336078
  },
  "label_drift_mean": {
    "train_label_mean": 3.1267468134562173,
    "test_label_mean": 3.126758575439453,
    "train_label_std": 2.623774607976278,
    "test_label_std": 2.61930243174235,
    "label_mean_diff": -1.1761983235677084e-05,
    "label_ks_statistic": 0.057240233151776086,
    "label_ks_pvalue": 0.0004423519704285981
  },
  "imputation_summary": {
    "nan_imputation_applied": true,
    "nan_imputation_value": 0.0,
    "nan_before_count": 12276,
    "nan_after_count": 0,
    "inf_before_count": 0,
    "inf_after_count": 0,
    "imputation_scope": "model_input_only",
    "original_input_modified": false
  },
  "folds": [
    {
      "split_id": "groupcv_fold1",
      "train": {
        "spearman": 0.6707385789171632,
        "pearson": 0.7656086683273315,
        "kendall_tau": 0.4929455887341042,
        "rmse": 1.7260990124854716,
        "mae": 1.3278710842132568,
        "r2": 0.5399162769317627
      },
      "test": {
        "spearman": 0.4449679641923101,
        "pearson": 0.5328556895256042,
        "kendall_tau": 0.3103029105100204,
        "rmse": 2.504606866044306,
        "mae": 1.948964238166809,
        "r2": 0.18537896871566772
      },
      "ranking": {
        "precision_at_5": 0.8,
        "precision_at_10": 0.6,
        "precision_at_30": 0.5666666666666667,
        "ndcg_at_5": 0.020147940440809427,
        "ndcg_at_10": 0.019241720094208017,
        "ndcg_at_30": 0.11242256101631883,
        "hit_rate_at_10": 1.0,
        "hit_rate_at_30": 1.0
      },
      "split": {
        "train_rows": 5153,
        "test_rows": 2577,
        "train_unique_drugs": 197,
        "test_unique_drugs": 98,
        "train_unique_scaffolds": 155,
        "test_unique_scaffolds": 79,
        "train_test_drug_overlap_count": 0,
        "train_test_drug_overlap_rate": 0.0,
        "train_test_scaffold_overlap_count": 14,
        "train_test_scaffold_overlap_rate": 0.17721518987341772,
        "drug_overlap_rule_ok": true,
        "scaffold_overlap_rule_ok": true
      },
      "drift": {
        "train_label_mean": 3.189368486404419,
        "test_label_mean": 3.001516103744507,
        "train_label_std": 2.54476261138916,
        "test_label_std": 2.7749922275543213,
        "label_mean_diff": 0.1878523826599121,
        "label_ks_statistic": 0.04672609910129923,
        "label_ks_pvalue": 0.001045070763142173
      }
    },
    {
      "split_id": "groupcv_fold2",
      "train": {
        "spearman": 0.8170702126566093,
        "pearson": 0.8751034140586853,
        "kendall_tau": 0.6360115195454193,
        "rmse": 1.316307630155816,
        "mae": 0.9856866002082825,
        "r2": 0.7657551765441895
      },
      "test": {
        "spearman": 0.16932599045943433,
        "pearson": 0.10133977234363556,
        "kendall_tau": 0.11433388799161237,
        "rmse": 2.6431707266124054,
        "mae": 1.9153904914855957,
        "r2": -0.18766248226165771
      },
      "ranking": {
        "precision_at_5": 0.8,
        "precision_at_10": 0.7,
        "precision_at_30": 0.4666666666666667,
        "ndcg_at_5": 0.16883071391370044,
        "ndcg_at_10": 0.1751009774612711,
        "ndcg_at_30": 0.16012066405148304,
        "hit_rate_at_10": 1.0,
        "hit_rate_at_30": 1.0
      },
      "split": {
        "train_rows": 5153,
        "test_rows": 2577,
        "train_unique_drugs": 196,
        "test_unique_drugs": 99,
        "train_unique_scaffolds": 152,
        "test_unique_scaffolds": 76,
        "train_test_drug_overlap_count": 0,
        "train_test_drug_overlap_rate": 0.0,
        "train_test_scaffold_overlap_count": 8,
        "train_test_scaffold_overlap_rate": 0.10526315789473684,
        "drug_overlap_rule_ok": true,
        "scaffold_overlap_rule_ok": true
      },
      "drift": {
        "train_label_mean": 3.124788284301758,
        "test_label_mean": 3.1306509971618652,
        "train_label_std": 2.7197089195251465,
        "test_label_std": 2.4253740310668945,
        "label_mean_diff": -0.005862712860107422,
        "label_ks_statistic": 0.050713815002483946,
        "label_ks_pvalue": 0.00028197411329578263
      }
    },
    {
      "split_id": "groupcv_fold3",
      "train": {
        "spearman": 0.7565866434559877,
        "pearson": 0.8343932628631592,
        "kendall_tau": 0.5736184776514788,
        "rmse": 1.4394046770118163,
        "mae": 1.059066891670227,
        "r2": 0.695117175579071
      },
      "test": {
        "spearman": 0.2672969975356125,
        "pearson": 0.19073578715324402,
        "kendall_tau": 0.18893100144767308,
        "rmse": 3.86508583990119,
        "mae": 2.600590944290161,
        "r2": -1.1152336597442627
      },
      "ranking": {
        "precision_at_5": 0.0,
        "precision_at_10": 0.0,
        "precision_at_30": 0.03333333333333333,
        "ndcg_at_5": 0.0001988772486324624,
        "ndcg_at_10": 0.00023339570684391964,
        "ndcg_at_30": 0.012658279901605868,
        "hit_rate_at_10": 0.0,
        "hit_rate_at_30": 1.0
      },
      "split": {
        "train_rows": 5154,
        "test_rows": 2576,
        "train_unique_drugs": 197,
        "test_unique_drugs": 98,
        "train_unique_scaffolds": 148,
        "test_unique_scaffolds": 83,
        "train_test_drug_overlap_count": 0,
        "train_test_drug_overlap_rate": 0.0,
        "train_test_scaffold_overlap_count": 11,
        "train_test_scaffold_overlap_rate": 0.13253012048192772,
        "drug_overlap_rule_ok": true,
        "scaffold_overlap_rule_ok": true
      },
      "drift": {
        "train_label_mean": 3.0660836696624756,
        "test_label_mean": 3.2481086254119873,
        "train_label_std": 2.6068522930145264,
        "test_label_std": 2.657541036605835,
        "label_mean_diff": -0.18202495574951172,
        "label_ks_statistic": 0.07428078535154509,
        "label_ks_pvalue": 1.1034847838719117e-08
      }
    }
  ]
}