{
  "cancer": "brca",
  "track": "2B_numeric_smiles",
  "model": "ExtraTrees",
  "eval_mode": "cv",
  "core_mean": {
    "spearman": 0.7662910449653388,
    "pearson": 0.8355606920493069,
    "kendall_tau": 0.5853556831495209,
    "rmse": 1.4433625373981576,
    "mae": 1.0564840995257156,
    "r2": 0.6975719586541679
  },
  "overfit": {
    "train_spearman": 0.9144525597104368,
    "test_spearman": 0.7662910449653388,
    "spearman_gap": 0.1481615147450979,
    "train_rmse": 0.9016610231755743,
    "test_rmse": 1.4433625373981576,
    "rmse_gap": -0.5417015142225833,
    "fold_mean": 0.7662910449653388,
    "fold_std": 0.010575909508833787,
    "fold_min": 0.751336649809972,
    "fold_max": 0.773990373273481
  },
  "ranking_mean": {
    "precision_at_5": 1.0,
    "precision_at_10": 1.0,
    "precision_at_30": 0.9888888888888889,
    "ndcg_at_5": 0.5734226215082129,
    "ndcg_at_10": 0.7023645477399697,
    "ndcg_at_30": 0.8198201919320122,
    "hit_rate_at_10": 1.0,
    "hit_rate_at_30": 1.0
  },
  "split_leakage_mean": {
    "train_rows": 5153.333333333333,
    "test_rows": 2576.6666666666665,
    "train_unique_drugs": 291.6666666666667,
    "test_unique_drugs": 288.3333333333333,
    "train_unique_scaffolds": 216.66666666666666,
    "test_unique_scaffolds": 213.33333333333334,
    "train_test_drug_overlap_count": 285.0,
    "train_test_drug_overlap_rate": 0.9884894243785997,
    "train_test_scaffold_overlap_count": 210.0,
    "train_test_scaffold_overlap_rate": 0.9844661262290259
  },
  "label_drift_mean": {
    "train_label_mean": 3.126741568247477,
    "test_label_mean": 3.126737912495931,
    "train_label_std": 2.625060240427653,
    "test_label_std": 2.6244657834370932,
    "label_mean_diff": 3.6557515462239585e-06,
    "label_ks_statistic": 0.02649029456841759,
    "label_ks_pvalue": 0.2171403552506631
  },
  "folds": [
    {
      "split_id": "cv_fold1",
      "train": {
        "spearman": 0.9147672455822448,
        "pearson": 0.9396667794725297,
        "kendall_tau": 0.8336847498532063,
        "rmse": 0.8964647124105852,
        "mae": 0.31432145261606054,
        "r2": 0.8829736563088112
      },
      "test": {
        "spearman": 0.773990373273481,
        "pearson": 0.8348165082195286,
        "kendall_tau": 0.5911567186390165,
        "rmse": 1.4521356174788373,
        "mae": 1.0579499667907464,
        "r2": 0.696089942852374
      },
      "ranking": {
        "precision_at_5": 1.0,
        "precision_at_10": 1.0,
        "precision_at_30": 1.0,
        "ndcg_at_5": 0.49121454006723214,
        "ndcg_at_10": 0.6025419385694111,
        "ndcg_at_30": 0.7565485429979224,
        "hit_rate_at_10": 1.0,
        "hit_rate_at_30": 1.0
      },
      "split": {
        "train_rows": 5153,
        "test_rows": 2577,
        "train_unique_drugs": 294,
        "test_unique_drugs": 286,
        "train_unique_scaffolds": 219,
        "test_unique_scaffolds": 211,
        "train_test_drug_overlap_count": 285,
        "train_test_drug_overlap_rate": 0.9965034965034965,
        "train_test_scaffold_overlap_count": 210,
        "train_test_scaffold_overlap_rate": 0.995260663507109,
        "drug_overlap_rule_ok": true,
        "scaffold_overlap_rule_ok": true
      },
      "drift": {
        "train_label_mean": 3.1484804153442383,
        "test_label_mean": 3.0832760334014893,
        "train_label_std": 2.6205434799194336,
        "test_label_std": 2.6341145038604736,
        "label_mean_diff": 0.06520438194274902,
        "label_ks_statistic": 0.028447699841580278,
        "label_ks_pvalue": 0.12048829067256756
      }
    },
    {
      "split_id": "cv_fold2",
      "train": {
        "spearman": 0.9142416634321381,
        "pearson": 0.9393972340782705,
        "kendall_tau": 0.8317427970362866,
        "rmse": 0.9066523385606954,
        "mae": 0.32791813586680896,
        "r2": 0.8824671631435378
      },
      "test": {
        "spearman": 0.7735461118125638,
        "pearson": 0.8388770241547944,
        "kendall_tau": 0.5927511787725176,
        "rmse": 1.4078399912250334,
        "mae": 1.0369885833530719,
        "r2": 0.7032120135498161
      },
      "ranking": {
        "precision_at_5": 1.0,
        "precision_at_10": 1.0,
        "precision_at_30": 0.9666666666666667,
        "ndcg_at_5": 0.6503899738326735,
        "ndcg_at_10": 0.7375227248045801,
        "ndcg_at_30": 0.8603505461146935,
        "hit_rate_at_10": 1.0,
        "hit_rate_at_30": 1.0
      },
      "split": {
        "train_rows": 5153,
        "test_rows": 2577,
        "train_unique_drugs": 289,
        "test_unique_drugs": 291,
        "train_unique_scaffolds": 214,
        "test_unique_scaffolds": 216,
        "train_test_drug_overlap_count": 285,
        "train_test_drug_overlap_rate": 0.979381443298969,
        "train_test_scaffold_overlap_count": 210,
        "train_test_scaffold_overlap_rate": 0.9722222222222222,
        "drug_overlap_rule_ok": true,
        "scaffold_overlap_rule_ok": true
      },
      "drift": {
        "train_label_mean": 3.086256504058838,
        "test_label_mean": 3.2076992988586426,
        "train_label_std": 2.6446073055267334,
        "test_label_std": 2.584223747253418,
        "label_mean_diff": -0.12144279479980469,
        "label_ks_statistic": 0.030380560513780828,
        "label_ks_pvalue": 0.08145073769473357
      }
    },
    {
      "split_id": "cv_fold3",
      "train": {
        "spearman": 0.9143487701169276,
        "pearson": 0.9384045486475581,
        "kendall_tau": 0.8339666428196583,
        "rmse": 0.9018660185554422,
        "mae": 0.31811740252309795,
        "r2": 0.880603096621789
      },
      "test": {
        "spearman": 0.751336649809972,
        "pearson": 0.8329885437735979,
        "kendall_tau": 0.5721591520370288,
        "rmse": 1.470112003490602,
        "mae": 1.0745137484333285,
        "r2": 0.6934139195603135
      },
      "ranking": {
        "precision_at_5": 1.0,
        "precision_at_10": 1.0,
        "precision_at_30": 1.0,
        "ndcg_at_5": 0.5786633506247331,
        "ndcg_at_10": 0.7670289798459178,
        "ndcg_at_30": 0.8425614866834208,
        "hit_rate_at_10": 1.0,
        "hit_rate_at_30": 1.0
      },
      "split": {
        "train_rows": 5154,
        "test_rows": 2576,
        "train_unique_drugs": 292,
        "test_unique_drugs": 288,
        "train_unique_scaffolds": 217,
        "test_unique_scaffolds": 213,
        "train_test_drug_overlap_count": 285,
        "train_test_drug_overlap_rate": 0.9895833333333334,
        "train_test_scaffold_overlap_count": 210,
        "train_test_scaffold_overlap_rate": 0.9859154929577465,
        "drug_overlap_rule_ok": true,
        "scaffold_overlap_rule_ok": true
      },
      "drift": {
        "train_label_mean": 3.1454877853393555,
        "test_label_mean": 3.089238405227661,
        "train_label_std": 2.610029935836792,
        "test_label_std": 2.6550590991973877,
        "label_mean_diff": 0.056249380111694336,
        "label_ks_statistic": 0.02064262334989166,
        "label_ks_pvalue": 0.44948203738468817
      }
    }
  ]
}