{
  "cancer": "brca",
  "track": "2B_numeric_smiles",
  "model": "GraphSAGE",
  "eval_mode": "groupcv",
  "core_mean": {
    "spearman": 0.29536106063622625,
    "pearson": 0.29999051491419476,
    "kendall_tau": 0.20448251190517044,
    "rmse": 2.819306120064694,
    "mae": 2.0755687952041626,
    "r2": -0.1819699009259542
  },
  "overfit": {
    "train_spearman": 0.7403540015220642,
    "test_spearman": 0.29536107182502747,
    "spearman_gap": 0.44499292969703674,
    "train_rmse": 1.5416560173034668,
    "test_rmse": 2.8193061351776123,
    "rmse_gap": -1.277650237083435,
    "fold_mean": 0.29536107182502747,
    "fold_std": 0.0864347368478775,
    "fold_min": 0.2159707248210907,
    "fold_max": 0.41555050015449524
  },
  "ranking_mean": {
    "precision_at_5": 0.3333333333333333,
    "precision_at_10": 0.3333333333333333,
    "precision_at_30": 0.31111111111111106,
    "ndcg_at_5": 0.02190305067482848,
    "ndcg_at_10": 0.06947243538606673,
    "ndcg_at_30": 0.07515341848880741,
    "hit_rate_at_10": 0.6666666666666666,
    "hit_rate_at_30": 1.0
  },
  "split_leakage_mean": {
    "train_rows": 5153.333333333333,
    "test_rows": 2576.6666666666665,
    "train_unique_drugs": 196.66666666666666,
    "test_unique_drugs": 98.33333333333333,
    "train_unique_scaffolds": 151.66666666666666,
    "test_unique_scaffolds": 79.33333333333333,
    "train_test_drug_overlap_count": 0.0,
    "train_test_drug_overlap_rate": 0.0,
    "train_test_scaffold_overlap_count": 11.0,
    "train_test_scaffold_overlap_rate": 0.13833615608336078
  },
  "label_drift_mean": {
    "train_label_mean": 3.1267468134562173,
    "test_label_mean": 3.126758575439453,
    "train_label_std": 2.623774607976278,
    "test_label_std": 2.61930243174235,
    "label_mean_diff": -1.1761983235677084e-05,
    "label_ks_statistic": 0.057240233151776086,
    "label_ks_pvalue": 0.0004423519704285981
  },
  "imputation_summary": {
    "nan_imputation_applied": true,
    "nan_imputation_value": 0.0,
    "nan_before_count": 12276,
    "nan_after_count": 0,
    "inf_before_count": 0,
    "inf_after_count": 0,
    "imputation_scope": "model_input_only",
    "original_input_modified": false
  },
  "folds": [
    {
      "split_id": "groupcv_fold1",
      "train": {
        "spearman": 0.6643481734902612,
        "pearson": 0.7550821304321289,
        "kendall_tau": 0.48815758278878413,
        "rmse": 1.7848619347826211,
        "mae": 1.3686251640319824,
        "r2": 0.5080570578575134
      },
      "test": {
        "spearman": 0.4155504926636547,
        "pearson": 0.49839577078819275,
        "kendall_tau": 0.2889734046320114,
        "rmse": 2.5360192474332783,
        "mae": 1.9533644914627075,
        "r2": 0.16481715440750122
      },
      "ranking": {
        "precision_at_5": 0.8,
        "precision_at_10": 0.8,
        "precision_at_30": 0.6666666666666666,
        "ndcg_at_5": 0.022418835592311177,
        "ndcg_at_10": 0.1593870966032269,
        "ndcg_at_30": 0.13518059079889788,
        "hit_rate_at_10": 1.0,
        "hit_rate_at_30": 1.0
      },
      "split": {
        "train_rows": 5153,
        "test_rows": 2577,
        "train_unique_drugs": 197,
        "test_unique_drugs": 98,
        "train_unique_scaffolds": 155,
        "test_unique_scaffolds": 79,
        "train_test_drug_overlap_count": 0,
        "train_test_drug_overlap_rate": 0.0,
        "train_test_scaffold_overlap_count": 14,
        "train_test_scaffold_overlap_rate": 0.17721518987341772,
        "drug_overlap_rule_ok": true,
        "scaffold_overlap_rule_ok": true
      },
      "drift": {
        "train_label_mean": 3.189368486404419,
        "test_label_mean": 3.001516103744507,
        "train_label_std": 2.54476261138916,
        "test_label_std": 2.7749922275543213,
        "label_mean_diff": 0.1878523826599121,
        "label_ks_statistic": 0.04672609910129923,
        "label_ks_pvalue": 0.001045070763142173
      }
    },
    {
      "split_id": "groupcv_fold2",
      "train": {
        "spearman": 0.8057103217589385,
        "pearson": 0.8649195432662964,
        "kendall_tau": 0.6225851945686302,
        "rmse": 1.3657103051400077,
        "mae": 1.0201064348220825,
        "r2": 0.7478422522544861
      },
      "test": {
        "spearman": 0.21597071764649214,
        "pearson": 0.1739273965358734,
        "kendall_tau": 0.14647404431603012,
        "rmse": 2.618234362400096,
        "mae": 1.916297197341919,
        "r2": -0.16535866260528564
      },
      "ranking": {
        "precision_at_5": 0.2,
        "precision_at_10": 0.2,
        "precision_at_30": 0.23333333333333334,
        "ndcg_at_5": 0.04299787540798501,
        "ndcg_at_10": 0.04882296899050465,
        "ndcg_at_30": 0.0776780133621169,
        "hit_rate_at_10": 1.0,
        "hit_rate_at_30": 1.0
      },
      "split": {
        "train_rows": 5153,
        "test_rows": 2577,
        "train_unique_drugs": 196,
        "test_unique_drugs": 99,
        "train_unique_scaffolds": 152,
        "test_unique_scaffolds": 76,
        "train_test_drug_overlap_count": 0,
        "train_test_drug_overlap_rate": 0.0,
        "train_test_scaffold_overlap_count": 8,
        "train_test_scaffold_overlap_rate": 0.10526315789473684,
        "drug_overlap_rule_ok": true,
        "scaffold_overlap_rule_ok": true
      },
      "drift": {
        "train_label_mean": 3.124788284301758,
        "test_label_mean": 3.1306509971618652,
        "train_label_std": 2.7197089195251465,
        "test_label_std": 2.4253740310668945,
        "label_mean_diff": -0.005862712860107422,
        "label_ks_statistic": 0.050713815002483946,
        "label_ks_pvalue": 0.00028197411329578263
      }
    },
    {
      "split_id": "groupcv_fold3",
      "train": {
        "spearman": 0.7510035417861668,
        "pearson": 0.8262438774108887,
        "kendall_tau": 0.567283442139635,
        "rmse": 1.4743956151978836,
        "mae": 1.0831464529037476,
        "r2": 0.6801140308380127
      },
      "test": {
        "spearman": 0.25456197159853183,
        "pearson": 0.22764837741851807,
        "kendall_tau": 0.1780000867674698,
        "rmse": 3.303664750360708,
        "mae": 2.3570446968078613,
        "r2": -0.5453681945800781
      },
      "ranking": {
        "precision_at_5": 0.0,
        "precision_at_10": 0.0,
        "precision_at_30": 0.03333333333333333,
        "ndcg_at_5": 0.0002924410241892487,
        "ndcg_at_10": 0.0002072405644686509,
        "ndcg_at_30": 0.012601651305407467,
        "hit_rate_at_10": 0.0,
        "hit_rate_at_30": 1.0
      },
      "split": {
        "train_rows": 5154,
        "test_rows": 2576,
        "train_unique_drugs": 197,
        "test_unique_drugs": 98,
        "train_unique_scaffolds": 148,
        "test_unique_scaffolds": 83,
        "train_test_drug_overlap_count": 0,
        "train_test_drug_overlap_rate": 0.0,
        "train_test_scaffold_overlap_count": 11,
        "train_test_scaffold_overlap_rate": 0.13253012048192772,
        "drug_overlap_rule_ok": true,
        "scaffold_overlap_rule_ok": true
      },
      "drift": {
        "train_label_mean": 3.0660836696624756,
        "test_label_mean": 3.2481086254119873,
        "train_label_std": 2.6068522930145264,
        "test_label_std": 2.657541036605835,
        "label_mean_diff": -0.18202495574951172,
        "label_ks_statistic": 0.07428078535154509,
        "label_ks_pvalue": 1.1034847838719117e-08
      }
    }
  ]
}