{
  "cancer": "brca",
  "track": "2A_numeric",
  "model": "CrossAttention",
  "eval_mode": "scaffoldcv",
  "core_mean": {
    "spearman": 0.25454304820154555,
    "pearson": 0.23235958814620972,
    "kendall_tau": 0.17562004655547994,
    "rmse": 2.5603789465305673,
    "mae": 1.9463945627212524,
    "r2": 0.04391715923945109
  },
  "overfit": {
    "train_spearman": 0.2651655375957489,
    "test_spearman": 0.2545430362224579,
    "spearman_gap": 0.010622506029903889,
    "train_rmse": 2.549189329147339,
    "test_rmse": 2.5603787899017334,
    "rmse_gap": -0.01118962001055479,
    "fold_mean": 0.2545430362224579,
    "fold_std": 0.00934936385601759,
    "fold_min": 0.24223504960536957,
    "fold_max": 0.2648804485797882
  },
  "ranking_mean": {
    "precision_at_5": 0.4666666666666666,
    "precision_at_10": 0.5,
    "precision_at_30": 0.45555555555555555,
    "ndcg_at_5": 0.10373156932040888,
    "ndcg_at_10": 0.13688075474145606,
    "ndcg_at_30": 0.1437333469883645,
    "hit_rate_at_10": 1.0,
    "hit_rate_at_30": 1.0
  },
  "split_leakage_mean": {
    "train_rows": 5153.333333333333,
    "test_rows": 2576.6666666666665,
    "train_unique_drugs": 196.66666666666666,
    "test_unique_drugs": 98.33333333333333,
    "train_unique_scaffolds": 146.66666666666666,
    "test_unique_scaffolds": 73.33333333333333,
    "train_test_drug_overlap_count": 0.0,
    "train_test_drug_overlap_rate": 0.0,
    "train_test_scaffold_overlap_count": 0.0,
    "train_test_scaffold_overlap_rate": 0.0
  },
  "label_drift_mean": {
    "train_label_mean": 3.1267479260762534,
    "test_label_mean": 3.1267632643381753,
    "train_label_std": 2.6233232021331787,
    "test_label_std": 2.61772886912028,
    "label_mean_diff": -1.533826192220052e-05,
    "label_ks_statistic": 0.038841211054895276,
    "label_ks_pvalue": 0.12885177723524274
  },
  "imputation_summary": {
    "nan_imputation_applied": false,
    "nan_imputation_value": 0.0,
    "nan_before_count": 0,
    "nan_after_count": 0,
    "inf_before_count": 0,
    "inf_after_count": 0,
    "imputation_scope": "model_input_only",
    "original_input_modified": false
  },
  "folds": [
    {
      "split_id": "scaffoldcv_fold1",
      "train": {
        "spearman": 0.2659873707939692,
        "pearson": 0.24216784536838531,
        "kendall_tau": 0.18412848607188007,
        "rmse": 2.560212579782061,
        "mae": 1.921396255493164,
        "r2": 0.05799835920333862
      },
      "test": {
        "spearman": 0.24223504856087247,
        "pearson": 0.22596994042396545,
        "kendall_tau": 0.16510900196086764,
        "rmse": 2.532867479992511,
        "mae": 1.88145911693573,
        "r2": 0.044094741344451904
      },
      "ranking": {
        "precision_at_5": 0.4,
        "precision_at_10": 0.3,
        "precision_at_30": 0.3,
        "ndcg_at_5": 0.2329351563976752,
        "ndcg_at_10": 0.19449656915282962,
        "ndcg_at_30": 0.21140422034655337,
        "hit_rate_at_10": 1.0,
        "hit_rate_at_30": 1.0
      },
      "split": {
        "train_rows": 5153,
        "test_rows": 2577,
        "train_unique_drugs": 197,
        "test_unique_drugs": 98,
        "train_unique_scaffolds": 173,
        "test_unique_scaffolds": 47,
        "train_test_drug_overlap_count": 0,
        "train_test_drug_overlap_rate": 0.0,
        "train_test_scaffold_overlap_count": 0,
        "train_test_scaffold_overlap_rate": 0.0,
        "drug_overlap_rule_ok": true,
        "scaffold_overlap_rule_ok": true
      },
      "drift": {
        "train_label_mean": 3.2162575721740723,
        "test_label_mean": 2.9477479457855225,
        "train_label_std": 2.637850522994995,
        "test_label_std": 2.590627908706665,
        "label_mean_diff": 0.2685096263885498,
        "label_ks_statistic": 0.045896536115170694,
        "label_ks_pvalue": 0.001373907485466587
      }
    },
    {
      "split_id": "scaffoldcv_fold2",
      "train": {
        "spearman": 0.26161787058657726,
        "pearson": 0.2309916615486145,
        "kendall_tau": 0.1798905706136445,
        "rmse": 2.636483188985745,
        "mae": 1.9790904521942139,
        "r2": 0.05009812116622925
      },
      "test": {
        "spearman": 0.2648804631534107,
        "pearson": 0.2526170611381531,
        "kendall_tau": 0.1832106770362514,
        "rmse": 2.385707210076692,
        "mae": 1.8818590641021729,
        "r2": 0.05769771337509155
      },
      "ranking": {
        "precision_at_5": 0.6,
        "precision_at_10": 0.8,
        "precision_at_30": 0.5333333333333333,
        "ndcg_at_5": 0.06706759639180673,
        "ndcg_at_10": 0.2009183223684812,
        "ndcg_at_30": 0.1977429186686451,
        "hit_rate_at_10": 1.0,
        "hit_rate_at_30": 1.0
      },
      "split": {
        "train_rows": 5153,
        "test_rows": 2577,
        "train_unique_drugs": 196,
        "test_unique_drugs": 99,
        "train_unique_scaffolds": 133,
        "test_unique_scaffolds": 87,
        "train_test_drug_overlap_count": 0,
        "train_test_drug_overlap_rate": 0.0,
        "train_test_scaffold_overlap_count": 0,
        "train_test_scaffold_overlap_rate": 0.0,
        "drug_overlap_rule_ok": true,
        "scaffold_overlap_rule_ok": true
      },
      "drift": {
        "train_label_mean": 3.1161015033721924,
        "test_label_mean": 3.148021697998047,
        "train_label_std": 2.7051143646240234,
        "test_label_std": 2.4576611518859863,
        "label_mean_diff": -0.03192019462585449,
        "label_ks_statistic": 0.021706672221184265,
        "label_ks_pvalue": 0.3846689822805079
      }
    },
    {
      "split_id": "scaffoldcv_fold3",
      "train": {
        "spearman": 0.2678914153541446,
        "pearson": 0.24916931986808777,
        "kendall_tau": 0.18368465232392306,
        "rmse": 2.4508719819346494,
        "mae": 1.894727110862732,
        "r2": 0.059347689151763916
      },
      "test": {
        "spearman": 0.2565136328903535,
        "pearson": 0.21849176287651062,
        "kendall_tau": 0.17854046066932083,
        "rmse": 2.762562149522498,
        "mae": 2.0758655071258545,
        "r2": 0.029959022998809814
      },
      "ranking": {
        "precision_at_5": 0.4,
        "precision_at_10": 0.4,
        "precision_at_30": 0.5333333333333333,
        "ndcg_at_5": 0.011191955171744624,
        "ndcg_at_10": 0.01522737270305734,
        "ndcg_at_30": 0.022052901949895044,
        "hit_rate_at_10": 1.0,
        "hit_rate_at_30": 1.0
      },
      "split": {
        "train_rows": 5154,
        "test_rows": 2576,
        "train_unique_drugs": 197,
        "test_unique_drugs": 98,
        "train_unique_scaffolds": 134,
        "test_unique_scaffolds": 86,
        "train_test_drug_overlap_count": 0,
        "train_test_drug_overlap_rate": 0.0,
        "train_test_scaffold_overlap_count": 0,
        "train_test_scaffold_overlap_rate": 0.0,
        "drug_overlap_rule_ok": true,
        "scaffold_overlap_rule_ok": true
      },
      "drift": {
        "train_label_mean": 3.047884702682495,
        "test_label_mean": 3.284520149230957,
        "train_label_std": 2.5270047187805176,
        "test_label_std": 2.8048975467681885,
        "label_mean_diff": -0.23663544654846191,
        "label_ks_statistic": 0.04892042482833089,
        "label_ks_pvalue": 0.000512441939753741
      }
    }
  ]
}