{
  "cancer": "brca",
  "track": "2A_numeric",
  "model": "CatBoost",
  "eval_mode": "cv",
  "core_mean": {
    "spearman": 0.2499346407660059,
    "pearson": 0.22418269074099628,
    "kendall_tau": 0.1717126426232709,
    "rmse": 2.560089405256933,
    "mae": 1.921006143793197,
    "r2": 0.04838897585127385
  },
  "overfit": {
    "train_spearman": 0.2715322098403847,
    "test_spearman": 0.2499346407660059,
    "spearman_gap": 0.021597569074378774,
    "train_rmse": 2.5435738689654985,
    "test_rmse": 2.560089405256933,
    "rmse_gap": -0.016515536291434724,
    "fold_mean": 0.2499346407660059,
    "fold_std": 0.009495829204724039,
    "fold_min": 0.24016036834435212,
    "fold_max": 0.26279697963246534
  },
  "ranking_mean": {
    "precision_at_5": 0.3333333333333333,
    "precision_at_10": 0.4333333333333333,
    "precision_at_30": 0.4444444444444444,
    "ndcg_at_5": 0.010502715055594858,
    "ndcg_at_10": 0.017895149742015812,
    "ndcg_at_30": 0.031708074505391946,
    "hit_rate_at_10": 1.0,
    "hit_rate_at_30": 1.0
  },
  "split_leakage_mean": {
    "train_rows": 5153.333333333333,
    "test_rows": 2576.6666666666665,
    "train_unique_drugs": 291.6666666666667,
    "test_unique_drugs": 288.3333333333333,
    "train_unique_scaffolds": 216.66666666666666,
    "test_unique_scaffolds": 213.33333333333334,
    "train_test_drug_overlap_count": 285.0,
    "train_test_drug_overlap_rate": 0.9884894243785997,
    "train_test_scaffold_overlap_count": 210.0,
    "train_test_scaffold_overlap_rate": 0.9844661262290259
  },
  "label_drift_mean": {
    "train_label_mean": 3.126741568247477,
    "test_label_mean": 3.126737912495931,
    "train_label_std": 2.625060240427653,
    "test_label_std": 2.6244657834370932,
    "label_mean_diff": 3.6557515462239585e-06,
    "label_ks_statistic": 0.02649029456841759,
    "label_ks_pvalue": 0.2171403552506631
  },
  "folds": [
    {
      "split_id": "cv_fold1",
      "train": {
        "spearman": 0.2755633035903525,
        "pearson": 0.2520415985596973,
        "kendall_tau": 0.19043911956752538,
        "rmse": 2.5362693939471685,
        "mae": 1.8983183540028707,
        "r2": 0.06328386699629074
      },
      "test": {
        "spearman": 0.24016036834435212,
        "pearson": 0.21385299266517133,
        "kendall_tau": 0.164343954181229,
        "rmse": 2.5745507385242195,
        "mae": 1.9335254076659787,
        "r2": 0.04471352931520778
      },
      "ranking": {
        "precision_at_5": 0.4,
        "precision_at_10": 0.4,
        "precision_at_30": 0.3,
        "ndcg_at_5": 0.00862857488890197,
        "ndcg_at_10": 0.013180299142109116,
        "ndcg_at_30": 0.018177601672484132,
        "hit_rate_at_10": 1.0,
        "hit_rate_at_30": 1.0
      },
      "split": {
        "train_rows": 5153,
        "test_rows": 2577,
        "train_unique_drugs": 294,
        "test_unique_drugs": 286,
        "train_unique_scaffolds": 219,
        "test_unique_scaffolds": 211,
        "train_test_drug_overlap_count": 285,
        "train_test_drug_overlap_rate": 0.9965034965034965,
        "train_test_scaffold_overlap_count": 210,
        "train_test_scaffold_overlap_rate": 0.995260663507109,
        "drug_overlap_rule_ok": true,
        "scaffold_overlap_rule_ok": true
      },
      "drift": {
        "train_label_mean": 3.1484804153442383,
        "test_label_mean": 3.0832760334014893,
        "train_label_std": 2.6205434799194336,
        "test_label_std": 2.6341145038604736,
        "label_mean_diff": 0.06520438194274902,
        "label_ks_statistic": 0.028447699841580278,
        "label_ks_pvalue": 0.12048829067256756
      }
    },
    {
      "split_id": "cv_fold2",
      "train": {
        "spearman": 0.27800895911122764,
        "pearson": 0.25324321852301634,
        "kendall_tau": 0.19113852666129494,
        "rmse": 2.5587957513820534,
        "mae": 1.9171260971299635,
        "r2": 0.06384257013773809
      },
      "test": {
        "spearman": 0.2468465743212002,
        "pearson": 0.21641261084257593,
        "kendall_tau": 0.17052286515955087,
        "rmse": 2.5279128284930747,
        "mae": 1.9232329831556931,
        "r2": 0.04310582751766934
      },
      "ranking": {
        "precision_at_5": 0.4,
        "precision_at_10": 0.3,
        "precision_at_30": 0.5333333333333333,
        "ndcg_at_5": 0.01671560880059108,
        "ndcg_at_10": 0.020288992020845577,
        "ndcg_at_30": 0.04330533906677731,
        "hit_rate_at_10": 1.0,
        "hit_rate_at_30": 1.0
      },
      "split": {
        "train_rows": 5153,
        "test_rows": 2577,
        "train_unique_drugs": 289,
        "test_unique_drugs": 291,
        "train_unique_scaffolds": 214,
        "test_unique_scaffolds": 216,
        "train_test_drug_overlap_count": 285,
        "train_test_drug_overlap_rate": 0.979381443298969,
        "train_test_scaffold_overlap_count": 210,
        "train_test_scaffold_overlap_rate": 0.9722222222222222,
        "drug_overlap_rule_ok": true,
        "scaffold_overlap_rule_ok": true
      },
      "drift": {
        "train_label_mean": 3.086256504058838,
        "test_label_mean": 3.2076992988586426,
        "train_label_std": 2.6446073055267334,
        "test_label_std": 2.584223747253418,
        "label_mean_diff": -0.12144279479980469,
        "label_ks_statistic": 0.030380560513780828,
        "label_ks_pvalue": 0.08145073769473357
      }
    },
    {
      "split_id": "cv_fold3",
      "train": {
        "spearman": 0.2610243668195738,
        "pearson": 0.23741389939388927,
        "kendall_tau": 0.17980609632645653,
        "rmse": 2.5356564615672723,
        "mae": 1.907533478623701,
        "r2": 0.0561785488934653
      },
      "test": {
        "spearman": 0.26279697963246534,
        "pearson": 0.24228246871524156,
        "kendall_tau": 0.1802711085290328,
        "rmse": 2.5778046487535042,
        "mae": 1.9062600405579186,
        "r2": 0.05734757072094443
      },
      "ranking": {
        "precision_at_5": 0.2,
        "precision_at_10": 0.6,
        "precision_at_30": 0.5,
        "ndcg_at_5": 0.0061639614772915265,
        "ndcg_at_10": 0.020216158063092755,
        "ndcg_at_30": 0.03364128277691439,
        "hit_rate_at_10": 1.0,
        "hit_rate_at_30": 1.0
      },
      "split": {
        "train_rows": 5154,
        "test_rows": 2576,
        "train_unique_drugs": 292,
        "test_unique_drugs": 288,
        "train_unique_scaffolds": 217,
        "test_unique_scaffolds": 213,
        "train_test_drug_overlap_count": 285,
        "train_test_drug_overlap_rate": 0.9895833333333334,
        "train_test_scaffold_overlap_count": 210,
        "train_test_scaffold_overlap_rate": 0.9859154929577465,
        "drug_overlap_rule_ok": true,
        "scaffold_overlap_rule_ok": true
      },
      "drift": {
        "train_label_mean": 3.1454877853393555,
        "test_label_mean": 3.089238405227661,
        "train_label_std": 2.610029935836792,
        "test_label_std": 2.6550590991973877,
        "label_mean_diff": 0.056249380111694336,
        "label_ks_statistic": 0.02064262334989166,
        "label_ks_pvalue": 0.44948203738468817
      }
    }
  ]
}