{
  "cancer": "brca",
  "track": "2B_numeric_smiles",
  "model": "ResidualMLP",
  "eval_mode": "groupcv",
  "core_mean": {
    "spearman": 0.4318926344196073,
    "pearson": 0.4838209350903829,
    "kendall_tau": 0.3032790053934242,
    "rmse": 2.3048193657545877,
    "mae": 1.7498190800348918,
    "r2": 0.22377020120620728
  },
  "overfit": {
    "train_spearman": 0.7893479466438293,
    "test_spearman": 0.43189263343811035,
    "spearman_gap": 0.3574553430080414,
    "train_rmse": 1.4254494905471802,
    "test_rmse": 2.304819345474243,
    "rmse_gap": -0.8793699145317078,
    "fold_mean": 0.43189263343811035,
    "fold_std": 0.026694053784012794,
    "fold_min": 0.39974987506866455,
    "fold_max": 0.465110182762146
  },
  "ranking_mean": {
    "precision_at_5": 0.9333333333333332,
    "precision_at_10": 0.8333333333333334,
    "precision_at_30": 0.7222222222222222,
    "ndcg_at_5": 0.35048271397482617,
    "ndcg_at_10": 0.3402314583209614,
    "ndcg_at_30": 0.3762529458412731,
    "hit_rate_at_10": 1.0,
    "hit_rate_at_30": 1.0
  },
  "split_leakage_mean": {
    "train_rows": 5153.333333333333,
    "test_rows": 2576.6666666666665,
    "train_unique_drugs": 196.66666666666666,
    "test_unique_drugs": 98.33333333333333,
    "train_unique_scaffolds": 151.66666666666666,
    "test_unique_scaffolds": 79.33333333333333,
    "train_test_drug_overlap_count": 0.0,
    "train_test_drug_overlap_rate": 0.0,
    "train_test_scaffold_overlap_count": 11.0,
    "train_test_scaffold_overlap_rate": 0.13833615608336078
  },
  "label_drift_mean": {
    "train_label_mean": 3.1267468134562173,
    "test_label_mean": 3.126758575439453,
    "train_label_std": 2.623774607976278,
    "test_label_std": 2.61930243174235,
    "label_mean_diff": -1.1761983235677084e-05,
    "label_ks_statistic": 0.057240233151776086,
    "label_ks_pvalue": 0.0004423519704285981
  },
  "imputation_summary": {
    "nan_imputation_applied": true,
    "nan_imputation_value": 0.0,
    "nan_before_count": 12276,
    "nan_after_count": 0,
    "inf_before_count": 0,
    "inf_after_count": 0,
    "imputation_scope": "model_input_only",
    "original_input_modified": false
  },
  "folds": [
    {
      "split_id": "groupcv_fold1",
      "train": {
        "spearman": 0.7836301591823098,
        "pearson": 0.8451023101806641,
        "kendall_tau": 0.6020606468013989,
        "rmse": 1.4136601924281758,
        "mae": 1.0501418113708496,
        "r2": 0.6914002895355225
      },
      "test": {
        "spearman": 0.46511016863839977,
        "pearson": 0.49078527092933655,
        "kendall_tau": 0.3297748061211203,
        "rmse": 2.445334144959615,
        "mae": 1.8228124380111694,
        "r2": 0.22347956895828247
      },
      "ranking": {
        "precision_at_5": 1.0,
        "precision_at_10": 0.8,
        "precision_at_30": 0.6,
        "ndcg_at_5": 0.17314162025611876,
        "ndcg_at_10": 0.14649817552330205,
        "ndcg_at_30": 0.16334005663358678,
        "hit_rate_at_10": 1.0,
        "hit_rate_at_30": 1.0
      },
      "split": {
        "train_rows": 5153,
        "test_rows": 2577,
        "train_unique_drugs": 197,
        "test_unique_drugs": 98,
        "train_unique_scaffolds": 155,
        "test_unique_scaffolds": 79,
        "train_test_drug_overlap_count": 0,
        "train_test_drug_overlap_rate": 0.0,
        "train_test_scaffold_overlap_count": 14,
        "train_test_scaffold_overlap_rate": 0.17721518987341772,
        "drug_overlap_rule_ok": true,
        "scaffold_overlap_rule_ok": true
      },
      "drift": {
        "train_label_mean": 3.189368486404419,
        "test_label_mean": 3.001516103744507,
        "train_label_std": 2.54476261138916,
        "test_label_std": 2.7749922275543213,
        "label_mean_diff": 0.1878523826599121,
        "label_ks_statistic": 0.04672609910129923,
        "label_ks_pvalue": 0.001045070763142173
      }
    },
    {
      "split_id": "groupcv_fold2",
      "train": {
        "spearman": 0.8154108979221188,
        "pearson": 0.8693872690200806,
        "kendall_tau": 0.6348143503748874,
        "rmse": 1.3985761009025819,
        "mae": 1.0856854915618896,
        "r2": 0.73555988073349
      },
      "test": {
        "spearman": 0.39974986085274455,
        "pearson": 0.421460896730423,
        "kendall_tau": 0.27587837091753237,
        "rmse": 2.203124458908123,
        "mae": 1.6764202117919922,
        "r2": 0.17487329244613647
      },
      "ranking": {
        "precision_at_5": 1.0,
        "precision_at_10": 1.0,
        "precision_at_30": 0.8,
        "ndcg_at_5": 0.3307366922117453,
        "ndcg_at_10": 0.39721738367160275,
        "ndcg_at_30": 0.38395302412989596,
        "hit_rate_at_10": 1.0,
        "hit_rate_at_30": 1.0
      },
      "split": {
        "train_rows": 5153,
        "test_rows": 2577,
        "train_unique_drugs": 196,
        "test_unique_drugs": 99,
        "train_unique_scaffolds": 152,
        "test_unique_scaffolds": 76,
        "train_test_drug_overlap_count": 0,
        "train_test_drug_overlap_rate": 0.0,
        "train_test_scaffold_overlap_count": 8,
        "train_test_scaffold_overlap_rate": 0.10526315789473684,
        "drug_overlap_rule_ok": true,
        "scaffold_overlap_rule_ok": true
      },
      "drift": {
        "train_label_mean": 3.124788284301758,
        "test_label_mean": 3.1306509971618652,
        "train_label_std": 2.7197089195251465,
        "test_label_std": 2.4253740310668945,
        "label_mean_diff": -0.005862712860107422,
        "label_ks_statistic": 0.050713815002483946,
        "label_ks_pvalue": 0.00028197411329578263
      }
    },
    {
      "split_id": "groupcv_fold3",
      "train": {
        "spearman": 0.7690029285435088,
        "pearson": 0.8389734625816345,
        "kendall_tau": 0.5868036808054505,
        "rmse": 1.4641122848204833,
        "mae": 1.0550172328948975,
        "r2": 0.6845606565475464
      },
      "test": {
        "spearman": 0.43081787376767755,
        "pearson": 0.5392166376113892,
        "kendall_tau": 0.3041838391416199,
        "rmse": 2.2659994933960257,
        "mae": 1.7502245903015137,
        "r2": 0.2729577422142029
      },
      "ranking": {
        "precision_at_5": 0.8,
        "precision_at_10": 0.7,
        "precision_at_30": 0.7666666666666667,
        "ndcg_at_5": 0.5475698294566144,
        "ndcg_at_10": 0.47697881576797946,
        "ndcg_at_30": 0.5814657567603366,
        "hit_rate_at_10": 1.0,
        "hit_rate_at_30": 1.0
      },
      "split": {
        "train_rows": 5154,
        "test_rows": 2576,
        "train_unique_drugs": 197,
        "test_unique_drugs": 98,
        "train_unique_scaffolds": 148,
        "test_unique_scaffolds": 83,
        "train_test_drug_overlap_count": 0,
        "train_test_drug_overlap_rate": 0.0,
        "train_test_scaffold_overlap_count": 11,
        "train_test_scaffold_overlap_rate": 0.13253012048192772,
        "drug_overlap_rule_ok": true,
        "scaffold_overlap_rule_ok": true
      },
      "drift": {
        "train_label_mean": 3.0660836696624756,
        "test_label_mean": 3.2481086254119873,
        "train_label_std": 2.6068522930145264,
        "test_label_std": 2.657541036605835,
        "label_mean_diff": -0.18202495574951172,
        "label_ks_statistic": 0.07428078535154509,
        "label_ks_pvalue": 1.1034847838719117e-08
      }
    }
  ]
}