{
  "cancer": "brca",
  "track": "2A_numeric",
  "model": "ElasticNet",
  "eval_mode": "groupcv",
  "core_mean": {
    "spearman": 0.2631148808059129,
    "pearson": 0.23953844110171,
    "kendall_tau": 0.18122142097274185,
    "rmse": 2.54797717182691,
    "mae": 1.9174668788909912,
    "r2": 0.054402669270833336
  },
  "overfit": {
    "train_spearman": 0.26827709136231453,
    "test_spearman": 0.2631148808059129,
    "spearman_gap": 0.005162210556401675,
    "train_rmse": 2.544478470487478,
    "test_rmse": 2.54797717182691,
    "rmse_gap": -0.0034987013394318645,
    "fold_mean": 0.2631148808059129,
    "fold_std": 0.02746627835241465,
    "fold_min": 0.24034215902197176,
    "fold_max": 0.30175279260259147
  },
  "ranking_mean": {
    "precision_at_5": 0.5333333333333333,
    "precision_at_10": 0.5666666666666668,
    "precision_at_30": 0.4888888888888889,
    "ndcg_at_5": 0.04683075378630617,
    "ndcg_at_10": 0.05065932571891948,
    "ndcg_at_30": 0.07062129270345001,
    "hit_rate_at_10": 1.0,
    "hit_rate_at_30": 1.0
  },
  "split_leakage_mean": {
    "train_rows": 5153.333333333333,
    "test_rows": 2576.6666666666665,
    "train_unique_drugs": 196.66666666666666,
    "test_unique_drugs": 98.33333333333333,
    "train_unique_scaffolds": 151.66666666666666,
    "test_unique_scaffolds": 79.33333333333333,
    "train_test_drug_overlap_count": 0.0,
    "train_test_drug_overlap_rate": 0.0,
    "train_test_scaffold_overlap_count": 11.0,
    "train_test_scaffold_overlap_rate": 0.13833615608336078
  },
  "label_drift_mean": {
    "train_label_mean": 3.1267468134562173,
    "test_label_mean": 3.126758575439453,
    "train_label_std": 2.623774607976278,
    "test_label_std": 2.61930243174235,
    "label_mean_diff": -1.1761983235677084e-05,
    "label_ks_statistic": 0.057240233151776086,
    "label_ks_pvalue": 0.0004423519704285981
  },
  "folds": [
    {
      "split_id": "groupcv_fold1",
      "train": {
        "spearman": 0.2764407711262354,
        "pearson": 0.25269705057144165,
        "kendall_tau": 0.19063176377905022,
        "rmse": 2.4621780417403847,
        "mae": 1.8449405431747437,
        "r2": 0.06385231018066406
      },
      "test": {
        "spearman": 0.24724969079317544,
        "pearson": 0.22284838557243347,
        "kendall_tau": 0.16981267339335954,
        "rmse": 2.71142626487086,
        "mae": 2.0144073963165283,
        "r2": 0.045288681983947754
      },
      "ranking": {
        "precision_at_5": 0.6,
        "precision_at_10": 0.6,
        "precision_at_30": 0.5333333333333333,
        "ndcg_at_5": 0.014973698213762321,
        "ndcg_at_10": 0.01699444953584331,
        "ndcg_at_30": 0.02437746067920646,
        "hit_rate_at_10": 1.0,
        "hit_rate_at_30": 1.0
      },
      "split": {
        "train_rows": 5153,
        "test_rows": 2577,
        "train_unique_drugs": 197,
        "test_unique_drugs": 98,
        "train_unique_scaffolds": 155,
        "test_unique_scaffolds": 79,
        "train_test_drug_overlap_count": 0,
        "train_test_drug_overlap_rate": 0.0,
        "train_test_scaffold_overlap_count": 14,
        "train_test_scaffold_overlap_rate": 0.17721518987341772,
        "drug_overlap_rule_ok": true,
        "scaffold_overlap_rule_ok": true
      },
      "drift": {
        "train_label_mean": 3.189368486404419,
        "test_label_mean": 3.001516103744507,
        "train_label_std": 2.54476261138916,
        "test_label_std": 2.7749922275543213,
        "label_mean_diff": 0.1878523826599121,
        "label_ks_statistic": 0.04672609910129923,
        "label_ks_pvalue": 0.001045070763142173
      }
    },
    {
      "split_id": "groupcv_fold2",
      "train": {
        "spearman": 0.2498708909399128,
        "pearson": 0.22716711461544037,
        "kendall_tau": 0.17173841790419794,
        "rmse": 2.648608536950456,
        "mae": 2.017871379852295,
        "r2": 0.05160188674926758
      },
      "test": {
        "spearman": 0.30175279260259147,
        "pearson": 0.27405333518981934,
        "kendall_tau": 0.20881184738102096,
        "rmse": 2.3330431712342516,
        "mae": 1.6998655796051025,
        "r2": 0.0746881365776062
      },
      "ranking": {
        "precision_at_5": 0.4,
        "precision_at_10": 0.5,
        "precision_at_30": 0.5,
        "ndcg_at_5": 0.10938790613063087,
        "ndcg_at_10": 0.11220585451108289,
        "ndcg_at_30": 0.1555986570056958,
        "hit_rate_at_10": 1.0,
        "hit_rate_at_30": 1.0
      },
      "split": {
        "train_rows": 5153,
        "test_rows": 2577,
        "train_unique_drugs": 196,
        "test_unique_drugs": 99,
        "train_unique_scaffolds": 152,
        "test_unique_scaffolds": 76,
        "train_test_drug_overlap_count": 0,
        "train_test_drug_overlap_rate": 0.0,
        "train_test_scaffold_overlap_count": 8,
        "train_test_scaffold_overlap_rate": 0.10526315789473684,
        "drug_overlap_rule_ok": true,
        "scaffold_overlap_rule_ok": true
      },
      "drift": {
        "train_label_mean": 3.124788284301758,
        "test_label_mean": 3.1306509971618652,
        "train_label_std": 2.7197089195251465,
        "test_label_std": 2.4253740310668945,
        "label_mean_diff": -0.005862712860107422,
        "label_ks_statistic": 0.050713815002483946,
        "label_ks_pvalue": 0.00028197411329578263
      }
    },
    {
      "split_id": "groupcv_fold3",
      "train": {
        "spearman": 0.2785196120207955,
        "pearson": 0.25211480259895325,
        "kendall_tau": 0.1921841954846987,
        "rmse": 2.522648832771594,
        "mae": 1.8671503067016602,
        "r2": 0.06355828046798706
      },
      "test": {
        "spearman": 0.24034215902197176,
        "pearson": 0.2217136025428772,
        "kendall_tau": 0.16503974214384512,
        "rmse": 2.599462079375619,
        "mae": 2.0381276607513428,
        "r2": 0.043231189250946045
      },
      "ranking": {
        "precision_at_5": 0.6,
        "precision_at_10": 0.6,
        "precision_at_30": 0.43333333333333335,
        "ndcg_at_5": 0.016130657014525318,
        "ndcg_at_10": 0.02277767310983222,
        "ndcg_at_30": 0.03188776042544776,
        "hit_rate_at_10": 1.0,
        "hit_rate_at_30": 1.0
      },
      "split": {
        "train_rows": 5154,
        "test_rows": 2576,
        "train_unique_drugs": 197,
        "test_unique_drugs": 98,
        "train_unique_scaffolds": 148,
        "test_unique_scaffolds": 83,
        "train_test_drug_overlap_count": 0,
        "train_test_drug_overlap_rate": 0.0,
        "train_test_scaffold_overlap_count": 11,
        "train_test_scaffold_overlap_rate": 0.13253012048192772,
        "drug_overlap_rule_ok": true,
        "scaffold_overlap_rule_ok": true
      },
      "drift": {
        "train_label_mean": 3.0660836696624756,
        "test_label_mean": 3.2481086254119873,
        "train_label_std": 2.6068522930145264,
        "test_label_std": 2.657541036605835,
        "label_mean_diff": -0.18202495574951172,
        "label_ks_statistic": 0.07428078535154509,
        "label_ks_pvalue": 1.1034847838719117e-08
      }
    }
  ]
}