{
  "cancer": "brca",
  "track": "2B_numeric_smiles",
  "model": "LightGBM",
  "eval_mode": "groupcv",
  "core_mean": {
    "spearman": 0.41763209411312113,
    "pearson": 0.45233147479679214,
    "kendall_tau": 0.29050627779300586,
    "rmse": 2.3654685174552426,
    "mae": 1.7997836450761646,
    "r2": 0.1773487636093792
  },
  "overfit": {
    "train_spearman": 0.803648716465417,
    "test_spearman": 0.41763209411312113,
    "spearman_gap": 0.38601662235229584,
    "train_rmse": 1.3388188168929538,
    "test_rmse": 2.3654685174552426,
    "rmse_gap": -1.0266497005622885,
    "fold_mean": 0.41763209411312113,
    "fold_std": 0.054858136787450565,
    "fold_min": 0.34319724075198815,
    "fold_max": 0.4737892201449426
  },
  "ranking_mean": {
    "precision_at_5": 0.6666666666666666,
    "precision_at_10": 0.5666666666666668,
    "precision_at_30": 0.4666666666666666,
    "ndcg_at_5": 0.0886801763501578,
    "ndcg_at_10": 0.11628795594945059,
    "ndcg_at_30": 0.17038089199448025,
    "hit_rate_at_10": 1.0,
    "hit_rate_at_30": 1.0
  },
  "split_leakage_mean": {
    "train_rows": 5153.333333333333,
    "test_rows": 2576.6666666666665,
    "train_unique_drugs": 196.66666666666666,
    "test_unique_drugs": 98.33333333333333,
    "train_unique_scaffolds": 151.66666666666666,
    "test_unique_scaffolds": 79.33333333333333,
    "train_test_drug_overlap_count": 0.0,
    "train_test_drug_overlap_rate": 0.0,
    "train_test_scaffold_overlap_count": 11.0,
    "train_test_scaffold_overlap_rate": 0.13833615608336078
  },
  "label_drift_mean": {
    "train_label_mean": 3.1267468134562173,
    "test_label_mean": 3.126758575439453,
    "train_label_std": 2.623774607976278,
    "test_label_std": 2.61930243174235,
    "label_mean_diff": -1.1761983235677084e-05,
    "label_ks_statistic": 0.057240233151776086,
    "label_ks_pvalue": 0.0004423519704285981
  },
  "folds": [
    {
      "split_id": "groupcv_fold1",
      "train": {
        "spearman": 0.7960067231253213,
        "pearson": 0.8621952475307789,
        "kendall_tau": 0.6158748233749091,
        "rmse": 1.3263000409924595,
        "mae": 0.9844738489962567,
        "r2": 0.7283629137845105
      },
      "test": {
        "spearman": 0.4737892201449426,
        "pearson": 0.4977905782648909,
        "kendall_tau": 0.33075699353946514,
        "rmse": 2.4459576846768716,
        "mae": 1.8163218858544348,
        "r2": 0.22308353269470627
      },
      "ranking": {
        "precision_at_5": 0.8,
        "precision_at_10": 0.8,
        "precision_at_30": 0.7666666666666667,
        "ndcg_at_5": 0.061011408685661225,
        "ndcg_at_10": 0.15978875969700224,
        "ndcg_at_30": 0.24573051005497726,
        "hit_rate_at_10": 1.0,
        "hit_rate_at_30": 1.0
      },
      "split": {
        "train_rows": 5153,
        "test_rows": 2577,
        "train_unique_drugs": 197,
        "test_unique_drugs": 98,
        "train_unique_scaffolds": 155,
        "test_unique_scaffolds": 79,
        "train_test_drug_overlap_count": 0,
        "train_test_drug_overlap_rate": 0.0,
        "train_test_scaffold_overlap_count": 14,
        "train_test_scaffold_overlap_rate": 0.17721518987341772,
        "drug_overlap_rule_ok": true,
        "scaffold_overlap_rule_ok": true
      },
      "drift": {
        "train_label_mean": 3.189368486404419,
        "test_label_mean": 3.001516103744507,
        "train_label_std": 2.54476261138916,
        "test_label_std": 2.7749922275543213,
        "label_mean_diff": 0.1878523826599121,
        "label_ks_statistic": 0.04672609910129923,
        "label_ks_pvalue": 0.001045070763142173
      }
    },
    {
      "split_id": "groupcv_fold2",
      "train": {
        "spearman": 0.8263443141817477,
        "pearson": 0.8844691443574622,
        "kendall_tau": 0.64781539820549,
        "rmse": 1.309165310409064,
        "mae": 0.9940312572450878,
        "r2": 0.7682903569406953
      },
      "test": {
        "spearman": 0.34319724075198815,
        "pearson": 0.3406340436500904,
        "kendall_tau": 0.23512900130751252,
        "rmse": 2.3689658020003863,
        "mae": 1.7830015938450712,
        "r2": 0.04597411291129461
      },
      "ranking": {
        "precision_at_5": 1.0,
        "precision_at_10": 0.8,
        "precision_at_30": 0.5,
        "ndcg_at_5": 0.19874204024405548,
        "ndcg_at_10": 0.1820591671299084,
        "ndcg_at_30": 0.16322186662092547,
        "hit_rate_at_10": 1.0,
        "hit_rate_at_30": 1.0
      },
      "split": {
        "train_rows": 5153,
        "test_rows": 2577,
        "train_unique_drugs": 196,
        "test_unique_drugs": 99,
        "train_unique_scaffolds": 152,
        "test_unique_scaffolds": 76,
        "train_test_drug_overlap_count": 0,
        "train_test_drug_overlap_rate": 0.0,
        "train_test_scaffold_overlap_count": 8,
        "train_test_scaffold_overlap_rate": 0.10526315789473684,
        "drug_overlap_rule_ok": true,
        "scaffold_overlap_rule_ok": true
      },
      "drift": {
        "train_label_mean": 3.124788284301758,
        "test_label_mean": 3.1306509971618652,
        "train_label_std": 2.7197089195251465,
        "test_label_std": 2.4253740310668945,
        "label_mean_diff": -0.005862712860107422,
        "label_ks_statistic": 0.050713815002483946,
        "label_ks_pvalue": 0.00028197411329578263
      }
    },
    {
      "split_id": "groupcv_fold3",
      "train": {
        "spearman": 0.7885951120891819,
        "pearson": 0.8565318580082982,
        "kendall_tau": 0.609393956972098,
        "rmse": 1.3809910992773378,
        "mae": 1.011566848343491,
        "r2": 0.7193604495068686
      },
      "test": {
        "spearman": 0.43590982144243257,
        "pearson": 0.5185698024753951,
        "kendall_tau": 0.30563283853203993,
        "rmse": 2.281482065688469,
        "mae": 1.8000274555289881,
        "r2": 0.2629886452221367
      },
      "ranking": {
        "precision_at_5": 0.2,
        "precision_at_10": 0.1,
        "precision_at_30": 0.13333333333333333,
        "ndcg_at_5": 0.006287080120756755,
        "ndcg_at_10": 0.007015941021441082,
        "ndcg_at_30": 0.10219029930753804,
        "hit_rate_at_10": 1.0,
        "hit_rate_at_30": 1.0
      },
      "split": {
        "train_rows": 5154,
        "test_rows": 2576,
        "train_unique_drugs": 197,
        "test_unique_drugs": 98,
        "train_unique_scaffolds": 148,
        "test_unique_scaffolds": 83,
        "train_test_drug_overlap_count": 0,
        "train_test_drug_overlap_rate": 0.0,
        "train_test_scaffold_overlap_count": 11,
        "train_test_scaffold_overlap_rate": 0.13253012048192772,
        "drug_overlap_rule_ok": true,
        "scaffold_overlap_rule_ok": true
      },
      "drift": {
        "train_label_mean": 3.0660836696624756,
        "test_label_mean": 3.2481086254119873,
        "train_label_std": 2.6068522930145264,
        "test_label_std": 2.657541036605835,
        "label_mean_diff": -0.18202495574951172,
        "label_ks_statistic": 0.07428078535154509,
        "label_ks_pvalue": 1.1034847838719117e-08
      }
    }
  ]
}