{
  "cancer": "brca",
  "track": "2B_numeric_smiles",
  "model": "XGBoost",
  "eval_mode": "groupcv",
  "core_mean": {
    "spearman": 0.4147013978746949,
    "pearson": 0.45382681488990784,
    "kendall_tau": 0.28809353540636884,
    "rmse": 2.3483643164826407,
    "mae": 1.7856577634811401,
    "r2": 0.190808375676473
  },
  "overfit": {
    "train_spearman": 0.8072288568380688,
    "test_spearman": 0.4147013978746949,
    "spearman_gap": 0.3925274589633739,
    "train_rmse": 1.345852247565863,
    "test_rmse": 2.3483643164826407,
    "rmse_gap": -1.0025120689167777,
    "fold_mean": 0.4147013978746949,
    "fold_std": 0.05134860291818427,
    "fold_min": 0.34645542536854107,
    "fold_max": 0.47031586988355467
  },
  "ranking_mean": {
    "precision_at_5": 0.4666666666666666,
    "precision_at_10": 0.4666666666666666,
    "precision_at_30": 0.4666666666666666,
    "ndcg_at_5": 0.07066402976900553,
    "ndcg_at_10": 0.06781464622046246,
    "ndcg_at_30": 0.11598670246450656,
    "hit_rate_at_10": 1.0,
    "hit_rate_at_30": 1.0
  },
  "split_leakage_mean": {
    "train_rows": 5153.333333333333,
    "test_rows": 2576.6666666666665,
    "train_unique_drugs": 196.66666666666666,
    "test_unique_drugs": 98.33333333333333,
    "train_unique_scaffolds": 151.66666666666666,
    "test_unique_scaffolds": 79.33333333333333,
    "train_test_drug_overlap_count": 0.0,
    "train_test_drug_overlap_rate": 0.0,
    "train_test_scaffold_overlap_count": 11.0,
    "train_test_scaffold_overlap_rate": 0.13833615608336078
  },
  "label_drift_mean": {
    "train_label_mean": 3.1267468134562173,
    "test_label_mean": 3.126758575439453,
    "train_label_std": 2.623774607976278,
    "test_label_std": 2.61930243174235,
    "label_mean_diff": -1.1761983235677084e-05,
    "label_ks_statistic": 0.057240233151776086,
    "label_ks_pvalue": 0.0004423519704285981
  },
  "folds": [
    {
      "split_id": "groupcv_fold1",
      "train": {
        "spearman": 0.8037797376922026,
        "pearson": 0.8667678833007812,
        "kendall_tau": 0.6251528582670055,
        "rmse": 1.335170503365031,
        "mae": 0.9969791769981384,
        "r2": 0.7247172594070435
      },
      "test": {
        "spearman": 0.47031586988355467,
        "pearson": 0.4902248680591583,
        "kendall_tau": 0.3278702505181494,
        "rmse": 2.4322203163502367,
        "mae": 1.7960810661315918,
        "r2": 0.2317858338356018
      },
      "ranking": {
        "precision_at_5": 0.6,
        "precision_at_10": 0.7,
        "precision_at_30": 0.5666666666666667,
        "ndcg_at_5": 0.01489572792561329,
        "ndcg_at_10": 0.02549819741462556,
        "ndcg_at_30": 0.028071436407764907,
        "hit_rate_at_10": 1.0,
        "hit_rate_at_30": 1.0
      },
      "split": {
        "train_rows": 5153,
        "test_rows": 2577,
        "train_unique_drugs": 197,
        "test_unique_drugs": 98,
        "train_unique_scaffolds": 155,
        "test_unique_scaffolds": 79,
        "train_test_drug_overlap_count": 0,
        "train_test_drug_overlap_rate": 0.0,
        "train_test_scaffold_overlap_count": 14,
        "train_test_scaffold_overlap_rate": 0.17721518987341772,
        "drug_overlap_rule_ok": true,
        "scaffold_overlap_rule_ok": true
      },
      "drift": {
        "train_label_mean": 3.189368486404419,
        "test_label_mean": 3.001516103744507,
        "train_label_std": 2.54476261138916,
        "test_label_std": 2.7749922275543213,
        "label_mean_diff": 0.1878523826599121,
        "label_ks_statistic": 0.04672609910129923,
        "label_ks_pvalue": 0.001045070763142173
      }
    },
    {
      "split_id": "groupcv_fold2",
      "train": {
        "spearman": 0.8286807024892483,
        "pearson": 0.8869603872299194,
        "kendall_tau": 0.6506602591555647,
        "rmse": 1.3205075994501843,
        "mae": 1.008293867111206,
        "r2": 0.7642580270767212
      },
      "test": {
        "spearman": 0.34645542536854107,
        "pearson": 0.35636425018310547,
        "kendall_tau": 0.2376797694849495,
        "rmse": 2.3198359863907756,
        "mae": 1.7415153980255127,
        "r2": 0.08513474464416504
      },
      "ranking": {
        "precision_at_5": 0.8,
        "precision_at_10": 0.6,
        "precision_at_30": 0.6333333333333333,
        "ndcg_at_5": 0.1929776630217891,
        "ndcg_at_10": 0.17073291828228124,
        "ndcg_at_30": 0.18366777749548427,
        "hit_rate_at_10": 1.0,
        "hit_rate_at_30": 1.0
      },
      "split": {
        "train_rows": 5153,
        "test_rows": 2577,
        "train_unique_drugs": 196,
        "test_unique_drugs": 99,
        "train_unique_scaffolds": 152,
        "test_unique_scaffolds": 76,
        "train_test_drug_overlap_count": 0,
        "train_test_drug_overlap_rate": 0.0,
        "train_test_scaffold_overlap_count": 8,
        "train_test_scaffold_overlap_rate": 0.10526315789473684,
        "drug_overlap_rule_ok": true,
        "scaffold_overlap_rule_ok": true
      },
      "drift": {
        "train_label_mean": 3.124788284301758,
        "test_label_mean": 3.1306509971618652,
        "train_label_std": 2.7197089195251465,
        "test_label_std": 2.4253740310668945,
        "label_mean_diff": -0.005862712860107422,
        "label_ks_statistic": 0.050713815002483946,
        "label_ks_pvalue": 0.00028197411329578263
      }
    },
    {
      "split_id": "groupcv_fold3",
      "train": {
        "spearman": 0.7892261303327555,
        "pearson": 0.8605287671089172,
        "kendall_tau": 0.6117337440689997,
        "rmse": 1.3818786398823737,
        "mae": 1.0157761573791504,
        "r2": 0.7189996242523193
      },
      "test": {
        "spearman": 0.4273328983719888,
        "pearson": 0.5148913264274597,
        "kendall_tau": 0.29873058621600757,
        "rmse": 2.2930366467069097,
        "mae": 1.819376826286316,
        "r2": 0.2555045485496521
      },
      "ranking": {
        "precision_at_5": 0.0,
        "precision_at_10": 0.1,
        "precision_at_30": 0.2,
        "ndcg_at_5": 0.004118698359614218,
        "ndcg_at_10": 0.007212822964480587,
        "ndcg_at_30": 0.13622089349027047,
        "hit_rate_at_10": 1.0,
        "hit_rate_at_30": 1.0
      },
      "split": {
        "train_rows": 5154,
        "test_rows": 2576,
        "train_unique_drugs": 197,
        "test_unique_drugs": 98,
        "train_unique_scaffolds": 148,
        "test_unique_scaffolds": 83,
        "train_test_drug_overlap_count": 0,
        "train_test_drug_overlap_rate": 0.0,
        "train_test_scaffold_overlap_count": 11,
        "train_test_scaffold_overlap_rate": 0.13253012048192772,
        "drug_overlap_rule_ok": true,
        "scaffold_overlap_rule_ok": true
      },
      "drift": {
        "train_label_mean": 3.0660836696624756,
        "test_label_mean": 3.2481086254119873,
        "train_label_std": 2.6068522930145264,
        "test_label_std": 2.657541036605835,
        "label_mean_diff": -0.18202495574951172,
        "label_ks_statistic": 0.07428078535154509,
        "label_ks_pvalue": 1.1034847838719117e-08
      }
    }
  ]
}