{
  "cancer": "brca",
  "track": "2B_numeric_smiles",
  "model": "ExtraTrees",
  "eval_mode": "groupcv",
  "core_mean": {
    "spearman": 0.3289136729879188,
    "pearson": 0.3628869974261996,
    "kendall_tau": 0.22775294582584346,
    "rmse": 2.5518055266711084,
    "mae": 1.9087497751326081,
    "r2": 0.04671564523015
  },
  "overfit": {
    "train_spearman": 0.9141875010358932,
    "test_spearman": 0.3289136729879188,
    "spearman_gap": 0.5852738280479743,
    "train_rmse": 0.898496472769362,
    "test_rmse": 2.5518055266711084,
    "rmse_gap": -1.6533090539017465,
    "fold_mean": 0.3289136729879188,
    "fold_std": 0.061386767096757,
    "fold_min": 0.270719685440762,
    "fold_max": 0.41380132567415256
  },
  "ranking_mean": {
    "precision_at_5": 0.8666666666666667,
    "precision_at_10": 0.7999999999999999,
    "precision_at_30": 0.6777777777777777,
    "ndcg_at_5": 0.28348952768482744,
    "ndcg_at_10": 0.3320650530336122,
    "ndcg_at_30": 0.3651282506121496,
    "hit_rate_at_10": 1.0,
    "hit_rate_at_30": 1.0
  },
  "split_leakage_mean": {
    "train_rows": 5153.333333333333,
    "test_rows": 2576.6666666666665,
    "train_unique_drugs": 196.66666666666666,
    "test_unique_drugs": 98.33333333333333,
    "train_unique_scaffolds": 151.66666666666666,
    "test_unique_scaffolds": 79.33333333333333,
    "train_test_drug_overlap_count": 0.0,
    "train_test_drug_overlap_rate": 0.0,
    "train_test_scaffold_overlap_count": 11.0,
    "train_test_scaffold_overlap_rate": 0.13833615608336078
  },
  "label_drift_mean": {
    "train_label_mean": 3.1267468134562173,
    "test_label_mean": 3.126758575439453,
    "train_label_std": 2.623774607976278,
    "test_label_std": 2.61930243174235,
    "label_mean_diff": -1.1761983235677084e-05,
    "label_ks_statistic": 0.057240233151776086,
    "label_ks_pvalue": 0.0004423519704285981
  },
  "folds": [
    {
      "split_id": "groupcv_fold1",
      "train": {
        "spearman": 0.9144431878707622,
        "pearson": 0.938441720588993,
        "kendall_tau": 0.836205196066607,
        "rmse": 0.8790566474300877,
        "mae": 0.29664720446171755,
        "r2": 0.8806728626691781
      },
      "test": {
        "spearman": 0.41380132567415256,
        "pearson": 0.38640305247380763,
        "kendall_tau": 0.2903382540427964,
        "rmse": 2.6893293051686045,
        "mae": 1.9431347691947456,
        "r2": 0.060786305055469
      },
      "ranking": {
        "precision_at_5": 1.0,
        "precision_at_10": 0.8,
        "precision_at_30": 0.6333333333333333,
        "ndcg_at_5": 0.049276399641274844,
        "ndcg_at_10": 0.046878583941649066,
        "ndcg_at_30": 0.06882439467251734,
        "hit_rate_at_10": 1.0,
        "hit_rate_at_30": 1.0
      },
      "split": {
        "train_rows": 5153,
        "test_rows": 2577,
        "train_unique_drugs": 197,
        "test_unique_drugs": 98,
        "train_unique_scaffolds": 155,
        "test_unique_scaffolds": 79,
        "train_test_drug_overlap_count": 0,
        "train_test_drug_overlap_rate": 0.0,
        "train_test_scaffold_overlap_count": 14,
        "train_test_scaffold_overlap_rate": 0.17721518987341772,
        "drug_overlap_rule_ok": true,
        "scaffold_overlap_rule_ok": true
      },
      "drift": {
        "train_label_mean": 3.189368486404419,
        "test_label_mean": 3.001516103744507,
        "train_label_std": 2.54476261138916,
        "test_label_std": 2.7749922275543213,
        "label_mean_diff": 0.1878523826599121,
        "label_ks_statistic": 0.04672609910129923,
        "label_ks_pvalue": 0.001045070763142173
      }
    },
    {
      "split_id": "groupcv_fold2",
      "train": {
        "spearman": 0.9256836052558802,
        "pearson": 0.9495619338588304,
        "kendall_tau": 0.846101186880088,
        "rmse": 0.852845118277369,
        "mae": 0.3154964542427088,
        "r2": 0.9016678656606887
      },
      "test": {
        "spearman": 0.3022200078488418,
        "pearson": 0.2627367486276616,
        "kendall_tau": 0.20533925727995922,
        "rmse": 2.4796849126125604,
        "mae": 1.8366629690296132,
        "r2": -0.04528706390884607
      },
      "ranking": {
        "precision_at_5": 0.8,
        "precision_at_10": 0.7,
        "precision_at_30": 0.5333333333333333,
        "ndcg_at_5": 0.15582799775893624,
        "ndcg_at_10": 0.16949068351202445,
        "ndcg_at_30": 0.1981791964491115,
        "hit_rate_at_10": 1.0,
        "hit_rate_at_30": 1.0
      },
      "split": {
        "train_rows": 5153,
        "test_rows": 2577,
        "train_unique_drugs": 196,
        "test_unique_drugs": 99,
        "train_unique_scaffolds": 152,
        "test_unique_scaffolds": 76,
        "train_test_drug_overlap_count": 0,
        "train_test_drug_overlap_rate": 0.0,
        "train_test_scaffold_overlap_count": 8,
        "train_test_scaffold_overlap_rate": 0.10526315789473684,
        "drug_overlap_rule_ok": true,
        "scaffold_overlap_rule_ok": true
      },
      "drift": {
        "train_label_mean": 3.124788284301758,
        "test_label_mean": 3.1306509971618652,
        "train_label_std": 2.7197089195251465,
        "test_label_std": 2.4253740310668945,
        "label_mean_diff": -0.005862712860107422,
        "label_ks_statistic": 0.050713815002483946,
        "label_ks_pvalue": 0.00028197411329578263
      }
    },
    {
      "split_id": "groupcv_fold3",
      "train": {
        "spearman": 0.9024357099810372,
        "pearson": 0.9291764627297082,
        "kendall_tau": 0.818506961002995,
        "rmse": 0.963587652600629,
        "mae": 0.33727217787829855,
        "r2": 0.8633688984484281
      },
      "test": {
        "spearman": 0.270719685440762,
        "pearson": 0.4395211911771294,
        "kendall_tau": 0.18758132615477474,
        "rmse": 2.486402362232161,
        "mae": 1.9464515871734658,
        "r2": 0.12464769454382707
      },
      "ranking": {
        "precision_at_5": 0.8,
        "precision_at_10": 0.9,
        "precision_at_30": 0.8666666666666667,
        "ndcg_at_5": 0.6453641856542712,
        "ndcg_at_10": 0.7798258916471632,
        "ndcg_at_30": 0.8283811607148198,
        "hit_rate_at_10": 1.0,
        "hit_rate_at_30": 1.0
      },
      "split": {
        "train_rows": 5154,
        "test_rows": 2576,
        "train_unique_drugs": 197,
        "test_unique_drugs": 98,
        "train_unique_scaffolds": 148,
        "test_unique_scaffolds": 83,
        "train_test_drug_overlap_count": 0,
        "train_test_drug_overlap_rate": 0.0,
        "train_test_scaffold_overlap_count": 11,
        "train_test_scaffold_overlap_rate": 0.13253012048192772,
        "drug_overlap_rule_ok": true,
        "scaffold_overlap_rule_ok": true
      },
      "drift": {
        "train_label_mean": 3.0660836696624756,
        "test_label_mean": 3.2481086254119873,
        "train_label_std": 2.6068522930145264,
        "test_label_std": 2.657541036605835,
        "label_mean_diff": -0.18202495574951172,
        "label_ks_statistic": 0.07428078535154509,
        "label_ks_pvalue": 1.1034847838719117e-08
      }
    }
  ]
}