{
  "cancer": "brca",
  "track": "2C_numeric_smiles_context",
  "model": "ExtraTrees",
  "eval_mode": "cv",
  "core_mean": {
    "spearman": 0.7629376106130237,
    "pearson": 0.8330032122764138,
    "kendall_tau": 0.5863877870044508,
    "rmse": 1.4559722513998012,
    "mae": 1.0523790054702182,
    "r2": 0.6921992146058131
  },
  "overfit": {
    "train_spearman": 0.9482789497329557,
    "test_spearman": 0.7629376106130237,
    "spearman_gap": 0.1853413391199321,
    "train_rmse": 0.7211396707570641,
    "test_rmse": 1.4559722513998012,
    "rmse_gap": -0.7348325806427373,
    "fold_mean": 0.7629376106130237,
    "fold_std": 0.015241293351226023,
    "fold_min": 0.7413837675497069,
    "fold_max": 0.7738538929305045
  },
  "ranking_mean": {
    "precision_at_5": 1.0,
    "precision_at_10": 1.0,
    "precision_at_30": 0.9888888888888889,
    "ndcg_at_5": 0.625310638301592,
    "ndcg_at_10": 0.7551228208252375,
    "ndcg_at_30": 0.839020930469614,
    "hit_rate_at_10": 1.0,
    "hit_rate_at_30": 1.0
  },
  "split_leakage_mean": {
    "train_rows": 5153.333333333333,
    "test_rows": 2576.6666666666665,
    "train_unique_drugs": 291.6666666666667,
    "test_unique_drugs": 288.3333333333333,
    "train_unique_scaffolds": 216.66666666666666,
    "test_unique_scaffolds": 213.33333333333334,
    "train_test_drug_overlap_count": 285.0,
    "train_test_drug_overlap_rate": 0.9884894243785997,
    "train_test_scaffold_overlap_count": 210.0,
    "train_test_scaffold_overlap_rate": 0.9844661262290259
  },
  "label_drift_mean": {
    "train_label_mean": 3.126741568247477,
    "test_label_mean": 3.126737912495931,
    "train_label_std": 2.625060240427653,
    "test_label_std": 2.6244657834370932,
    "label_mean_diff": 3.6557515462239585e-06,
    "label_ks_statistic": 0.02649029456841759,
    "label_ks_pvalue": 0.2171403552506631
  },
  "folds": [
    {
      "split_id": "cv_fold1",
      "train": {
        "spearman": 0.9494771010853243,
        "pearson": 0.9619555524576066,
        "kendall_tau": 0.8909606642737099,
        "rmse": 0.7159482052755684,
        "mae": 0.20851514244672972,
        "r2": 0.9253584846564695
      },
      "test": {
        "spearman": 0.7735751713588594,
        "pearson": 0.8383059718376463,
        "kendall_tau": 0.5957042788854862,
        "rmse": 1.440013322873178,
        "mae": 1.0395828039171016,
        "r2": 0.7011427905222796
      },
      "ranking": {
        "precision_at_5": 1.0,
        "precision_at_10": 1.0,
        "precision_at_30": 1.0,
        "ndcg_at_5": 0.48880730366609565,
        "ndcg_at_10": 0.6946134333922998,
        "ndcg_at_30": 0.7706692004785652,
        "hit_rate_at_10": 1.0,
        "hit_rate_at_30": 1.0
      },
      "split": {
        "train_rows": 5153,
        "test_rows": 2577,
        "train_unique_drugs": 294,
        "test_unique_drugs": 286,
        "train_unique_scaffolds": 219,
        "test_unique_scaffolds": 211,
        "train_test_drug_overlap_count": 285,
        "train_test_drug_overlap_rate": 0.9965034965034965,
        "train_test_scaffold_overlap_count": 210,
        "train_test_scaffold_overlap_rate": 0.995260663507109,
        "drug_overlap_rule_ok": true,
        "scaffold_overlap_rule_ok": true
      },
      "drift": {
        "train_label_mean": 3.1484804153442383,
        "test_label_mean": 3.0832760334014893,
        "train_label_std": 2.6205434799194336,
        "test_label_std": 2.6341145038604736,
        "label_mean_diff": 0.06520438194274902,
        "label_ks_statistic": 0.028447699841580278,
        "label_ks_pvalue": 0.12048829067256756
      }
    },
    {
      "split_id": "cv_fold2",
      "train": {
        "spearman": 0.9476618311931183,
        "pearson": 0.9612191801068426,
        "kendall_tau": 0.8872745821302301,
        "rmse": 0.7293445411021466,
        "mae": 0.2229291193753741,
        "r2": 0.9239423119175554
      },
      "test": {
        "spearman": 0.7738538929305045,
        "pearson": 0.8384356512867324,
        "kendall_tau": 0.5950704171673491,
        "rmse": 1.4097351396953728,
        "mae": 1.031878085562274,
        "r2": 0.70241243991229
      },
      "ranking": {
        "precision_at_5": 1.0,
        "precision_at_10": 1.0,
        "precision_at_30": 0.9666666666666667,
        "ndcg_at_5": 0.6550402118599142,
        "ndcg_at_10": 0.7509093843168232,
        "ndcg_at_30": 0.8571568378179697,
        "hit_rate_at_10": 1.0,
        "hit_rate_at_30": 1.0
      },
      "split": {
        "train_rows": 5153,
        "test_rows": 2577,
        "train_unique_drugs": 289,
        "test_unique_drugs": 291,
        "train_unique_scaffolds": 214,
        "test_unique_scaffolds": 216,
        "train_test_drug_overlap_count": 285,
        "train_test_drug_overlap_rate": 0.979381443298969,
        "train_test_scaffold_overlap_count": 210,
        "train_test_scaffold_overlap_rate": 0.9722222222222222,
        "drug_overlap_rule_ok": true,
        "scaffold_overlap_rule_ok": true
      },
      "drift": {
        "train_label_mean": 3.086256504058838,
        "test_label_mean": 3.2076992988586426,
        "train_label_std": 2.6446073055267334,
        "test_label_std": 2.584223747253418,
        "label_mean_diff": -0.12144279479980469,
        "label_ks_statistic": 0.030380560513780828,
        "label_ks_pvalue": 0.08145073769473357
      }
    },
    {
      "split_id": "cv_fold3",
      "train": {
        "spearman": 0.9476979169204246,
        "pearson": 0.9614038836515907,
        "kendall_tau": 0.8881011575641138,
        "rmse": 0.7181262658934773,
        "mae": 0.2156049759415266,
        "r2": 0.9242974271864032
      },
      "test": {
        "spearman": 0.7413837675497069,
        "pearson": 0.8222680137048628,
        "kendall_tau": 0.5683886649605174,
        "rmse": 1.5181682916308532,
        "mae": 1.0856761269312791,
        "r2": 0.6730424133828699
      },
      "ranking": {
        "precision_at_5": 1.0,
        "precision_at_10": 1.0,
        "precision_at_30": 1.0,
        "ndcg_at_5": 0.7320843993787661,
        "ndcg_at_10": 0.8198456447665895,
        "ndcg_at_30": 0.889236753112307,
        "hit_rate_at_10": 1.0,
        "hit_rate_at_30": 1.0
      },
      "split": {
        "train_rows": 5154,
        "test_rows": 2576,
        "train_unique_drugs": 292,
        "test_unique_drugs": 288,
        "train_unique_scaffolds": 217,
        "test_unique_scaffolds": 213,
        "train_test_drug_overlap_count": 285,
        "train_test_drug_overlap_rate": 0.9895833333333334,
        "train_test_scaffold_overlap_count": 210,
        "train_test_scaffold_overlap_rate": 0.9859154929577465,
        "drug_overlap_rule_ok": true,
        "scaffold_overlap_rule_ok": true
      },
      "drift": {
        "train_label_mean": 3.1454877853393555,
        "test_label_mean": 3.089238405227661,
        "train_label_std": 2.610029935836792,
        "test_label_std": 2.6550590991973877,
        "label_mean_diff": 0.056249380111694336,
        "label_ks_statistic": 0.02064262334989166,
        "label_ks_pvalue": 0.44948203738468817
      }
    }
  ]
}